[2026-09-07 11:58:25] local.ERROR: There are no commands defined in the "tinker" namespace. {"exception":"[object] (Symfony\\Component\\Console\\Exception\\NamespaceNotFoundException(code: 0): There are no commands defined in the \"tinker\" namespace. at C:/xamppnew/htdocs/SSP2-Assignment/Application/TyperDis/vendor/symfony/console/Application.php:716)
[stacktrace]
#0 C:/xamppnew/htdocs/SSP2-Assignment/Application/TyperDis/vendor/symfony/console/Application.php(769): Symfony/Component/Console/Application->findNamespace()
#1 C:/xamppnew/htdocs/SSP2-Assignment/Application/TyperDis/vendor/symfony/console/Application.php(321): Symfony/Component/Console/Application->find()
#2 C:/xamppnew/htdocs/SSP2-Assignment/Application/TyperDis/vendor/symfony/console/Application.php(218): Symfony/Component/Console/Application->doRun()
#3 C:/xamppnew/htdocs/SSP2-Assignment/Application/TyperDis/vendor/laravel/framework/src/Illuminate/Foundation/Console/Kernel.php(198): Symfony/Component/Console/Application->run()
#4 C:/xamppnew/htdocs/SSP2-Assignment/Application/TyperDis/vendor/laravel/framework/src/Illuminate/Foundation/Application.php(1242): Illuminate/Foundation/Console/Kernel->handle()
#5 C:/xamppnew/htdocs/SSP2-Assignment/Application/TyperDis/artisan(16): Illuminate/Foundation/Application->handleCommand()
#6 {main}
"} 
[2026-09-07 11:58:55] local.ERROR: Command "make:models" is not defined.

Did you mean one of these?
    make:cache-table
    make:cast
    make:channel
    make:class
    make:command
    make:component
    make:config
    make:controller
    make:enum
    make:event
    make:exception
    make:factory
    make:interface
    make:job
    make:job-middleware
    make:listener
    make:mail
    make:middleware
    make:migration
    make:model
    make:notification
    make:notifications-table
    make:observer
    make:policy
    make:provider
    make:queue-batches-table
    make:queue-failed-table
    make:queue-table
    make:request
    make:resource
    make:rule
    make:scope
    make:seeder
    make:session-table
    make:test
    make:trait
    make:view {"exception":"[object] (Symfony\\Component\\Console\\Exception\\CommandNotFoundException(code: 0): Command \"make:models\" is not defined.

Did you mean one of these?
    make:cache-table
    make:cast
    make:channel
    make:class
    make:command
    make:component
    make:config
    make:controller
    make:enum
    make:event
    make:exception
    make:factory
    make:interface
    make:job
    make:job-middleware
    make:listener
    make:mail
    make:middleware
    make:migration
    make:model
    make:notification
    make:notifications-table
    make:observer
    make:policy
    make:provider
    make:queue-batches-table
    make:queue-failed-table
    make:queue-table
    make:request
    make:resource
    make:rule
    make:scope
    make:seeder
    make:session-table
    make:test
    make:trait
    make:view at C:/xamppnew/htdocs/SSP2-Assignment/Application/TyperDis/vendor/symfony/console/Application.php:785)
[stacktrace]
#0 C:/xamppnew/htdocs/SSP2-Assignment/Application/TyperDis/vendor/symfony/console/Application.php(321): Symfony/Component/Console/Application->find()
#1 C:/xamppnew/htdocs/SSP2-Assignment/Application/TyperDis/vendor/symfony/console/Application.php(218): Symfony/Component/Console/Application->doRun()
#2 C:/xamppnew/htdocs/SSP2-Assignment/Application/TyperDis/vendor/laravel/framework/src/Illuminate/Foundation/Console/Kernel.php(198): Symfony/Component/Console/Application->run()
#3 C:/xamppnew/htdocs/SSP2-Assignment/Application/TyperDis/vendor/laravel/framework/src/Illuminate/Foundation/Application.php(1242): Illuminate/Foundation/Console/Kernel->handle()
#4 C:/xamppnew/htdocs/SSP2-Assignment/Application/TyperDis/artisan(16): Illuminate/Foundation/Application->handleCommand()
#5 {main}
"} 
[2026-09-07 12:08:17] local.ERROR: Command "make:Models" is not defined.

Did you mean one of these?
    make:cache-table
    make:cast
    make:channel
    make:class
    make:command
    make:component
    make:config
    make:controller
    make:enum
    make:event
    make:exception
    make:factory
    make:interface
    make:job
    make:job-middleware
    make:listener
    make:mail
    make:middleware
    make:migration
    make:model
    make:notification
    make:notifications-table
    make:observer
    make:policy
    make:provider
    make:queue-batches-table
    make:queue-failed-table
    make:queue-table
    make:request
    make:resource
    make:rule
    make:scope
    make:seeder
    make:session-table
    make:test
    make:trait
    make:view {"exception":"[object] (Symfony\\Component\\Console\\Exception\\CommandNotFoundException(code: 0): Command \"make:Models\" is not defined.

Did you mean one of these?
    make:cache-table
    make:cast
    make:channel
    make:class
    make:command
    make:component
    make:config
    make:controller
    make:enum
    make:event
    make:exception
    make:factory
    make:interface
    make:job
    make:job-middleware
    make:listener
    make:mail
    make:middleware
    make:migration
    make:model
    make:notification
    make:notifications-table
    make:observer
    make:policy
    make:provider
    make:queue-batches-table
    make:queue-failed-table
    make:queue-table
    make:request
    make:resource
    make:rule
    make:scope
    make:seeder
    make:session-table
    make:test
    make:trait
    make:view at C:/xamppnew/htdocs/SSP2-Assignment/Application/TyperDis/vendor/symfony/console/Application.php:785)
[stacktrace]
#0 C:/xamppnew/htdocs/SSP2-Assignment/Application/TyperDis/vendor/symfony/console/Application.php(321): Symfony/Component/Console/Application->find()
#1 C:/xamppnew/htdocs/SSP2-Assignment/Application/TyperDis/vendor/symfony/console/Application.php(218): Symfony/Component/Console/Application->doRun()
#2 C:/xamppnew/htdocs/SSP2-Assignment/Application/TyperDis/vendor/laravel/framework/src/Illuminate/Foundation/Console/Kernel.php(198): Symfony/Component/Console/Application->run()
#3 C:/xamppnew/htdocs/SSP2-Assignment/Application/TyperDis/vendor/laravel/framework/src/Illuminate/Foundation/Application.php(1242): Illuminate/Foundation/Console/Kernel->handle()
#4 C:/xamppnew/htdocs/SSP2-Assignment/Application/TyperDis/artisan(16): Illuminate/Foundation/Application->handleCommand()
#5 {main}
"} 
[2026-09-09 13:44:53] local.ERROR: Database file at path [C:\xamppnew\htdocs\SSP2-Assignment\Application\TyperDis\database\database.sqlite] does not exist. Ensure this is an absolute path to the database. (Connection: sqlite, Database: C:\xamppnew\htdocs\SSP2-Assignment\Application\TyperDis\database\database.sqlite, SQL: delete from "cache") {"exception":"[object] (Illuminate\\Database\\QueryException(code: 0): Database file at path [C:\\xamppnew\\htdocs\\SSP2-Assignment\\Application\\TyperDis\\database\\database.sqlite] does not exist. Ensure this is an absolute path to the database. (Connection: sqlite, Database: C:\\xamppnew\\htdocs\\SSP2-Assignment\\Application\\TyperDis\\database\\database.sqlite, SQL: delete from \"cache\") at C:/xamppnew/htdocs/SSP2-Assignment/Application/TyperDis/vendor/laravel/framework/src/Illuminate/Database/Connection.php:857)
[stacktrace]
#0 C:/xamppnew/htdocs/SSP2-Assignment/Application/TyperDis/vendor/laravel/framework/src/Illuminate/Database/Connection.php(813): Illuminate/Database/Connection->runQueryCallback()
#1 C:/xamppnew/htdocs/SSP2-Assignment/Application/TyperDis/vendor/laravel/framework/src/Illuminate/Database/Connection.php(614): Illuminate/Database/Connection->run()
#2 C:/xamppnew/htdocs/SSP2-Assignment/Application/TyperDis/vendor/laravel/framework/src/Illuminate/Database/Connection.php(578): Illuminate/Database/Connection->affectingStatement()
#3 C:/xamppnew/htdocs/SSP2-Assignment/Application/TyperDis/vendor/laravel/framework/src/Illuminate/Database/Query/Builder.php(4576): Illuminate/Database/Connection->delete()
#4 C:/xamppnew/htdocs/SSP2-Assignment/Application/TyperDis/vendor/laravel/framework/src/Illuminate/Cache/DatabaseStore.php(450): Illuminate/Database/Query/Builder->delete()
#5 C:/xamppnew/htdocs/SSP2-Assignment/Application/TyperDis/vendor/laravel/framework/src/Illuminate/Cache/Repository.php(1086): Illuminate/Cache/DatabaseStore->flush()
#6 C:/xamppnew/htdocs/SSP2-Assignment/Application/TyperDis/vendor/laravel/framework/src/Illuminate/Cache/Console/ClearCommand.php(81): Illuminate/Cache/Repository->__call()
#7 C:/xamppnew/htdocs/SSP2-Assignment/Application/TyperDis/vendor/laravel/framework/src/Illuminate/Container/BoundMethod.php(36): Illuminate/Cache/Console/ClearCommand->handle()
#8 C:/xamppnew/htdocs/SSP2-Assignment/Application/TyperDis/vendor/laravel/framework/src/Illuminate/Container/Util.php(43): Illuminate/Container/BoundMethod::{closure:Illuminate/Container/BoundMethod::call():35}()
#9 C:/xamppnew/htdocs/SSP2-Assignment/Application/TyperDis/vendor/laravel/framework/src/Illuminate/Container/BoundMethod.php(96): Illuminate/Container/Util::unwrapIfClosure()
#10 C:/xamppnew/htdocs/SSP2-Assignment/Application/TyperDis/vendor/laravel/framework/src/Illuminate/Container/BoundMethod.php(35): Illuminate/Container/BoundMethod::callBoundMethod()
#11 C:/xamppnew/htdocs/SSP2-Assignment/Application/TyperDis/vendor/laravel/framework/src/Illuminate/Container/Container.php(803): Illuminate/Container/BoundMethod::call()
#12 C:/xamppnew/htdocs/SSP2-Assignment/Application/TyperDis/vendor/laravel/framework/src/Illuminate/Console/Command.php(292): Illuminate/Container/Container->call()
#13 C:/xamppnew/htdocs/SSP2-Assignment/Application/TyperDis/vendor/symfony/console/Command/Command.php(285): Illuminate/Console/Command->execute()
#14 C:/xamppnew/htdocs/SSP2-Assignment/Application/TyperDis/vendor/laravel/framework/src/Illuminate/Console/Command.php(261): Symfony/Component/Console/Command/Command->run()
#15 C:/xamppnew/htdocs/SSP2-Assignment/Application/TyperDis/vendor/laravel/framework/src/Illuminate/Console/Concerns/CallsCommands.php(68): Illuminate/Console/Command->run()
#16 C:/xamppnew/htdocs/SSP2-Assignment/Application/TyperDis/vendor/laravel/framework/src/Illuminate/Console/Concerns/CallsCommands.php(41): Illuminate/Console/Command->runCommand()
#17 C:/xamppnew/htdocs/SSP2-Assignment/Application/TyperDis/vendor/laravel/framework/src/Illuminate/Console/Concerns/CallsCommands.php(53): Illuminate/Console/Command->callSilent()
#18 C:/xamppnew/htdocs/SSP2-Assignment/Application/TyperDis/vendor/laravel/framework/src/Illuminate/Foundation/Console/OptimizeClearCommand.php(48): Illuminate/Console/Command->callSilently()
#19 C:/xamppnew/htdocs/SSP2-Assignment/Application/TyperDis/vendor/laravel/framework/src/Illuminate/Console/View/Components/Task.php(43): Illuminate/Foundation/Console/OptimizeClearCommand->{closure:Illuminate/Foundation/Console/OptimizeClearCommand::handle():48}()
#20 C:/xamppnew/htdocs/SSP2-Assignment/Application/TyperDis/vendor/laravel/framework/src/Illuminate/Console/View/Components/Factory.php(61): Illuminate/Console/View/Components/Task->render()
#21 C:/xamppnew/htdocs/SSP2-Assignment/Application/TyperDis/vendor/laravel/framework/src/Illuminate/Foundation/Console/OptimizeClearCommand.php(48): Illuminate/Console/View/Components/Factory->__call()
#22 C:/xamppnew/htdocs/SSP2-Assignment/Application/TyperDis/vendor/laravel/framework/src/Illuminate/Container/BoundMethod.php(36): Illuminate/Foundation/Console/OptimizeClearCommand->handle()
#23 C:/xamppnew/htdocs/SSP2-Assignment/Application/TyperDis/vendor/laravel/framework/src/Illuminate/Container/Util.php(43): Illuminate/Container/BoundMethod::{closure:Illuminate/Container/BoundMethod::call():35}()
#24 C:/xamppnew/htdocs/SSP2-Assignment/Application/TyperDis/vendor/laravel/framework/src/Illuminate/Container/BoundMethod.php(96): Illuminate/Container/Util::unwrapIfClosure()
#25 C:/xamppnew/htdocs/SSP2-Assignment/Application/TyperDis/vendor/laravel/framework/src/Illuminate/Container/BoundMethod.php(35): Illuminate/Container/BoundMethod::callBoundMethod()
#26 C:/xamppnew/htdocs/SSP2-Assignment/Application/TyperDis/vendor/laravel/framework/src/Illuminate/Container/Container.php(803): Illuminate/Container/BoundMethod::call()
#27 C:/xamppnew/htdocs/SSP2-Assignment/Application/TyperDis/vendor/laravel/framework/src/Illuminate/Console/Command.php(292): Illuminate/Container/Container->call()
#28 C:/xamppnew/htdocs/SSP2-Assignment/Application/TyperDis/vendor/symfony/console/Command/Command.php(285): Illuminate/Console/Command->execute()
#29 C:/xamppnew/htdocs/SSP2-Assignment/Application/TyperDis/vendor/laravel/framework/src/Illuminate/Console/Command.php(261): Symfony/Component/Console/Command/Command->run()
#30 C:/xamppnew/htdocs/SSP2-Assignment/Application/TyperDis/vendor/symfony/console/Application.php(1144): Illuminate/Console/Command->run()
#31 C:/xamppnew/htdocs/SSP2-Assignment/Application/TyperDis/vendor/symfony/console/Application.php(379): Symfony/Component/Console/Application->doRunCommand()
#32 C:/xamppnew/htdocs/SSP2-Assignment/Application/TyperDis/vendor/symfony/console/Application.php(218): Symfony/Component/Console/Application->doRun()
#33 C:/xamppnew/htdocs/SSP2-Assignment/Application/TyperDis/vendor/laravel/framework/src/Illuminate/Foundation/Console/Kernel.php(198): Symfony/Component/Console/Application->run()
#34 C:/xamppnew/htdocs/SSP2-Assignment/Application/TyperDis/vendor/laravel/framework/src/Illuminate/Foundation/Application.php(1242): Illuminate/Foundation/Console/Kernel->handle()
#35 C:/xamppnew/htdocs/SSP2-Assignment/Application/TyperDis/artisan(16): Illuminate/Foundation/Application->handleCommand()
#36 {main}

[previous exception] [object] (Illuminate\\Database\\SQLiteDatabaseDoesNotExistException(code: 0): Database file at path [C:\\xamppnew\\htdocs\\SSP2-Assignment\\Application\\TyperDis\\database\\database.sqlite] does not exist. Ensure this is an absolute path to the database. at C:/xamppnew/htdocs/SSP2-Assignment/Application/TyperDis/vendor/laravel/framework/src/Illuminate/Database/Connectors/SQLiteConnector.php:61)
[stacktrace]
#0 C:/xamppnew/htdocs/SSP2-Assignment/Application/TyperDis/vendor/laravel/framework/src/Illuminate/Database/Connectors/SQLiteConnector.php(19): Illuminate/Database/Connectors/SQLiteConnector->parseDatabasePath()
#1 C:/xamppnew/htdocs/SSP2-Assignment/Application/TyperDis/vendor/laravel/framework/src/Illuminate/Database/Connectors/ConnectionFactory.php(259): Illuminate/Database/Connectors/SQLiteConnector->connect()
#2 [internal function]: Illuminate/Database/Connectors/ConnectionFactory->{closure:Illuminate/Database/Connectors/ConnectionFactory::createPdoResolverWithoutHosts():259}()
#3 C:/xamppnew/htdocs/SSP2-Assignment/Application/TyperDis/vendor/laravel/framework/src/Illuminate/Database/Connection.php(1298): call_user_func()
#4 C:/xamppnew/htdocs/SSP2-Assignment/Application/TyperDis/vendor/laravel/framework/src/Illuminate/Database/Connection.php(622): Illuminate/Database/Connection->getPdo()
#5 C:/xamppnew/htdocs/SSP2-Assignment/Application/TyperDis/vendor/laravel/framework/src/Illuminate/Database/Connection.php(846): Illuminate/Database/Connection->{closure:Illuminate/Database/Connection::affectingStatement():614}()
#6 C:/xamppnew/htdocs/SSP2-Assignment/Application/TyperDis/vendor/laravel/framework/src/Illuminate/Database/Connection.php(813): Illuminate/Database/Connection->runQueryCallback()
#7 C:/xamppnew/htdocs/SSP2-Assignment/Application/TyperDis/vendor/laravel/framework/src/Illuminate/Database/Connection.php(614): Illuminate/Database/Connection->run()
#8 C:/xamppnew/htdocs/SSP2-Assignment/Application/TyperDis/vendor/laravel/framework/src/Illuminate/Database/Connection.php(578): Illuminate/Database/Connection->affectingStatement()
#9 C:/xamppnew/htdocs/SSP2-Assignment/Application/TyperDis/vendor/laravel/framework/src/Illuminate/Database/Query/Builder.php(4576): Illuminate/Database/Connection->delete()
#10 C:/xamppnew/htdocs/SSP2-Assignment/Application/TyperDis/vendor/laravel/framework/src/Illuminate/Cache/DatabaseStore.php(450): Illuminate/Database/Query/Builder->delete()
#11 C:/xamppnew/htdocs/SSP2-Assignment/Application/TyperDis/vendor/laravel/framework/src/Illuminate/Cache/Repository.php(1086): Illuminate/Cache/DatabaseStore->flush()
#12 C:/xamppnew/htdocs/SSP2-Assignment/Application/TyperDis/vendor/laravel/framework/src/Illuminate/Cache/Console/ClearCommand.php(81): Illuminate/Cache/Repository->__call()
#13 C:/xamppnew/htdocs/SSP2-Assignment/Application/TyperDis/vendor/laravel/framework/src/Illuminate/Container/BoundMethod.php(36): Illuminate/Cache/Console/ClearCommand->handle()
#14 C:/xamppnew/htdocs/SSP2-Assignment/Application/TyperDis/vendor/laravel/framework/src/Illuminate/Container/Util.php(43): Illuminate/Container/BoundMethod::{closure:Illuminate/Container/BoundMethod::call():35}()
#15 C:/xamppnew/htdocs/SSP2-Assignment/Application/TyperDis/vendor/laravel/framework/src/Illuminate/Container/BoundMethod.php(96): Illuminate/Container/Util::unwrapIfClosure()
#16 C:/xamppnew/htdocs/SSP2-Assignment/Application/TyperDis/vendor/laravel/framework/src/Illuminate/Container/BoundMethod.php(35): Illuminate/Container/BoundMethod::callBoundMethod()
#17 C:/xamppnew/htdocs/SSP2-Assignment/Application/TyperDis/vendor/laravel/framework/src/Illuminate/Container/Container.php(803): Illuminate/Container/BoundMethod::call()
#18 C:/xamppnew/htdocs/SSP2-Assignment/Application/TyperDis/vendor/laravel/framework/src/Illuminate/Console/Command.php(292): Illuminate/Container/Container->call()
#19 C:/xamppnew/htdocs/SSP2-Assignment/Application/TyperDis/vendor/symfony/console/Command/Command.php(285): Illuminate/Console/Command->execute()
#20 C:/xamppnew/htdocs/SSP2-Assignment/Application/TyperDis/vendor/laravel/framework/src/Illuminate/Console/Command.php(261): Symfony/Component/Console/Command/Command->run()
#21 C:/xamppnew/htdocs/SSP2-Assignment/Application/TyperDis/vendor/laravel/framework/src/Illuminate/Console/Concerns/CallsCommands.php(68): Illuminate/Console/Command->run()
#22 C:/xamppnew/htdocs/SSP2-Assignment/Application/TyperDis/vendor/laravel/framework/src/Illuminate/Console/Concerns/CallsCommands.php(41): Illuminate/Console/Command->runCommand()
#23 C:/xamppnew/htdocs/SSP2-Assignment/Application/TyperDis/vendor/laravel/framework/src/Illuminate/Console/Concerns/CallsCommands.php(53): Illuminate/Console/Command->callSilent()
#24 C:/xamppnew/htdocs/SSP2-Assignment/Application/TyperDis/vendor/laravel/framework/src/Illuminate/Foundation/Console/OptimizeClearCommand.php(48): Illuminate/Console/Command->callSilently()
#25 C:/xamppnew/htdocs/SSP2-Assignment/Application/TyperDis/vendor/laravel/framework/src/Illuminate/Console/View/Components/Task.php(43): Illuminate/Foundation/Console/OptimizeClearCommand->{closure:Illuminate/Foundation/Console/OptimizeClearCommand::handle():48}()
#26 C:/xamppnew/htdocs/SSP2-Assignment/Application/TyperDis/vendor/laravel/framework/src/Illuminate/Console/View/Components/Factory.php(61): Illuminate/Console/View/Components/Task->render()
#27 C:/xamppnew/htdocs/SSP2-Assignment/Application/TyperDis/vendor/laravel/framework/src/Illuminate/Foundation/Console/OptimizeClearCommand.php(48): Illuminate/Console/View/Components/Factory->__call()
#28 C:/xamppnew/htdocs/SSP2-Assignment/Application/TyperDis/vendor/laravel/framework/src/Illuminate/Container/BoundMethod.php(36): Illuminate/Foundation/Console/OptimizeClearCommand->handle()
#29 C:/xamppnew/htdocs/SSP2-Assignment/Application/TyperDis/vendor/laravel/framework/src/Illuminate/Container/Util.php(43): Illuminate/Container/BoundMethod::{closure:Illuminate/Container/BoundMethod::call():35}()
#30 C:/xamppnew/htdocs/SSP2-Assignment/Application/TyperDis/vendor/laravel/framework/src/Illuminate/Container/BoundMethod.php(96): Illuminate/Container/Util::unwrapIfClosure()
#31 C:/xamppnew/htdocs/SSP2-Assignment/Application/TyperDis/vendor/laravel/framework/src/Illuminate/Container/BoundMethod.php(35): Illuminate/Container/BoundMethod::callBoundMethod()
#32 C:/xamppnew/htdocs/SSP2-Assignment/Application/TyperDis/vendor/laravel/framework/src/Illuminate/Container/Container.php(803): Illuminate/Container/BoundMethod::call()
#33 C:/xamppnew/htdocs/SSP2-Assignment/Application/TyperDis/vendor/laravel/framework/src/Illuminate/Console/Command.php(292): Illuminate/Container/Container->call()
#34 C:/xamppnew/htdocs/SSP2-Assignment/Application/TyperDis/vendor/symfony/console/Command/Command.php(285): Illuminate/Console/Command->execute()
#35 C:/xamppnew/htdocs/SSP2-Assignment/Application/TyperDis/vendor/laravel/framework/src/Illuminate/Console/Command.php(261): Symfony/Component/Console/Command/Command->run()
#36 C:/xamppnew/htdocs/SSP2-Assignment/Application/TyperDis/vendor/symfony/console/Application.php(1144): Illuminate/Console/Command->run()
#37 C:/xamppnew/htdocs/SSP2-Assignment/Application/TyperDis/vendor/symfony/console/Application.php(379): Symfony/Component/Console/Application->doRunCommand()
#38 C:/xamppnew/htdocs/SSP2-Assignment/Application/TyperDis/vendor/symfony/console/Application.php(218): Symfony/Component/Console/Application->doRun()
#39 C:/xamppnew/htdocs/SSP2-Assignment/Application/TyperDis/vendor/laravel/framework/src/Illuminate/Foundation/Console/Kernel.php(198): Symfony/Component/Console/Application->run()
#40 C:/xamppnew/htdocs/SSP2-Assignment/Application/TyperDis/vendor/laravel/framework/src/Illuminate/Foundation/Application.php(1242): Illuminate/Foundation/Console/Kernel->handle()
#41 C:/xamppnew/htdocs/SSP2-Assignment/Application/TyperDis/artisan(16): Illuminate/Foundation/Application->handleCommand()
#42 {main}
"} 
[2026-09-09 13:47:18] local.ERROR: Database file at path [C:\xamppnew\htdocs\SSP2-Assignment\Application\TyperDis\database\database.sqlite] does not exist. Ensure this is an absolute path to the database. (Connection: sqlite, Database: C:\xamppnew\htdocs\SSP2-Assignment\Application\TyperDis\database\database.sqlite, SQL: delete from "cache") {"exception":"[object] (Illuminate\\Database\\QueryException(code: 0): Database file at path [C:\\xamppnew\\htdocs\\SSP2-Assignment\\Application\\TyperDis\\database\\database.sqlite] does not exist. Ensure this is an absolute path to the database. (Connection: sqlite, Database: C:\\xamppnew\\htdocs\\SSP2-Assignment\\Application\\TyperDis\\database\\database.sqlite, SQL: delete from \"cache\") at C:/xamppnew/htdocs/SSP2-Assignment/Application/TyperDis/vendor/laravel/framework/src/Illuminate/Database/Connection.php:857)
[stacktrace]
#0 C:/xamppnew/htdocs/SSP2-Assignment/Application/TyperDis/vendor/laravel/framework/src/Illuminate/Database/Connection.php(813): Illuminate/Database/Connection->runQueryCallback()
#1 C:/xamppnew/htdocs/SSP2-Assignment/Application/TyperDis/vendor/laravel/framework/src/Illuminate/Database/Connection.php(614): Illuminate/Database/Connection->run()
#2 C:/xamppnew/htdocs/SSP2-Assignment/Application/TyperDis/vendor/laravel/framework/src/Illuminate/Database/Connection.php(578): Illuminate/Database/Connection->affectingStatement()
#3 C:/xamppnew/htdocs/SSP2-Assignment/Application/TyperDis/vendor/laravel/framework/src/Illuminate/Database/Query/Builder.php(4576): Illuminate/Database/Connection->delete()
#4 C:/xamppnew/htdocs/SSP2-Assignment/Application/TyperDis/vendor/laravel/framework/src/Illuminate/Cache/DatabaseStore.php(450): Illuminate/Database/Query/Builder->delete()
#5 C:/xamppnew/htdocs/SSP2-Assignment/Application/TyperDis/vendor/laravel/framework/src/Illuminate/Cache/Repository.php(1086): Illuminate/Cache/DatabaseStore->flush()
#6 C:/xamppnew/htdocs/SSP2-Assignment/Application/TyperDis/vendor/laravel/framework/src/Illuminate/Cache/Console/ClearCommand.php(81): Illuminate/Cache/Repository->__call()
#7 C:/xamppnew/htdocs/SSP2-Assignment/Application/TyperDis/vendor/laravel/framework/src/Illuminate/Container/BoundMethod.php(36): Illuminate/Cache/Console/ClearCommand->handle()
#8 C:/xamppnew/htdocs/SSP2-Assignment/Application/TyperDis/vendor/laravel/framework/src/Illuminate/Container/Util.php(43): Illuminate/Container/BoundMethod::{closure:Illuminate/Container/BoundMethod::call():35}()
#9 C:/xamppnew/htdocs/SSP2-Assignment/Application/TyperDis/vendor/laravel/framework/src/Illuminate/Container/BoundMethod.php(96): Illuminate/Container/Util::unwrapIfClosure()
#10 C:/xamppnew/htdocs/SSP2-Assignment/Application/TyperDis/vendor/laravel/framework/src/Illuminate/Container/BoundMethod.php(35): Illuminate/Container/BoundMethod::callBoundMethod()
#11 C:/xamppnew/htdocs/SSP2-Assignment/Application/TyperDis/vendor/laravel/framework/src/Illuminate/Container/Container.php(803): Illuminate/Container/BoundMethod::call()
#12 C:/xamppnew/htdocs/SSP2-Assignment/Application/TyperDis/vendor/laravel/framework/src/Illuminate/Console/Command.php(292): Illuminate/Container/Container->call()
#13 C:/xamppnew/htdocs/SSP2-Assignment/Application/TyperDis/vendor/symfony/console/Command/Command.php(285): Illuminate/Console/Command->execute()
#14 C:/xamppnew/htdocs/SSP2-Assignment/Application/TyperDis/vendor/laravel/framework/src/Illuminate/Console/Command.php(261): Symfony/Component/Console/Command/Command->run()
#15 C:/xamppnew/htdocs/SSP2-Assignment/Application/TyperDis/vendor/symfony/console/Application.php(1144): Illuminate/Console/Command->run()
#16 C:/xamppnew/htdocs/SSP2-Assignment/Application/TyperDis/vendor/symfony/console/Application.php(379): Symfony/Component/Console/Application->doRunCommand()
#17 C:/xamppnew/htdocs/SSP2-Assignment/Application/TyperDis/vendor/symfony/console/Application.php(218): Symfony/Component/Console/Application->doRun()
#18 C:/xamppnew/htdocs/SSP2-Assignment/Application/TyperDis/vendor/laravel/framework/src/Illuminate/Foundation/Console/Kernel.php(198): Symfony/Component/Console/Application->run()
#19 C:/xamppnew/htdocs/SSP2-Assignment/Application/TyperDis/vendor/laravel/framework/src/Illuminate/Foundation/Application.php(1242): Illuminate/Foundation/Console/Kernel->handle()
#20 C:/xamppnew/htdocs/SSP2-Assignment/Application/TyperDis/artisan(16): Illuminate/Foundation/Application->handleCommand()
#21 {main}

[previous exception] [object] (Illuminate\\Database\\SQLiteDatabaseDoesNotExistException(code: 0): Database file at path [C:\\xamppnew\\htdocs\\SSP2-Assignment\\Application\\TyperDis\\database\\database.sqlite] does not exist. Ensure this is an absolute path to the database. at C:/xamppnew/htdocs/SSP2-Assignment/Application/TyperDis/vendor/laravel/framework/src/Illuminate/Database/Connectors/SQLiteConnector.php:61)
[stacktrace]
#0 C:/xamppnew/htdocs/SSP2-Assignment/Application/TyperDis/vendor/laravel/framework/src/Illuminate/Database/Connectors/SQLiteConnector.php(19): Illuminate/Database/Connectors/SQLiteConnector->parseDatabasePath()
#1 C:/xamppnew/htdocs/SSP2-Assignment/Application/TyperDis/vendor/laravel/framework/src/Illuminate/Database/Connectors/ConnectionFactory.php(259): Illuminate/Database/Connectors/SQLiteConnector->connect()
#2 [internal function]: Illuminate/Database/Connectors/ConnectionFactory->{closure:Illuminate/Database/Connectors/ConnectionFactory::createPdoResolverWithoutHosts():259}()
#3 C:/xamppnew/htdocs/SSP2-Assignment/Application/TyperDis/vendor/laravel/framework/src/Illuminate/Database/Connection.php(1298): call_user_func()
#4 C:/xamppnew/htdocs/SSP2-Assignment/Application/TyperDis/vendor/laravel/framework/src/Illuminate/Database/Connection.php(622): Illuminate/Database/Connection->getPdo()
#5 C:/xamppnew/htdocs/SSP2-Assignment/Application/TyperDis/vendor/laravel/framework/src/Illuminate/Database/Connection.php(846): Illuminate/Database/Connection->{closure:Illuminate/Database/Connection::affectingStatement():614}()
#6 C:/xamppnew/htdocs/SSP2-Assignment/Application/TyperDis/vendor/laravel/framework/src/Illuminate/Database/Connection.php(813): Illuminate/Database/Connection->runQueryCallback()
#7 C:/xamppnew/htdocs/SSP2-Assignment/Application/TyperDis/vendor/laravel/framework/src/Illuminate/Database/Connection.php(614): Illuminate/Database/Connection->run()
#8 C:/xamppnew/htdocs/SSP2-Assignment/Application/TyperDis/vendor/laravel/framework/src/Illuminate/Database/Connection.php(578): Illuminate/Database/Connection->affectingStatement()
#9 C:/xamppnew/htdocs/SSP2-Assignment/Application/TyperDis/vendor/laravel/framework/src/Illuminate/Database/Query/Builder.php(4576): Illuminate/Database/Connection->delete()
#10 C:/xamppnew/htdocs/SSP2-Assignment/Application/TyperDis/vendor/laravel/framework/src/Illuminate/Cache/DatabaseStore.php(450): Illuminate/Database/Query/Builder->delete()
#11 C:/xamppnew/htdocs/SSP2-Assignment/Application/TyperDis/vendor/laravel/framework/src/Illuminate/Cache/Repository.php(1086): Illuminate/Cache/DatabaseStore->flush()
#12 C:/xamppnew/htdocs/SSP2-Assignment/Application/TyperDis/vendor/laravel/framework/src/Illuminate/Cache/Console/ClearCommand.php(81): Illuminate/Cache/Repository->__call()
#13 C:/xamppnew/htdocs/SSP2-Assignment/Application/TyperDis/vendor/laravel/framework/src/Illuminate/Container/BoundMethod.php(36): Illuminate/Cache/Console/ClearCommand->handle()
#14 C:/xamppnew/htdocs/SSP2-Assignment/Application/TyperDis/vendor/laravel/framework/src/Illuminate/Container/Util.php(43): Illuminate/Container/BoundMethod::{closure:Illuminate/Container/BoundMethod::call():35}()
#15 C:/xamppnew/htdocs/SSP2-Assignment/Application/TyperDis/vendor/laravel/framework/src/Illuminate/Container/BoundMethod.php(96): Illuminate/Container/Util::unwrapIfClosure()
#16 C:/xamppnew/htdocs/SSP2-Assignment/Application/TyperDis/vendor/laravel/framework/src/Illuminate/Container/BoundMethod.php(35): Illuminate/Container/BoundMethod::callBoundMethod()
#17 C:/xamppnew/htdocs/SSP2-Assignment/Application/TyperDis/vendor/laravel/framework/src/Illuminate/Container/Container.php(803): Illuminate/Container/BoundMethod::call()
#18 C:/xamppnew/htdocs/SSP2-Assignment/Application/TyperDis/vendor/laravel/framework/src/Illuminate/Console/Command.php(292): Illuminate/Container/Container->call()
#19 C:/xamppnew/htdocs/SSP2-Assignment/Application/TyperDis/vendor/symfony/console/Command/Command.php(285): Illuminate/Console/Command->execute()
#20 C:/xamppnew/htdocs/SSP2-Assignment/Application/TyperDis/vendor/laravel/framework/src/Illuminate/Console/Command.php(261): Symfony/Component/Console/Command/Command->run()
#21 C:/xamppnew/htdocs/SSP2-Assignment/Application/TyperDis/vendor/symfony/console/Application.php(1144): Illuminate/Console/Command->run()
#22 C:/xamppnew/htdocs/SSP2-Assignment/Application/TyperDis/vendor/symfony/console/Application.php(379): Symfony/Component/Console/Application->doRunCommand()
#23 C:/xamppnew/htdocs/SSP2-Assignment/Application/TyperDis/vendor/symfony/console/Application.php(218): Symfony/Component/Console/Application->doRun()
#24 C:/xamppnew/htdocs/SSP2-Assignment/Application/TyperDis/vendor/laravel/framework/src/Illuminate/Foundation/Console/Kernel.php(198): Symfony/Component/Console/Application->run()
#25 C:/xamppnew/htdocs/SSP2-Assignment/Application/TyperDis/vendor/laravel/framework/src/Illuminate/Foundation/Application.php(1242): Illuminate/Foundation/Console/Kernel->handle()
#26 C:/xamppnew/htdocs/SSP2-Assignment/Application/TyperDis/artisan(16): Illuminate/Foundation/Application->handleCommand()
#27 {main}
"} 
[2026-09-09 13:47:51] local.ERROR: Database file at path [C:\xamppnew\htdocs\SSP2-Assignment\Application\TyperDis\database\database.sqlite] does not exist. Ensure this is an absolute path to the database. (Connection: sqlite, Database: C:\xamppnew\htdocs\SSP2-Assignment\Application\TyperDis\database\database.sqlite, SQL: delete from "cache") {"exception":"[object] (Illuminate\\Database\\QueryException(code: 0): Database file at path [C:\\xamppnew\\htdocs\\SSP2-Assignment\\Application\\TyperDis\\database\\database.sqlite] does not exist. Ensure this is an absolute path to the database. (Connection: sqlite, Database: C:\\xamppnew\\htdocs\\SSP2-Assignment\\Application\\TyperDis\\database\\database.sqlite, SQL: delete from \"cache\") at C:/xamppnew/htdocs/SSP2-Assignment/Application/TyperDis/vendor/laravel/framework/src/Illuminate/Database/Connection.php:857)
[stacktrace]
#0 C:/xamppnew/htdocs/SSP2-Assignment/Application/TyperDis/vendor/laravel/framework/src/Illuminate/Database/Connection.php(813): Illuminate/Database/Connection->runQueryCallback()
#1 C:/xamppnew/htdocs/SSP2-Assignment/Application/TyperDis/vendor/laravel/framework/src/Illuminate/Database/Connection.php(614): Illuminate/Database/Connection->run()
#2 C:/xamppnew/htdocs/SSP2-Assignment/Application/TyperDis/vendor/laravel/framework/src/Illuminate/Database/Connection.php(578): Illuminate/Database/Connection->affectingStatement()
#3 C:/xamppnew/htdocs/SSP2-Assignment/Application/TyperDis/vendor/laravel/framework/src/Illuminate/Database/Query/Builder.php(4576): Illuminate/Database/Connection->delete()
#4 C:/xamppnew/htdocs/SSP2-Assignment/Application/TyperDis/vendor/laravel/framework/src/Illuminate/Cache/DatabaseStore.php(450): Illuminate/Database/Query/Builder->delete()
#5 C:/xamppnew/htdocs/SSP2-Assignment/Application/TyperDis/vendor/laravel/framework/src/Illuminate/Cache/Repository.php(1086): Illuminate/Cache/DatabaseStore->flush()
#6 C:/xamppnew/htdocs/SSP2-Assignment/Application/TyperDis/vendor/laravel/framework/src/Illuminate/Cache/Console/ClearCommand.php(81): Illuminate/Cache/Repository->__call()
#7 C:/xamppnew/htdocs/SSP2-Assignment/Application/TyperDis/vendor/laravel/framework/src/Illuminate/Container/BoundMethod.php(36): Illuminate/Cache/Console/ClearCommand->handle()
#8 C:/xamppnew/htdocs/SSP2-Assignment/Application/TyperDis/vendor/laravel/framework/src/Illuminate/Container/Util.php(43): Illuminate/Container/BoundMethod::{closure:Illuminate/Container/BoundMethod::call():35}()
#9 C:/xamppnew/htdocs/SSP2-Assignment/Application/TyperDis/vendor/laravel/framework/src/Illuminate/Container/BoundMethod.php(96): Illuminate/Container/Util::unwrapIfClosure()
#10 C:/xamppnew/htdocs/SSP2-Assignment/Application/TyperDis/vendor/laravel/framework/src/Illuminate/Container/BoundMethod.php(35): Illuminate/Container/BoundMethod::callBoundMethod()
#11 C:/xamppnew/htdocs/SSP2-Assignment/Application/TyperDis/vendor/laravel/framework/src/Illuminate/Container/Container.php(803): Illuminate/Container/BoundMethod::call()
#12 C:/xamppnew/htdocs/SSP2-Assignment/Application/TyperDis/vendor/laravel/framework/src/Illuminate/Console/Command.php(292): Illuminate/Container/Container->call()
#13 C:/xamppnew/htdocs/SSP2-Assignment/Application/TyperDis/vendor/symfony/console/Command/Command.php(285): Illuminate/Console/Command->execute()
#14 C:/xamppnew/htdocs/SSP2-Assignment/Application/TyperDis/vendor/laravel/framework/src/Illuminate/Console/Command.php(261): Symfony/Component/Console/Command/Command->run()
#15 C:/xamppnew/htdocs/SSP2-Assignment/Application/TyperDis/vendor/symfony/console/Application.php(1144): Illuminate/Console/Command->run()
#16 C:/xamppnew/htdocs/SSP2-Assignment/Application/TyperDis/vendor/symfony/console/Application.php(379): Symfony/Component/Console/Application->doRunCommand()
#17 C:/xamppnew/htdocs/SSP2-Assignment/Application/TyperDis/vendor/symfony/console/Application.php(218): Symfony/Component/Console/Application->doRun()
#18 C:/xamppnew/htdocs/SSP2-Assignment/Application/TyperDis/vendor/laravel/framework/src/Illuminate/Foundation/Console/Kernel.php(198): Symfony/Component/Console/Application->run()
#19 C:/xamppnew/htdocs/SSP2-Assignment/Application/TyperDis/vendor/laravel/framework/src/Illuminate/Foundation/Application.php(1242): Illuminate/Foundation/Console/Kernel->handle()
#20 C:/xamppnew/htdocs/SSP2-Assignment/Application/TyperDis/artisan(16): Illuminate/Foundation/Application->handleCommand()
#21 {main}

[previous exception] [object] (Illuminate\\Database\\SQLiteDatabaseDoesNotExistException(code: 0): Database file at path [C:\\xamppnew\\htdocs\\SSP2-Assignment\\Application\\TyperDis\\database\\database.sqlite] does not exist. Ensure this is an absolute path to the database. at C:/xamppnew/htdocs/SSP2-Assignment/Application/TyperDis/vendor/laravel/framework/src/Illuminate/Database/Connectors/SQLiteConnector.php:61)
[stacktrace]
#0 C:/xamppnew/htdocs/SSP2-Assignment/Application/TyperDis/vendor/laravel/framework/src/Illuminate/Database/Connectors/SQLiteConnector.php(19): Illuminate/Database/Connectors/SQLiteConnector->parseDatabasePath()
#1 C:/xamppnew/htdocs/SSP2-Assignment/Application/TyperDis/vendor/laravel/framework/src/Illuminate/Database/Connectors/ConnectionFactory.php(259): Illuminate/Database/Connectors/SQLiteConnector->connect()
#2 [internal function]: Illuminate/Database/Connectors/ConnectionFactory->{closure:Illuminate/Database/Connectors/ConnectionFactory::createPdoResolverWithoutHosts():259}()
#3 C:/xamppnew/htdocs/SSP2-Assignment/Application/TyperDis/vendor/laravel/framework/src/Illuminate/Database/Connection.php(1298): call_user_func()
#4 C:/xamppnew/htdocs/SSP2-Assignment/Application/TyperDis/vendor/laravel/framework/src/Illuminate/Database/Connection.php(622): Illuminate/Database/Connection->getPdo()
#5 C:/xamppnew/htdocs/SSP2-Assignment/Application/TyperDis/vendor/laravel/framework/src/Illuminate/Database/Connection.php(846): Illuminate/Database/Connection->{closure:Illuminate/Database/Connection::affectingStatement():614}()
#6 C:/xamppnew/htdocs/SSP2-Assignment/Application/TyperDis/vendor/laravel/framework/src/Illuminate/Database/Connection.php(813): Illuminate/Database/Connection->runQueryCallback()
#7 C:/xamppnew/htdocs/SSP2-Assignment/Application/TyperDis/vendor/laravel/framework/src/Illuminate/Database/Connection.php(614): Illuminate/Database/Connection->run()
#8 C:/xamppnew/htdocs/SSP2-Assignment/Application/TyperDis/vendor/laravel/framework/src/Illuminate/Database/Connection.php(578): Illuminate/Database/Connection->affectingStatement()
#9 C:/xamppnew/htdocs/SSP2-Assignment/Application/TyperDis/vendor/laravel/framework/src/Illuminate/Database/Query/Builder.php(4576): Illuminate/Database/Connection->delete()
#10 C:/xamppnew/htdocs/SSP2-Assignment/Application/TyperDis/vendor/laravel/framework/src/Illuminate/Cache/DatabaseStore.php(450): Illuminate/Database/Query/Builder->delete()
#11 C:/xamppnew/htdocs/SSP2-Assignment/Application/TyperDis/vendor/laravel/framework/src/Illuminate/Cache/Repository.php(1086): Illuminate/Cache/DatabaseStore->flush()
#12 C:/xamppnew/htdocs/SSP2-Assignment/Application/TyperDis/vendor/laravel/framework/src/Illuminate/Cache/Console/ClearCommand.php(81): Illuminate/Cache/Repository->__call()
#13 C:/xamppnew/htdocs/SSP2-Assignment/Application/TyperDis/vendor/laravel/framework/src/Illuminate/Container/BoundMethod.php(36): Illuminate/Cache/Console/ClearCommand->handle()
#14 C:/xamppnew/htdocs/SSP2-Assignment/Application/TyperDis/vendor/laravel/framework/src/Illuminate/Container/Util.php(43): Illuminate/Container/BoundMethod::{closure:Illuminate/Container/BoundMethod::call():35}()
#15 C:/xamppnew/htdocs/SSP2-Assignment/Application/TyperDis/vendor/laravel/framework/src/Illuminate/Container/BoundMethod.php(96): Illuminate/Container/Util::unwrapIfClosure()
#16 C:/xamppnew/htdocs/SSP2-Assignment/Application/TyperDis/vendor/laravel/framework/src/Illuminate/Container/BoundMethod.php(35): Illuminate/Container/BoundMethod::callBoundMethod()
#17 C:/xamppnew/htdocs/SSP2-Assignment/Application/TyperDis/vendor/laravel/framework/src/Illuminate/Container/Container.php(803): Illuminate/Container/BoundMethod::call()
#18 C:/xamppnew/htdocs/SSP2-Assignment/Application/TyperDis/vendor/laravel/framework/src/Illuminate/Console/Command.php(292): Illuminate/Container/Container->call()
#19 C:/xamppnew/htdocs/SSP2-Assignment/Application/TyperDis/vendor/symfony/console/Command/Command.php(285): Illuminate/Console/Command->execute()
#20 C:/xamppnew/htdocs/SSP2-Assignment/Application/TyperDis/vendor/laravel/framework/src/Illuminate/Console/Command.php(261): Symfony/Component/Console/Command/Command->run()
#21 C:/xamppnew/htdocs/SSP2-Assignment/Application/TyperDis/vendor/symfony/console/Application.php(1144): Illuminate/Console/Command->run()
#22 C:/xamppnew/htdocs/SSP2-Assignment/Application/TyperDis/vendor/symfony/console/Application.php(379): Symfony/Component/Console/Application->doRunCommand()
#23 C:/xamppnew/htdocs/SSP2-Assignment/Application/TyperDis/vendor/symfony/console/Application.php(218): Symfony/Component/Console/Application->doRun()
#24 C:/xamppnew/htdocs/SSP2-Assignment/Application/TyperDis/vendor/laravel/framework/src/Illuminate/Foundation/Console/Kernel.php(198): Symfony/Component/Console/Application->run()
#25 C:/xamppnew/htdocs/SSP2-Assignment/Application/TyperDis/vendor/laravel/framework/src/Illuminate/Foundation/Application.php(1242): Illuminate/Foundation/Console/Kernel->handle()
#26 C:/xamppnew/htdocs/SSP2-Assignment/Application/TyperDis/artisan(16): Illuminate/Foundation/Application->handleCommand()
#27 {main}
"} 
[2026-09-09 15:38:56] local.ERROR: Database file at path [C:\xamppnew\htdocs\SSP2-Assignment\Application\TyperDis\database\database.sqlite] does not exist. Ensure this is an absolute path to the database. (Connection: sqlite, Database: C:\xamppnew\htdocs\SSP2-Assignment\Application\TyperDis\database\database.sqlite, SQL: delete from "cache") {"exception":"[object] (Illuminate\\Database\\QueryException(code: 0): Database file at path [C:\\xamppnew\\htdocs\\SSP2-Assignment\\Application\\TyperDis\\database\\database.sqlite] does not exist. Ensure this is an absolute path to the database. (Connection: sqlite, Database: C:\\xamppnew\\htdocs\\SSP2-Assignment\\Application\\TyperDis\\database\\database.sqlite, SQL: delete from \"cache\") at C:/xamppnew/htdocs/SSP2-Assignment/Application/TyperDis/vendor/laravel/framework/src/Illuminate/Database/Connection.php:857)
[stacktrace]
#0 C:/xamppnew/htdocs/SSP2-Assignment/Application/TyperDis/vendor/laravel/framework/src/Illuminate/Database/Connection.php(813): Illuminate/Database/Connection->runQueryCallback()
#1 C:/xamppnew/htdocs/SSP2-Assignment/Application/TyperDis/vendor/laravel/framework/src/Illuminate/Database/Connection.php(614): Illuminate/Database/Connection->run()
#2 C:/xamppnew/htdocs/SSP2-Assignment/Application/TyperDis/vendor/laravel/framework/src/Illuminate/Database/Connection.php(578): Illuminate/Database/Connection->affectingStatement()
#3 C:/xamppnew/htdocs/SSP2-Assignment/Application/TyperDis/vendor/laravel/framework/src/Illuminate/Database/Query/Builder.php(4576): Illuminate/Database/Connection->delete()
#4 C:/xamppnew/htdocs/SSP2-Assignment/Application/TyperDis/vendor/laravel/framework/src/Illuminate/Cache/DatabaseStore.php(450): Illuminate/Database/Query/Builder->delete()
#5 C:/xamppnew/htdocs/SSP2-Assignment/Application/TyperDis/vendor/laravel/framework/src/Illuminate/Cache/Repository.php(1086): Illuminate/Cache/DatabaseStore->flush()
#6 C:/xamppnew/htdocs/SSP2-Assignment/Application/TyperDis/vendor/laravel/framework/src/Illuminate/Cache/Console/ClearCommand.php(81): Illuminate/Cache/Repository->__call()
#7 C:/xamppnew/htdocs/SSP2-Assignment/Application/TyperDis/vendor/laravel/framework/src/Illuminate/Container/BoundMethod.php(36): Illuminate/Cache/Console/ClearCommand->handle()
#8 C:/xamppnew/htdocs/SSP2-Assignment/Application/TyperDis/vendor/laravel/framework/src/Illuminate/Container/Util.php(43): Illuminate/Container/BoundMethod::{closure:Illuminate/Container/BoundMethod::call():35}()
#9 C:/xamppnew/htdocs/SSP2-Assignment/Application/TyperDis/vendor/laravel/framework/src/Illuminate/Container/BoundMethod.php(96): Illuminate/Container/Util::unwrapIfClosure()
#10 C:/xamppnew/htdocs/SSP2-Assignment/Application/TyperDis/vendor/laravel/framework/src/Illuminate/Container/BoundMethod.php(35): Illuminate/Container/BoundMethod::callBoundMethod()
#11 C:/xamppnew/htdocs/SSP2-Assignment/Application/TyperDis/vendor/laravel/framework/src/Illuminate/Container/Container.php(803): Illuminate/Container/BoundMethod::call()
#12 C:/xamppnew/htdocs/SSP2-Assignment/Application/TyperDis/vendor/laravel/framework/src/Illuminate/Console/Command.php(292): Illuminate/Container/Container->call()
#13 C:/xamppnew/htdocs/SSP2-Assignment/Application/TyperDis/vendor/symfony/console/Command/Command.php(285): Illuminate/Console/Command->execute()
#14 C:/xamppnew/htdocs/SSP2-Assignment/Application/TyperDis/vendor/laravel/framework/src/Illuminate/Console/Command.php(261): Symfony/Component/Console/Command/Command->run()
#15 C:/xamppnew/htdocs/SSP2-Assignment/Application/TyperDis/vendor/laravel/framework/src/Illuminate/Console/Concerns/CallsCommands.php(68): Illuminate/Console/Command->run()
#16 C:/xamppnew/htdocs/SSP2-Assignment/Application/TyperDis/vendor/laravel/framework/src/Illuminate/Console/Concerns/CallsCommands.php(41): Illuminate/Console/Command->runCommand()
#17 C:/xamppnew/htdocs/SSP2-Assignment/Application/TyperDis/vendor/laravel/framework/src/Illuminate/Console/Concerns/CallsCommands.php(53): Illuminate/Console/Command->callSilent()
#18 C:/xamppnew/htdocs/SSP2-Assignment/Application/TyperDis/vendor/laravel/framework/src/Illuminate/Foundation/Console/OptimizeClearCommand.php(48): Illuminate/Console/Command->callSilently()
#19 C:/xamppnew/htdocs/SSP2-Assignment/Application/TyperDis/vendor/laravel/framework/src/Illuminate/Console/View/Components/Task.php(43): Illuminate/Foundation/Console/OptimizeClearCommand->{closure:Illuminate/Foundation/Console/OptimizeClearCommand::handle():48}()
#20 C:/xamppnew/htdocs/SSP2-Assignment/Application/TyperDis/vendor/laravel/framework/src/Illuminate/Console/View/Components/Factory.php(61): Illuminate/Console/View/Components/Task->render()
#21 C:/xamppnew/htdocs/SSP2-Assignment/Application/TyperDis/vendor/laravel/framework/src/Illuminate/Foundation/Console/OptimizeClearCommand.php(48): Illuminate/Console/View/Components/Factory->__call()
#22 C:/xamppnew/htdocs/SSP2-Assignment/Application/TyperDis/vendor/laravel/framework/src/Illuminate/Container/BoundMethod.php(36): Illuminate/Foundation/Console/OptimizeClearCommand->handle()
#23 C:/xamppnew/htdocs/SSP2-Assignment/Application/TyperDis/vendor/laravel/framework/src/Illuminate/Container/Util.php(43): Illuminate/Container/BoundMethod::{closure:Illuminate/Container/BoundMethod::call():35}()
#24 C:/xamppnew/htdocs/SSP2-Assignment/Application/TyperDis/vendor/laravel/framework/src/Illuminate/Container/BoundMethod.php(96): Illuminate/Container/Util::unwrapIfClosure()
#25 C:/xamppnew/htdocs/SSP2-Assignment/Application/TyperDis/vendor/laravel/framework/src/Illuminate/Container/BoundMethod.php(35): Illuminate/Container/BoundMethod::callBoundMethod()
#26 C:/xamppnew/htdocs/SSP2-Assignment/Application/TyperDis/vendor/laravel/framework/src/Illuminate/Container/Container.php(803): Illuminate/Container/BoundMethod::call()
#27 C:/xamppnew/htdocs/SSP2-Assignment/Application/TyperDis/vendor/laravel/framework/src/Illuminate/Console/Command.php(292): Illuminate/Container/Container->call()
#28 C:/xamppnew/htdocs/SSP2-Assignment/Application/TyperDis/vendor/symfony/console/Command/Command.php(285): Illuminate/Console/Command->execute()
#29 C:/xamppnew/htdocs/SSP2-Assignment/Application/TyperDis/vendor/laravel/framework/src/Illuminate/Console/Command.php(261): Symfony/Component/Console/Command/Command->run()
#30 C:/xamppnew/htdocs/SSP2-Assignment/Application/TyperDis/vendor/symfony/console/Application.php(1144): Illuminate/Console/Command->run()
#31 C:/xamppnew/htdocs/SSP2-Assignment/Application/TyperDis/vendor/symfony/console/Application.php(379): Symfony/Component/Console/Application->doRunCommand()
#32 C:/xamppnew/htdocs/SSP2-Assignment/Application/TyperDis/vendor/symfony/console/Application.php(218): Symfony/Component/Console/Application->doRun()
#33 C:/xamppnew/htdocs/SSP2-Assignment/Application/TyperDis/vendor/laravel/framework/src/Illuminate/Foundation/Console/Kernel.php(198): Symfony/Component/Console/Application->run()
#34 C:/xamppnew/htdocs/SSP2-Assignment/Application/TyperDis/vendor/laravel/framework/src/Illuminate/Foundation/Application.php(1242): Illuminate/Foundation/Console/Kernel->handle()
#35 C:/xamppnew/htdocs/SSP2-Assignment/Application/TyperDis/artisan(16): Illuminate/Foundation/Application->handleCommand()
#36 {main}

[previous exception] [object] (Illuminate\\Database\\SQLiteDatabaseDoesNotExistException(code: 0): Database file at path [C:\\xamppnew\\htdocs\\SSP2-Assignment\\Application\\TyperDis\\database\\database.sqlite] does not exist. Ensure this is an absolute path to the database. at C:/xamppnew/htdocs/SSP2-Assignment/Application/TyperDis/vendor/laravel/framework/src/Illuminate/Database/Connectors/SQLiteConnector.php:61)
[stacktrace]
#0 C:/xamppnew/htdocs/SSP2-Assignment/Application/TyperDis/vendor/laravel/framework/src/Illuminate/Database/Connectors/SQLiteConnector.php(19): Illuminate/Database/Connectors/SQLiteConnector->parseDatabasePath()
#1 C:/xamppnew/htdocs/SSP2-Assignment/Application/TyperDis/vendor/laravel/framework/src/Illuminate/Database/Connectors/ConnectionFactory.php(259): Illuminate/Database/Connectors/SQLiteConnector->connect()
#2 [internal function]: Illuminate/Database/Connectors/ConnectionFactory->{closure:Illuminate/Database/Connectors/ConnectionFactory::createPdoResolverWithoutHosts():259}()
#3 C:/xamppnew/htdocs/SSP2-Assignment/Application/TyperDis/vendor/laravel/framework/src/Illuminate/Database/Connection.php(1298): call_user_func()
#4 C:/xamppnew/htdocs/SSP2-Assignment/Application/TyperDis/vendor/laravel/framework/src/Illuminate/Database/Connection.php(622): Illuminate/Database/Connection->getPdo()
#5 C:/xamppnew/htdocs/SSP2-Assignment/Application/TyperDis/vendor/laravel/framework/src/Illuminate/Database/Connection.php(846): Illuminate/Database/Connection->{closure:Illuminate/Database/Connection::affectingStatement():614}()
#6 C:/xamppnew/htdocs/SSP2-Assignment/Application/TyperDis/vendor/laravel/framework/src/Illuminate/Database/Connection.php(813): Illuminate/Database/Connection->runQueryCallback()
#7 C:/xamppnew/htdocs/SSP2-Assignment/Application/TyperDis/vendor/laravel/framework/src/Illuminate/Database/Connection.php(614): Illuminate/Database/Connection->run()
#8 C:/xamppnew/htdocs/SSP2-Assignment/Application/TyperDis/vendor/laravel/framework/src/Illuminate/Database/Connection.php(578): Illuminate/Database/Connection->affectingStatement()
#9 C:/xamppnew/htdocs/SSP2-Assignment/Application/TyperDis/vendor/laravel/framework/src/Illuminate/Database/Query/Builder.php(4576): Illuminate/Database/Connection->delete()
#10 C:/xamppnew/htdocs/SSP2-Assignment/Application/TyperDis/vendor/laravel/framework/src/Illuminate/Cache/DatabaseStore.php(450): Illuminate/Database/Query/Builder->delete()
#11 C:/xamppnew/htdocs/SSP2-Assignment/Application/TyperDis/vendor/laravel/framework/src/Illuminate/Cache/Repository.php(1086): Illuminate/Cache/DatabaseStore->flush()
#12 C:/xamppnew/htdocs/SSP2-Assignment/Application/TyperDis/vendor/laravel/framework/src/Illuminate/Cache/Console/ClearCommand.php(81): Illuminate/Cache/Repository->__call()
#13 C:/xamppnew/htdocs/SSP2-Assignment/Application/TyperDis/vendor/laravel/framework/src/Illuminate/Container/BoundMethod.php(36): Illuminate/Cache/Console/ClearCommand->handle()
#14 C:/xamppnew/htdocs/SSP2-Assignment/Application/TyperDis/vendor/laravel/framework/src/Illuminate/Container/Util.php(43): Illuminate/Container/BoundMethod::{closure:Illuminate/Container/BoundMethod::call():35}()
#15 C:/xamppnew/htdocs/SSP2-Assignment/Application/TyperDis/vendor/laravel/framework/src/Illuminate/Container/BoundMethod.php(96): Illuminate/Container/Util::unwrapIfClosure()
#16 C:/xamppnew/htdocs/SSP2-Assignment/Application/TyperDis/vendor/laravel/framework/src/Illuminate/Container/BoundMethod.php(35): Illuminate/Container/BoundMethod::callBoundMethod()
#17 C:/xamppnew/htdocs/SSP2-Assignment/Application/TyperDis/vendor/laravel/framework/src/Illuminate/Container/Container.php(803): Illuminate/Container/BoundMethod::call()
#18 C:/xamppnew/htdocs/SSP2-Assignment/Application/TyperDis/vendor/laravel/framework/src/Illuminate/Console/Command.php(292): Illuminate/Container/Container->call()
#19 C:/xamppnew/htdocs/SSP2-Assignment/Application/TyperDis/vendor/symfony/console/Command/Command.php(285): Illuminate/Console/Command->execute()
#20 C:/xamppnew/htdocs/SSP2-Assignment/Application/TyperDis/vendor/laravel/framework/src/Illuminate/Console/Command.php(261): Symfony/Component/Console/Command/Command->run()
#21 C:/xamppnew/htdocs/SSP2-Assignment/Application/TyperDis/vendor/laravel/framework/src/Illuminate/Console/Concerns/CallsCommands.php(68): Illuminate/Console/Command->run()
#22 C:/xamppnew/htdocs/SSP2-Assignment/Application/TyperDis/vendor/laravel/framework/src/Illuminate/Console/Concerns/CallsCommands.php(41): Illuminate/Console/Command->runCommand()
#23 C:/xamppnew/htdocs/SSP2-Assignment/Application/TyperDis/vendor/laravel/framework/src/Illuminate/Console/Concerns/CallsCommands.php(53): Illuminate/Console/Command->callSilent()
#24 C:/xamppnew/htdocs/SSP2-Assignment/Application/TyperDis/vendor/laravel/framework/src/Illuminate/Foundation/Console/OptimizeClearCommand.php(48): Illuminate/Console/Command->callSilently()
#25 C:/xamppnew/htdocs/SSP2-Assignment/Application/TyperDis/vendor/laravel/framework/src/Illuminate/Console/View/Components/Task.php(43): Illuminate/Foundation/Console/OptimizeClearCommand->{closure:Illuminate/Foundation/Console/OptimizeClearCommand::handle():48}()
#26 C:/xamppnew/htdocs/SSP2-Assignment/Application/TyperDis/vendor/laravel/framework/src/Illuminate/Console/View/Components/Factory.php(61): Illuminate/Console/View/Components/Task->render()
#27 C:/xamppnew/htdocs/SSP2-Assignment/Application/TyperDis/vendor/laravel/framework/src/Illuminate/Foundation/Console/OptimizeClearCommand.php(48): Illuminate/Console/View/Components/Factory->__call()
#28 C:/xamppnew/htdocs/SSP2-Assignment/Application/TyperDis/vendor/laravel/framework/src/Illuminate/Container/BoundMethod.php(36): Illuminate/Foundation/Console/OptimizeClearCommand->handle()
#29 C:/xamppnew/htdocs/SSP2-Assignment/Application/TyperDis/vendor/laravel/framework/src/Illuminate/Container/Util.php(43): Illuminate/Container/BoundMethod::{closure:Illuminate/Container/BoundMethod::call():35}()
#30 C:/xamppnew/htdocs/SSP2-Assignment/Application/TyperDis/vendor/laravel/framework/src/Illuminate/Container/BoundMethod.php(96): Illuminate/Container/Util::unwrapIfClosure()
#31 C:/xamppnew/htdocs/SSP2-Assignment/Application/TyperDis/vendor/laravel/framework/src/Illuminate/Container/BoundMethod.php(35): Illuminate/Container/BoundMethod::callBoundMethod()
#32 C:/xamppnew/htdocs/SSP2-Assignment/Application/TyperDis/vendor/laravel/framework/src/Illuminate/Container/Container.php(803): Illuminate/Container/BoundMethod::call()
#33 C:/xamppnew/htdocs/SSP2-Assignment/Application/TyperDis/vendor/laravel/framework/src/Illuminate/Console/Command.php(292): Illuminate/Container/Container->call()
#34 C:/xamppnew/htdocs/SSP2-Assignment/Application/TyperDis/vendor/symfony/console/Command/Command.php(285): Illuminate/Console/Command->execute()
#35 C:/xamppnew/htdocs/SSP2-Assignment/Application/TyperDis/vendor/laravel/framework/src/Illuminate/Console/Command.php(261): Symfony/Component/Console/Command/Command->run()
#36 C:/xamppnew/htdocs/SSP2-Assignment/Application/TyperDis/vendor/symfony/console/Application.php(1144): Illuminate/Console/Command->run()
#37 C:/xamppnew/htdocs/SSP2-Assignment/Application/TyperDis/vendor/symfony/console/Application.php(379): Symfony/Component/Console/Application->doRunCommand()
#38 C:/xamppnew/htdocs/SSP2-Assignment/Application/TyperDis/vendor/symfony/console/Application.php(218): Symfony/Component/Console/Application->doRun()
#39 C:/xamppnew/htdocs/SSP2-Assignment/Application/TyperDis/vendor/laravel/framework/src/Illuminate/Foundation/Console/Kernel.php(198): Symfony/Component/Console/Application->run()
#40 C:/xamppnew/htdocs/SSP2-Assignment/Application/TyperDis/vendor/laravel/framework/src/Illuminate/Foundation/Application.php(1242): Illuminate/Foundation/Console/Kernel->handle()
#41 C:/xamppnew/htdocs/SSP2-Assignment/Application/TyperDis/artisan(16): Illuminate/Foundation/Application->handleCommand()
#42 {main}
"} 
[2026-09-09 15:41:40] local.ERROR: Database file at path [C:\xamppnew\htdocs\SSP2-Assignment\Application\TyperDis\database\database.sqlite] does not exist. Ensure this is an absolute path to the database. (Connection: sqlite, Database: C:\xamppnew\htdocs\SSP2-Assignment\Application\TyperDis\database\database.sqlite, SQL: delete from "cache") {"exception":"[object] (Illuminate\\Database\\QueryException(code: 0): Database file at path [C:\\xamppnew\\htdocs\\SSP2-Assignment\\Application\\TyperDis\\database\\database.sqlite] does not exist. Ensure this is an absolute path to the database. (Connection: sqlite, Database: C:\\xamppnew\\htdocs\\SSP2-Assignment\\Application\\TyperDis\\database\\database.sqlite, SQL: delete from \"cache\") at C:/xamppnew/htdocs/SSP2-Assignment/Application/TyperDis/vendor/laravel/framework/src/Illuminate/Database/Connection.php:857)
[stacktrace]
#0 C:/xamppnew/htdocs/SSP2-Assignment/Application/TyperDis/vendor/laravel/framework/src/Illuminate/Database/Connection.php(813): Illuminate/Database/Connection->runQueryCallback()
#1 C:/xamppnew/htdocs/SSP2-Assignment/Application/TyperDis/vendor/laravel/framework/src/Illuminate/Database/Connection.php(614): Illuminate/Database/Connection->run()
#2 C:/xamppnew/htdocs/SSP2-Assignment/Application/TyperDis/vendor/laravel/framework/src/Illuminate/Database/Connection.php(578): Illuminate/Database/Connection->affectingStatement()
#3 C:/xamppnew/htdocs/SSP2-Assignment/Application/TyperDis/vendor/laravel/framework/src/Illuminate/Database/Query/Builder.php(4576): Illuminate/Database/Connection->delete()
#4 C:/xamppnew/htdocs/SSP2-Assignment/Application/TyperDis/vendor/laravel/framework/src/Illuminate/Cache/DatabaseStore.php(450): Illuminate/Database/Query/Builder->delete()
#5 C:/xamppnew/htdocs/SSP2-Assignment/Application/TyperDis/vendor/laravel/framework/src/Illuminate/Cache/Repository.php(1086): Illuminate/Cache/DatabaseStore->flush()
#6 C:/xamppnew/htdocs/SSP2-Assignment/Application/TyperDis/vendor/laravel/framework/src/Illuminate/Cache/Console/ClearCommand.php(81): Illuminate/Cache/Repository->__call()
#7 C:/xamppnew/htdocs/SSP2-Assignment/Application/TyperDis/vendor/laravel/framework/src/Illuminate/Container/BoundMethod.php(36): Illuminate/Cache/Console/ClearCommand->handle()
#8 C:/xamppnew/htdocs/SSP2-Assignment/Application/TyperDis/vendor/laravel/framework/src/Illuminate/Container/Util.php(43): Illuminate/Container/BoundMethod::{closure:Illuminate/Container/BoundMethod::call():35}()
#9 C:/xamppnew/htdocs/SSP2-Assignment/Application/TyperDis/vendor/laravel/framework/src/Illuminate/Container/BoundMethod.php(96): Illuminate/Container/Util::unwrapIfClosure()
#10 C:/xamppnew/htdocs/SSP2-Assignment/Application/TyperDis/vendor/laravel/framework/src/Illuminate/Container/BoundMethod.php(35): Illuminate/Container/BoundMethod::callBoundMethod()
#11 C:/xamppnew/htdocs/SSP2-Assignment/Application/TyperDis/vendor/laravel/framework/src/Illuminate/Container/Container.php(803): Illuminate/Container/BoundMethod::call()
#12 C:/xamppnew/htdocs/SSP2-Assignment/Application/TyperDis/vendor/laravel/framework/src/Illuminate/Console/Command.php(292): Illuminate/Container/Container->call()
#13 C:/xamppnew/htdocs/SSP2-Assignment/Application/TyperDis/vendor/symfony/console/Command/Command.php(285): Illuminate/Console/Command->execute()
#14 C:/xamppnew/htdocs/SSP2-Assignment/Application/TyperDis/vendor/laravel/framework/src/Illuminate/Console/Command.php(261): Symfony/Component/Console/Command/Command->run()
#15 C:/xamppnew/htdocs/SSP2-Assignment/Application/TyperDis/vendor/laravel/framework/src/Illuminate/Console/Concerns/CallsCommands.php(68): Illuminate/Console/Command->run()
#16 C:/xamppnew/htdocs/SSP2-Assignment/Application/TyperDis/vendor/laravel/framework/src/Illuminate/Console/Concerns/CallsCommands.php(41): Illuminate/Console/Command->runCommand()
#17 C:/xamppnew/htdocs/SSP2-Assignment/Application/TyperDis/vendor/laravel/framework/src/Illuminate/Console/Concerns/CallsCommands.php(53): Illuminate/Console/Command->callSilent()
#18 C:/xamppnew/htdocs/SSP2-Assignment/Application/TyperDis/vendor/laravel/framework/src/Illuminate/Foundation/Console/OptimizeClearCommand.php(48): Illuminate/Console/Command->callSilently()
#19 C:/xamppnew/htdocs/SSP2-Assignment/Application/TyperDis/vendor/laravel/framework/src/Illuminate/Console/View/Components/Task.php(43): Illuminate/Foundation/Console/OptimizeClearCommand->{closure:Illuminate/Foundation/Console/OptimizeClearCommand::handle():48}()
#20 C:/xamppnew/htdocs/SSP2-Assignment/Application/TyperDis/vendor/laravel/framework/src/Illuminate/Console/View/Components/Factory.php(61): Illuminate/Console/View/Components/Task->render()
#21 C:/xamppnew/htdocs/SSP2-Assignment/Application/TyperDis/vendor/laravel/framework/src/Illuminate/Foundation/Console/OptimizeClearCommand.php(48): Illuminate/Console/View/Components/Factory->__call()
#22 C:/xamppnew/htdocs/SSP2-Assignment/Application/TyperDis/vendor/laravel/framework/src/Illuminate/Container/BoundMethod.php(36): Illuminate/Foundation/Console/OptimizeClearCommand->handle()
#23 C:/xamppnew/htdocs/SSP2-Assignment/Application/TyperDis/vendor/laravel/framework/src/Illuminate/Container/Util.php(43): Illuminate/Container/BoundMethod::{closure:Illuminate/Container/BoundMethod::call():35}()
#24 C:/xamppnew/htdocs/SSP2-Assignment/Application/TyperDis/vendor/laravel/framework/src/Illuminate/Container/BoundMethod.php(96): Illuminate/Container/Util::unwrapIfClosure()
#25 C:/xamppnew/htdocs/SSP2-Assignment/Application/TyperDis/vendor/laravel/framework/src/Illuminate/Container/BoundMethod.php(35): Illuminate/Container/BoundMethod::callBoundMethod()
#26 C:/xamppnew/htdocs/SSP2-Assignment/Application/TyperDis/vendor/laravel/framework/src/Illuminate/Container/Container.php(803): Illuminate/Container/BoundMethod::call()
#27 C:/xamppnew/htdocs/SSP2-Assignment/Application/TyperDis/vendor/laravel/framework/src/Illuminate/Console/Command.php(292): Illuminate/Container/Container->call()
#28 C:/xamppnew/htdocs/SSP2-Assignment/Application/TyperDis/vendor/symfony/console/Command/Command.php(285): Illuminate/Console/Command->execute()
#29 C:/xamppnew/htdocs/SSP2-Assignment/Application/TyperDis/vendor/laravel/framework/src/Illuminate/Console/Command.php(261): Symfony/Component/Console/Command/Command->run()
#30 C:/xamppnew/htdocs/SSP2-Assignment/Application/TyperDis/vendor/symfony/console/Application.php(1144): Illuminate/Console/Command->run()
#31 C:/xamppnew/htdocs/SSP2-Assignment/Application/TyperDis/vendor/symfony/console/Application.php(379): Symfony/Component/Console/Application->doRunCommand()
#32 C:/xamppnew/htdocs/SSP2-Assignment/Application/TyperDis/vendor/symfony/console/Application.php(218): Symfony/Component/Console/Application->doRun()
#33 C:/xamppnew/htdocs/SSP2-Assignment/Application/TyperDis/vendor/laravel/framework/src/Illuminate/Foundation/Console/Kernel.php(198): Symfony/Component/Console/Application->run()
#34 C:/xamppnew/htdocs/SSP2-Assignment/Application/TyperDis/vendor/laravel/framework/src/Illuminate/Foundation/Application.php(1242): Illuminate/Foundation/Console/Kernel->handle()
#35 C:/xamppnew/htdocs/SSP2-Assignment/Application/TyperDis/artisan(16): Illuminate/Foundation/Application->handleCommand()
#36 {main}

[previous exception] [object] (Illuminate\\Database\\SQLiteDatabaseDoesNotExistException(code: 0): Database file at path [C:\\xamppnew\\htdocs\\SSP2-Assignment\\Application\\TyperDis\\database\\database.sqlite] does not exist. Ensure this is an absolute path to the database. at C:/xamppnew/htdocs/SSP2-Assignment/Application/TyperDis/vendor/laravel/framework/src/Illuminate/Database/Connectors/SQLiteConnector.php:61)
[stacktrace]
#0 C:/xamppnew/htdocs/SSP2-Assignment/Application/TyperDis/vendor/laravel/framework/src/Illuminate/Database/Connectors/SQLiteConnector.php(19): Illuminate/Database/Connectors/SQLiteConnector->parseDatabasePath()
#1 C:/xamppnew/htdocs/SSP2-Assignment/Application/TyperDis/vendor/laravel/framework/src/Illuminate/Database/Connectors/ConnectionFactory.php(259): Illuminate/Database/Connectors/SQLiteConnector->connect()
#2 [internal function]: Illuminate/Database/Connectors/ConnectionFactory->{closure:Illuminate/Database/Connectors/ConnectionFactory::createPdoResolverWithoutHosts():259}()
#3 C:/xamppnew/htdocs/SSP2-Assignment/Application/TyperDis/vendor/laravel/framework/src/Illuminate/Database/Connection.php(1298): call_user_func()
#4 C:/xamppnew/htdocs/SSP2-Assignment/Application/TyperDis/vendor/laravel/framework/src/Illuminate/Database/Connection.php(622): Illuminate/Database/Connection->getPdo()
#5 C:/xamppnew/htdocs/SSP2-Assignment/Application/TyperDis/vendor/laravel/framework/src/Illuminate/Database/Connection.php(846): Illuminate/Database/Connection->{closure:Illuminate/Database/Connection::affectingStatement():614}()
#6 C:/xamppnew/htdocs/SSP2-Assignment/Application/TyperDis/vendor/laravel/framework/src/Illuminate/Database/Connection.php(813): Illuminate/Database/Connection->runQueryCallback()
#7 C:/xamppnew/htdocs/SSP2-Assignment/Application/TyperDis/vendor/laravel/framework/src/Illuminate/Database/Connection.php(614): Illuminate/Database/Connection->run()
#8 C:/xamppnew/htdocs/SSP2-Assignment/Application/TyperDis/vendor/laravel/framework/src/Illuminate/Database/Connection.php(578): Illuminate/Database/Connection->affectingStatement()
#9 C:/xamppnew/htdocs/SSP2-Assignment/Application/TyperDis/vendor/laravel/framework/src/Illuminate/Database/Query/Builder.php(4576): Illuminate/Database/Connection->delete()
#10 C:/xamppnew/htdocs/SSP2-Assignment/Application/TyperDis/vendor/laravel/framework/src/Illuminate/Cache/DatabaseStore.php(450): Illuminate/Database/Query/Builder->delete()
#11 C:/xamppnew/htdocs/SSP2-Assignment/Application/TyperDis/vendor/laravel/framework/src/Illuminate/Cache/Repository.php(1086): Illuminate/Cache/DatabaseStore->flush()
#12 C:/xamppnew/htdocs/SSP2-Assignment/Application/TyperDis/vendor/laravel/framework/src/Illuminate/Cache/Console/ClearCommand.php(81): Illuminate/Cache/Repository->__call()
#13 C:/xamppnew/htdocs/SSP2-Assignment/Application/TyperDis/vendor/laravel/framework/src/Illuminate/Container/BoundMethod.php(36): Illuminate/Cache/Console/ClearCommand->handle()
#14 C:/xamppnew/htdocs/SSP2-Assignment/Application/TyperDis/vendor/laravel/framework/src/Illuminate/Container/Util.php(43): Illuminate/Container/BoundMethod::{closure:Illuminate/Container/BoundMethod::call():35}()
#15 C:/xamppnew/htdocs/SSP2-Assignment/Application/TyperDis/vendor/laravel/framework/src/Illuminate/Container/BoundMethod.php(96): Illuminate/Container/Util::unwrapIfClosure()
#16 C:/xamppnew/htdocs/SSP2-Assignment/Application/TyperDis/vendor/laravel/framework/src/Illuminate/Container/BoundMethod.php(35): Illuminate/Container/BoundMethod::callBoundMethod()
#17 C:/xamppnew/htdocs/SSP2-Assignment/Application/TyperDis/vendor/laravel/framework/src/Illuminate/Container/Container.php(803): Illuminate/Container/BoundMethod::call()
#18 C:/xamppnew/htdocs/SSP2-Assignment/Application/TyperDis/vendor/laravel/framework/src/Illuminate/Console/Command.php(292): Illuminate/Container/Container->call()
#19 C:/xamppnew/htdocs/SSP2-Assignment/Application/TyperDis/vendor/symfony/console/Command/Command.php(285): Illuminate/Console/Command->execute()
#20 C:/xamppnew/htdocs/SSP2-Assignment/Application/TyperDis/vendor/laravel/framework/src/Illuminate/Console/Command.php(261): Symfony/Component/Console/Command/Command->run()
#21 C:/xamppnew/htdocs/SSP2-Assignment/Application/TyperDis/vendor/laravel/framework/src/Illuminate/Console/Concerns/CallsCommands.php(68): Illuminate/Console/Command->run()
#22 C:/xamppnew/htdocs/SSP2-Assignment/Application/TyperDis/vendor/laravel/framework/src/Illuminate/Console/Concerns/CallsCommands.php(41): Illuminate/Console/Command->runCommand()
#23 C:/xamppnew/htdocs/SSP2-Assignment/Application/TyperDis/vendor/laravel/framework/src/Illuminate/Console/Concerns/CallsCommands.php(53): Illuminate/Console/Command->callSilent()
#24 C:/xamppnew/htdocs/SSP2-Assignment/Application/TyperDis/vendor/laravel/framework/src/Illuminate/Foundation/Console/OptimizeClearCommand.php(48): Illuminate/Console/Command->callSilently()
#25 C:/xamppnew/htdocs/SSP2-Assignment/Application/TyperDis/vendor/laravel/framework/src/Illuminate/Console/View/Components/Task.php(43): Illuminate/Foundation/Console/OptimizeClearCommand->{closure:Illuminate/Foundation/Console/OptimizeClearCommand::handle():48}()
#26 C:/xamppnew/htdocs/SSP2-Assignment/Application/TyperDis/vendor/laravel/framework/src/Illuminate/Console/View/Components/Factory.php(61): Illuminate/Console/View/Components/Task->render()
#27 C:/xamppnew/htdocs/SSP2-Assignment/Application/TyperDis/vendor/laravel/framework/src/Illuminate/Foundation/Console/OptimizeClearCommand.php(48): Illuminate/Console/View/Components/Factory->__call()
#28 C:/xamppnew/htdocs/SSP2-Assignment/Application/TyperDis/vendor/laravel/framework/src/Illuminate/Container/BoundMethod.php(36): Illuminate/Foundation/Console/OptimizeClearCommand->handle()
#29 C:/xamppnew/htdocs/SSP2-Assignment/Application/TyperDis/vendor/laravel/framework/src/Illuminate/Container/Util.php(43): Illuminate/Container/BoundMethod::{closure:Illuminate/Container/BoundMethod::call():35}()
#30 C:/xamppnew/htdocs/SSP2-Assignment/Application/TyperDis/vendor/laravel/framework/src/Illuminate/Container/BoundMethod.php(96): Illuminate/Container/Util::unwrapIfClosure()
#31 C:/xamppnew/htdocs/SSP2-Assignment/Application/TyperDis/vendor/laravel/framework/src/Illuminate/Container/BoundMethod.php(35): Illuminate/Container/BoundMethod::callBoundMethod()
#32 C:/xamppnew/htdocs/SSP2-Assignment/Application/TyperDis/vendor/laravel/framework/src/Illuminate/Container/Container.php(803): Illuminate/Container/BoundMethod::call()
#33 C:/xamppnew/htdocs/SSP2-Assignment/Application/TyperDis/vendor/laravel/framework/src/Illuminate/Console/Command.php(292): Illuminate/Container/Container->call()
#34 C:/xamppnew/htdocs/SSP2-Assignment/Application/TyperDis/vendor/symfony/console/Command/Command.php(285): Illuminate/Console/Command->execute()
#35 C:/xamppnew/htdocs/SSP2-Assignment/Application/TyperDis/vendor/laravel/framework/src/Illuminate/Console/Command.php(261): Symfony/Component/Console/Command/Command->run()
#36 C:/xamppnew/htdocs/SSP2-Assignment/Application/TyperDis/vendor/symfony/console/Application.php(1144): Illuminate/Console/Command->run()
#37 C:/xamppnew/htdocs/SSP2-Assignment/Application/TyperDis/vendor/symfony/console/Application.php(379): Symfony/Component/Console/Application->doRunCommand()
#38 C:/xamppnew/htdocs/SSP2-Assignment/Application/TyperDis/vendor/symfony/console/Application.php(218): Symfony/Component/Console/Application->doRun()
#39 C:/xamppnew/htdocs/SSP2-Assignment/Application/TyperDis/vendor/laravel/framework/src/Illuminate/Foundation/Console/Kernel.php(198): Symfony/Component/Console/Application->run()
#40 C:/xamppnew/htdocs/SSP2-Assignment/Application/TyperDis/vendor/laravel/framework/src/Illuminate/Foundation/Application.php(1242): Illuminate/Foundation/Console/Kernel->handle()
#41 C:/xamppnew/htdocs/SSP2-Assignment/Application/TyperDis/artisan(16): Illuminate/Foundation/Application->handleCommand()
#42 {main}
"} 
[2026-09-09 15:43:04] local.ERROR: Database file at path [C:\xamppnew\htdocs\SSP2-Assignment\Application\TyperDis\database\database.sqlite] does not exist. Ensure this is an absolute path to the database. (Connection: sqlite, Database: C:\xamppnew\htdocs\SSP2-Assignment\Application\TyperDis\database\database.sqlite, SQL: delete from "cache") {"exception":"[object] (Illuminate\\Database\\QueryException(code: 0): Database file at path [C:\\xamppnew\\htdocs\\SSP2-Assignment\\Application\\TyperDis\\database\\database.sqlite] does not exist. Ensure this is an absolute path to the database. (Connection: sqlite, Database: C:\\xamppnew\\htdocs\\SSP2-Assignment\\Application\\TyperDis\\database\\database.sqlite, SQL: delete from \"cache\") at C:/xamppnew/htdocs/SSP2-Assignment/Application/TyperDis/vendor/laravel/framework/src/Illuminate/Database/Connection.php:857)
[stacktrace]
#0 C:/xamppnew/htdocs/SSP2-Assignment/Application/TyperDis/vendor/laravel/framework/src/Illuminate/Database/Connection.php(813): Illuminate/Database/Connection->runQueryCallback()
#1 C:/xamppnew/htdocs/SSP2-Assignment/Application/TyperDis/vendor/laravel/framework/src/Illuminate/Database/Connection.php(614): Illuminate/Database/Connection->run()
#2 C:/xamppnew/htdocs/SSP2-Assignment/Application/TyperDis/vendor/laravel/framework/src/Illuminate/Database/Connection.php(578): Illuminate/Database/Connection->affectingStatement()
#3 C:/xamppnew/htdocs/SSP2-Assignment/Application/TyperDis/vendor/laravel/framework/src/Illuminate/Database/Query/Builder.php(4576): Illuminate/Database/Connection->delete()
#4 C:/xamppnew/htdocs/SSP2-Assignment/Application/TyperDis/vendor/laravel/framework/src/Illuminate/Cache/DatabaseStore.php(450): Illuminate/Database/Query/Builder->delete()
#5 C:/xamppnew/htdocs/SSP2-Assignment/Application/TyperDis/vendor/laravel/framework/src/Illuminate/Cache/Repository.php(1086): Illuminate/Cache/DatabaseStore->flush()
#6 C:/xamppnew/htdocs/SSP2-Assignment/Application/TyperDis/vendor/laravel/framework/src/Illuminate/Cache/Console/ClearCommand.php(81): Illuminate/Cache/Repository->__call()
#7 C:/xamppnew/htdocs/SSP2-Assignment/Application/TyperDis/vendor/laravel/framework/src/Illuminate/Container/BoundMethod.php(36): Illuminate/Cache/Console/ClearCommand->handle()
#8 C:/xamppnew/htdocs/SSP2-Assignment/Application/TyperDis/vendor/laravel/framework/src/Illuminate/Container/Util.php(43): Illuminate/Container/BoundMethod::{closure:Illuminate/Container/BoundMethod::call():35}()
#9 C:/xamppnew/htdocs/SSP2-Assignment/Application/TyperDis/vendor/laravel/framework/src/Illuminate/Container/BoundMethod.php(96): Illuminate/Container/Util::unwrapIfClosure()
#10 C:/xamppnew/htdocs/SSP2-Assignment/Application/TyperDis/vendor/laravel/framework/src/Illuminate/Container/BoundMethod.php(35): Illuminate/Container/BoundMethod::callBoundMethod()
#11 C:/xamppnew/htdocs/SSP2-Assignment/Application/TyperDis/vendor/laravel/framework/src/Illuminate/Container/Container.php(803): Illuminate/Container/BoundMethod::call()
#12 C:/xamppnew/htdocs/SSP2-Assignment/Application/TyperDis/vendor/laravel/framework/src/Illuminate/Console/Command.php(292): Illuminate/Container/Container->call()
#13 C:/xamppnew/htdocs/SSP2-Assignment/Application/TyperDis/vendor/symfony/console/Command/Command.php(285): Illuminate/Console/Command->execute()
#14 C:/xamppnew/htdocs/SSP2-Assignment/Application/TyperDis/vendor/laravel/framework/src/Illuminate/Console/Command.php(261): Symfony/Component/Console/Command/Command->run()
#15 C:/xamppnew/htdocs/SSP2-Assignment/Application/TyperDis/vendor/symfony/console/Application.php(1144): Illuminate/Console/Command->run()
#16 C:/xamppnew/htdocs/SSP2-Assignment/Application/TyperDis/vendor/symfony/console/Application.php(379): Symfony/Component/Console/Application->doRunCommand()
#17 C:/xamppnew/htdocs/SSP2-Assignment/Application/TyperDis/vendor/symfony/console/Application.php(218): Symfony/Component/Console/Application->doRun()
#18 C:/xamppnew/htdocs/SSP2-Assignment/Application/TyperDis/vendor/laravel/framework/src/Illuminate/Foundation/Console/Kernel.php(198): Symfony/Component/Console/Application->run()
#19 C:/xamppnew/htdocs/SSP2-Assignment/Application/TyperDis/vendor/laravel/framework/src/Illuminate/Foundation/Application.php(1242): Illuminate/Foundation/Console/Kernel->handle()
#20 C:/xamppnew/htdocs/SSP2-Assignment/Application/TyperDis/artisan(16): Illuminate/Foundation/Application->handleCommand()
#21 {main}

[previous exception] [object] (Illuminate\\Database\\SQLiteDatabaseDoesNotExistException(code: 0): Database file at path [C:\\xamppnew\\htdocs\\SSP2-Assignment\\Application\\TyperDis\\database\\database.sqlite] does not exist. Ensure this is an absolute path to the database. at C:/xamppnew/htdocs/SSP2-Assignment/Application/TyperDis/vendor/laravel/framework/src/Illuminate/Database/Connectors/SQLiteConnector.php:61)
[stacktrace]
#0 C:/xamppnew/htdocs/SSP2-Assignment/Application/TyperDis/vendor/laravel/framework/src/Illuminate/Database/Connectors/SQLiteConnector.php(19): Illuminate/Database/Connectors/SQLiteConnector->parseDatabasePath()
#1 C:/xamppnew/htdocs/SSP2-Assignment/Application/TyperDis/vendor/laravel/framework/src/Illuminate/Database/Connectors/ConnectionFactory.php(259): Illuminate/Database/Connectors/SQLiteConnector->connect()
#2 [internal function]: Illuminate/Database/Connectors/ConnectionFactory->{closure:Illuminate/Database/Connectors/ConnectionFactory::createPdoResolverWithoutHosts():259}()
#3 C:/xamppnew/htdocs/SSP2-Assignment/Application/TyperDis/vendor/laravel/framework/src/Illuminate/Database/Connection.php(1298): call_user_func()
#4 C:/xamppnew/htdocs/SSP2-Assignment/Application/TyperDis/vendor/laravel/framework/src/Illuminate/Database/Connection.php(622): Illuminate/Database/Connection->getPdo()
#5 C:/xamppnew/htdocs/SSP2-Assignment/Application/TyperDis/vendor/laravel/framework/src/Illuminate/Database/Connection.php(846): Illuminate/Database/Connection->{closure:Illuminate/Database/Connection::affectingStatement():614}()
#6 C:/xamppnew/htdocs/SSP2-Assignment/Application/TyperDis/vendor/laravel/framework/src/Illuminate/Database/Connection.php(813): Illuminate/Database/Connection->runQueryCallback()
#7 C:/xamppnew/htdocs/SSP2-Assignment/Application/TyperDis/vendor/laravel/framework/src/Illuminate/Database/Connection.php(614): Illuminate/Database/Connection->run()
#8 C:/xamppnew/htdocs/SSP2-Assignment/Application/TyperDis/vendor/laravel/framework/src/Illuminate/Database/Connection.php(578): Illuminate/Database/Connection->affectingStatement()
#9 C:/xamppnew/htdocs/SSP2-Assignment/Application/TyperDis/vendor/laravel/framework/src/Illuminate/Database/Query/Builder.php(4576): Illuminate/Database/Connection->delete()
#10 C:/xamppnew/htdocs/SSP2-Assignment/Application/TyperDis/vendor/laravel/framework/src/Illuminate/Cache/DatabaseStore.php(450): Illuminate/Database/Query/Builder->delete()
#11 C:/xamppnew/htdocs/SSP2-Assignment/Application/TyperDis/vendor/laravel/framework/src/Illuminate/Cache/Repository.php(1086): Illuminate/Cache/DatabaseStore->flush()
#12 C:/xamppnew/htdocs/SSP2-Assignment/Application/TyperDis/vendor/laravel/framework/src/Illuminate/Cache/Console/ClearCommand.php(81): Illuminate/Cache/Repository->__call()
#13 C:/xamppnew/htdocs/SSP2-Assignment/Application/TyperDis/vendor/laravel/framework/src/Illuminate/Container/BoundMethod.php(36): Illuminate/Cache/Console/ClearCommand->handle()
#14 C:/xamppnew/htdocs/SSP2-Assignment/Application/TyperDis/vendor/laravel/framework/src/Illuminate/Container/Util.php(43): Illuminate/Container/BoundMethod::{closure:Illuminate/Container/BoundMethod::call():35}()
#15 C:/xamppnew/htdocs/SSP2-Assignment/Application/TyperDis/vendor/laravel/framework/src/Illuminate/Container/BoundMethod.php(96): Illuminate/Container/Util::unwrapIfClosure()
#16 C:/xamppnew/htdocs/SSP2-Assignment/Application/TyperDis/vendor/laravel/framework/src/Illuminate/Container/BoundMethod.php(35): Illuminate/Container/BoundMethod::callBoundMethod()
#17 C:/xamppnew/htdocs/SSP2-Assignment/Application/TyperDis/vendor/laravel/framework/src/Illuminate/Container/Container.php(803): Illuminate/Container/BoundMethod::call()
#18 C:/xamppnew/htdocs/SSP2-Assignment/Application/TyperDis/vendor/laravel/framework/src/Illuminate/Console/Command.php(292): Illuminate/Container/Container->call()
#19 C:/xamppnew/htdocs/SSP2-Assignment/Application/TyperDis/vendor/symfony/console/Command/Command.php(285): Illuminate/Console/Command->execute()
#20 C:/xamppnew/htdocs/SSP2-Assignment/Application/TyperDis/vendor/laravel/framework/src/Illuminate/Console/Command.php(261): Symfony/Component/Console/Command/Command->run()
#21 C:/xamppnew/htdocs/SSP2-Assignment/Application/TyperDis/vendor/symfony/console/Application.php(1144): Illuminate/Console/Command->run()
#22 C:/xamppnew/htdocs/SSP2-Assignment/Application/TyperDis/vendor/symfony/console/Application.php(379): Symfony/Component/Console/Application->doRunCommand()
#23 C:/xamppnew/htdocs/SSP2-Assignment/Application/TyperDis/vendor/symfony/console/Application.php(218): Symfony/Component/Console/Application->doRun()
#24 C:/xamppnew/htdocs/SSP2-Assignment/Application/TyperDis/vendor/laravel/framework/src/Illuminate/Foundation/Console/Kernel.php(198): Symfony/Component/Console/Application->run()
#25 C:/xamppnew/htdocs/SSP2-Assignment/Application/TyperDis/vendor/laravel/framework/src/Illuminate/Foundation/Application.php(1242): Illuminate/Foundation/Console/Kernel->handle()
#26 C:/xamppnew/htdocs/SSP2-Assignment/Application/TyperDis/artisan(16): Illuminate/Foundation/Application->handleCommand()
#27 {main}
"} 
[2026-09-09 15:43:21] local.ERROR: Database file at path [C:\xamppnew\htdocs\SSP2-Assignment\Application\TyperDis\database\database.sqlite] does not exist. Ensure this is an absolute path to the database. (Connection: sqlite, Database: C:\xamppnew\htdocs\SSP2-Assignment\Application\TyperDis\database\database.sqlite, SQL: delete from "cache") {"exception":"[object] (Illuminate\\Database\\QueryException(code: 0): Database file at path [C:\\xamppnew\\htdocs\\SSP2-Assignment\\Application\\TyperDis\\database\\database.sqlite] does not exist. Ensure this is an absolute path to the database. (Connection: sqlite, Database: C:\\xamppnew\\htdocs\\SSP2-Assignment\\Application\\TyperDis\\database\\database.sqlite, SQL: delete from \"cache\") at C:/xamppnew/htdocs/SSP2-Assignment/Application/TyperDis/vendor/laravel/framework/src/Illuminate/Database/Connection.php:857)
[stacktrace]
#0 C:/xamppnew/htdocs/SSP2-Assignment/Application/TyperDis/vendor/laravel/framework/src/Illuminate/Database/Connection.php(813): Illuminate/Database/Connection->runQueryCallback()
#1 C:/xamppnew/htdocs/SSP2-Assignment/Application/TyperDis/vendor/laravel/framework/src/Illuminate/Database/Connection.php(614): Illuminate/Database/Connection->run()
#2 C:/xamppnew/htdocs/SSP2-Assignment/Application/TyperDis/vendor/laravel/framework/src/Illuminate/Database/Connection.php(578): Illuminate/Database/Connection->affectingStatement()
#3 C:/xamppnew/htdocs/SSP2-Assignment/Application/TyperDis/vendor/laravel/framework/src/Illuminate/Database/Query/Builder.php(4576): Illuminate/Database/Connection->delete()
#4 C:/xamppnew/htdocs/SSP2-Assignment/Application/TyperDis/vendor/laravel/framework/src/Illuminate/Cache/DatabaseStore.php(450): Illuminate/Database/Query/Builder->delete()
#5 C:/xamppnew/htdocs/SSP2-Assignment/Application/TyperDis/vendor/laravel/framework/src/Illuminate/Cache/Repository.php(1086): Illuminate/Cache/DatabaseStore->flush()
#6 C:/xamppnew/htdocs/SSP2-Assignment/Application/TyperDis/vendor/laravel/framework/src/Illuminate/Cache/Console/ClearCommand.php(81): Illuminate/Cache/Repository->__call()
#7 C:/xamppnew/htdocs/SSP2-Assignment/Application/TyperDis/vendor/laravel/framework/src/Illuminate/Container/BoundMethod.php(36): Illuminate/Cache/Console/ClearCommand->handle()
#8 C:/xamppnew/htdocs/SSP2-Assignment/Application/TyperDis/vendor/laravel/framework/src/Illuminate/Container/Util.php(43): Illuminate/Container/BoundMethod::{closure:Illuminate/Container/BoundMethod::call():35}()
#9 C:/xamppnew/htdocs/SSP2-Assignment/Application/TyperDis/vendor/laravel/framework/src/Illuminate/Container/BoundMethod.php(96): Illuminate/Container/Util::unwrapIfClosure()
#10 C:/xamppnew/htdocs/SSP2-Assignment/Application/TyperDis/vendor/laravel/framework/src/Illuminate/Container/BoundMethod.php(35): Illuminate/Container/BoundMethod::callBoundMethod()
#11 C:/xamppnew/htdocs/SSP2-Assignment/Application/TyperDis/vendor/laravel/framework/src/Illuminate/Container/Container.php(803): Illuminate/Container/BoundMethod::call()
#12 C:/xamppnew/htdocs/SSP2-Assignment/Application/TyperDis/vendor/laravel/framework/src/Illuminate/Console/Command.php(292): Illuminate/Container/Container->call()
#13 C:/xamppnew/htdocs/SSP2-Assignment/Application/TyperDis/vendor/symfony/console/Command/Command.php(285): Illuminate/Console/Command->execute()
#14 C:/xamppnew/htdocs/SSP2-Assignment/Application/TyperDis/vendor/laravel/framework/src/Illuminate/Console/Command.php(261): Symfony/Component/Console/Command/Command->run()
#15 C:/xamppnew/htdocs/SSP2-Assignment/Application/TyperDis/vendor/laravel/framework/src/Illuminate/Console/Concerns/CallsCommands.php(68): Illuminate/Console/Command->run()
#16 C:/xamppnew/htdocs/SSP2-Assignment/Application/TyperDis/vendor/laravel/framework/src/Illuminate/Console/Concerns/CallsCommands.php(41): Illuminate/Console/Command->runCommand()
#17 C:/xamppnew/htdocs/SSP2-Assignment/Application/TyperDis/vendor/laravel/framework/src/Illuminate/Console/Concerns/CallsCommands.php(53): Illuminate/Console/Command->callSilent()
#18 C:/xamppnew/htdocs/SSP2-Assignment/Application/TyperDis/vendor/laravel/framework/src/Illuminate/Foundation/Console/OptimizeClearCommand.php(48): Illuminate/Console/Command->callSilently()
#19 C:/xamppnew/htdocs/SSP2-Assignment/Application/TyperDis/vendor/laravel/framework/src/Illuminate/Console/View/Components/Task.php(43): Illuminate/Foundation/Console/OptimizeClearCommand->{closure:Illuminate/Foundation/Console/OptimizeClearCommand::handle():48}()
#20 C:/xamppnew/htdocs/SSP2-Assignment/Application/TyperDis/vendor/laravel/framework/src/Illuminate/Console/View/Components/Factory.php(61): Illuminate/Console/View/Components/Task->render()
#21 C:/xamppnew/htdocs/SSP2-Assignment/Application/TyperDis/vendor/laravel/framework/src/Illuminate/Foundation/Console/OptimizeClearCommand.php(48): Illuminate/Console/View/Components/Factory->__call()
#22 C:/xamppnew/htdocs/SSP2-Assignment/Application/TyperDis/vendor/laravel/framework/src/Illuminate/Container/BoundMethod.php(36): Illuminate/Foundation/Console/OptimizeClearCommand->handle()
#23 C:/xamppnew/htdocs/SSP2-Assignment/Application/TyperDis/vendor/laravel/framework/src/Illuminate/Container/Util.php(43): Illuminate/Container/BoundMethod::{closure:Illuminate/Container/BoundMethod::call():35}()
#24 C:/xamppnew/htdocs/SSP2-Assignment/Application/TyperDis/vendor/laravel/framework/src/Illuminate/Container/BoundMethod.php(96): Illuminate/Container/Util::unwrapIfClosure()
#25 C:/xamppnew/htdocs/SSP2-Assignment/Application/TyperDis/vendor/laravel/framework/src/Illuminate/Container/BoundMethod.php(35): Illuminate/Container/BoundMethod::callBoundMethod()
#26 C:/xamppnew/htdocs/SSP2-Assignment/Application/TyperDis/vendor/laravel/framework/src/Illuminate/Container/Container.php(803): Illuminate/Container/BoundMethod::call()
#27 C:/xamppnew/htdocs/SSP2-Assignment/Application/TyperDis/vendor/laravel/framework/src/Illuminate/Console/Command.php(292): Illuminate/Container/Container->call()
#28 C:/xamppnew/htdocs/SSP2-Assignment/Application/TyperDis/vendor/symfony/console/Command/Command.php(285): Illuminate/Console/Command->execute()
#29 C:/xamppnew/htdocs/SSP2-Assignment/Application/TyperDis/vendor/laravel/framework/src/Illuminate/Console/Command.php(261): Symfony/Component/Console/Command/Command->run()
#30 C:/xamppnew/htdocs/SSP2-Assignment/Application/TyperDis/vendor/symfony/console/Application.php(1144): Illuminate/Console/Command->run()
#31 C:/xamppnew/htdocs/SSP2-Assignment/Application/TyperDis/vendor/symfony/console/Application.php(379): Symfony/Component/Console/Application->doRunCommand()
#32 C:/xamppnew/htdocs/SSP2-Assignment/Application/TyperDis/vendor/symfony/console/Application.php(218): Symfony/Component/Console/Application->doRun()
#33 C:/xamppnew/htdocs/SSP2-Assignment/Application/TyperDis/vendor/laravel/framework/src/Illuminate/Foundation/Console/Kernel.php(198): Symfony/Component/Console/Application->run()
#34 C:/xamppnew/htdocs/SSP2-Assignment/Application/TyperDis/vendor/laravel/framework/src/Illuminate/Foundation/Application.php(1242): Illuminate/Foundation/Console/Kernel->handle()
#35 C:/xamppnew/htdocs/SSP2-Assignment/Application/TyperDis/artisan(16): Illuminate/Foundation/Application->handleCommand()
#36 {main}

[previous exception] [object] (Illuminate\\Database\\SQLiteDatabaseDoesNotExistException(code: 0): Database file at path [C:\\xamppnew\\htdocs\\SSP2-Assignment\\Application\\TyperDis\\database\\database.sqlite] does not exist. Ensure this is an absolute path to the database. at C:/xamppnew/htdocs/SSP2-Assignment/Application/TyperDis/vendor/laravel/framework/src/Illuminate/Database/Connectors/SQLiteConnector.php:61)
[stacktrace]
#0 C:/xamppnew/htdocs/SSP2-Assignment/Application/TyperDis/vendor/laravel/framework/src/Illuminate/Database/Connectors/SQLiteConnector.php(19): Illuminate/Database/Connectors/SQLiteConnector->parseDatabasePath()
#1 C:/xamppnew/htdocs/SSP2-Assignment/Application/TyperDis/vendor/laravel/framework/src/Illuminate/Database/Connectors/ConnectionFactory.php(259): Illuminate/Database/Connectors/SQLiteConnector->connect()
#2 [internal function]: Illuminate/Database/Connectors/ConnectionFactory->{closure:Illuminate/Database/Connectors/ConnectionFactory::createPdoResolverWithoutHosts():259}()
#3 C:/xamppnew/htdocs/SSP2-Assignment/Application/TyperDis/vendor/laravel/framework/src/Illuminate/Database/Connection.php(1298): call_user_func()
#4 C:/xamppnew/htdocs/SSP2-Assignment/Application/TyperDis/vendor/laravel/framework/src/Illuminate/Database/Connection.php(622): Illuminate/Database/Connection->getPdo()
#5 C:/xamppnew/htdocs/SSP2-Assignment/Application/TyperDis/vendor/laravel/framework/src/Illuminate/Database/Connection.php(846): Illuminate/Database/Connection->{closure:Illuminate/Database/Connection::affectingStatement():614}()
#6 C:/xamppnew/htdocs/SSP2-Assignment/Application/TyperDis/vendor/laravel/framework/src/Illuminate/Database/Connection.php(813): Illuminate/Database/Connection->runQueryCallback()
#7 C:/xamppnew/htdocs/SSP2-Assignment/Application/TyperDis/vendor/laravel/framework/src/Illuminate/Database/Connection.php(614): Illuminate/Database/Connection->run()
#8 C:/xamppnew/htdocs/SSP2-Assignment/Application/TyperDis/vendor/laravel/framework/src/Illuminate/Database/Connection.php(578): Illuminate/Database/Connection->affectingStatement()
#9 C:/xamppnew/htdocs/SSP2-Assignment/Application/TyperDis/vendor/laravel/framework/src/Illuminate/Database/Query/Builder.php(4576): Illuminate/Database/Connection->delete()
#10 C:/xamppnew/htdocs/SSP2-Assignment/Application/TyperDis/vendor/laravel/framework/src/Illuminate/Cache/DatabaseStore.php(450): Illuminate/Database/Query/Builder->delete()
#11 C:/xamppnew/htdocs/SSP2-Assignment/Application/TyperDis/vendor/laravel/framework/src/Illuminate/Cache/Repository.php(1086): Illuminate/Cache/DatabaseStore->flush()
#12 C:/xamppnew/htdocs/SSP2-Assignment/Application/TyperDis/vendor/laravel/framework/src/Illuminate/Cache/Console/ClearCommand.php(81): Illuminate/Cache/Repository->__call()
#13 C:/xamppnew/htdocs/SSP2-Assignment/Application/TyperDis/vendor/laravel/framework/src/Illuminate/Container/BoundMethod.php(36): Illuminate/Cache/Console/ClearCommand->handle()
#14 C:/xamppnew/htdocs/SSP2-Assignment/Application/TyperDis/vendor/laravel/framework/src/Illuminate/Container/Util.php(43): Illuminate/Container/BoundMethod::{closure:Illuminate/Container/BoundMethod::call():35}()
#15 C:/xamppnew/htdocs/SSP2-Assignment/Application/TyperDis/vendor/laravel/framework/src/Illuminate/Container/BoundMethod.php(96): Illuminate/Container/Util::unwrapIfClosure()
#16 C:/xamppnew/htdocs/SSP2-Assignment/Application/TyperDis/vendor/laravel/framework/src/Illuminate/Container/BoundMethod.php(35): Illuminate/Container/BoundMethod::callBoundMethod()
#17 C:/xamppnew/htdocs/SSP2-Assignment/Application/TyperDis/vendor/laravel/framework/src/Illuminate/Container/Container.php(803): Illuminate/Container/BoundMethod::call()
#18 C:/xamppnew/htdocs/SSP2-Assignment/Application/TyperDis/vendor/laravel/framework/src/Illuminate/Console/Command.php(292): Illuminate/Container/Container->call()
#19 C:/xamppnew/htdocs/SSP2-Assignment/Application/TyperDis/vendor/symfony/console/Command/Command.php(285): Illuminate/Console/Command->execute()
#20 C:/xamppnew/htdocs/SSP2-Assignment/Application/TyperDis/vendor/laravel/framework/src/Illuminate/Console/Command.php(261): Symfony/Component/Console/Command/Command->run()
#21 C:/xamppnew/htdocs/SSP2-Assignment/Application/TyperDis/vendor/laravel/framework/src/Illuminate/Console/Concerns/CallsCommands.php(68): Illuminate/Console/Command->run()
#22 C:/xamppnew/htdocs/SSP2-Assignment/Application/TyperDis/vendor/laravel/framework/src/Illuminate/Console/Concerns/CallsCommands.php(41): Illuminate/Console/Command->runCommand()
#23 C:/xamppnew/htdocs/SSP2-Assignment/Application/TyperDis/vendor/laravel/framework/src/Illuminate/Console/Concerns/CallsCommands.php(53): Illuminate/Console/Command->callSilent()
#24 C:/xamppnew/htdocs/SSP2-Assignment/Application/TyperDis/vendor/laravel/framework/src/Illuminate/Foundation/Console/OptimizeClearCommand.php(48): Illuminate/Console/Command->callSilently()
#25 C:/xamppnew/htdocs/SSP2-Assignment/Application/TyperDis/vendor/laravel/framework/src/Illuminate/Console/View/Components/Task.php(43): Illuminate/Foundation/Console/OptimizeClearCommand->{closure:Illuminate/Foundation/Console/OptimizeClearCommand::handle():48}()
#26 C:/xamppnew/htdocs/SSP2-Assignment/Application/TyperDis/vendor/laravel/framework/src/Illuminate/Console/View/Components/Factory.php(61): Illuminate/Console/View/Components/Task->render()
#27 C:/xamppnew/htdocs/SSP2-Assignment/Application/TyperDis/vendor/laravel/framework/src/Illuminate/Foundation/Console/OptimizeClearCommand.php(48): Illuminate/Console/View/Components/Factory->__call()
#28 C:/xamppnew/htdocs/SSP2-Assignment/Application/TyperDis/vendor/laravel/framework/src/Illuminate/Container/BoundMethod.php(36): Illuminate/Foundation/Console/OptimizeClearCommand->handle()
#29 C:/xamppnew/htdocs/SSP2-Assignment/Application/TyperDis/vendor/laravel/framework/src/Illuminate/Container/Util.php(43): Illuminate/Container/BoundMethod::{closure:Illuminate/Container/BoundMethod::call():35}()
#30 C:/xamppnew/htdocs/SSP2-Assignment/Application/TyperDis/vendor/laravel/framework/src/Illuminate/Container/BoundMethod.php(96): Illuminate/Container/Util::unwrapIfClosure()
#31 C:/xamppnew/htdocs/SSP2-Assignment/Application/TyperDis/vendor/laravel/framework/src/Illuminate/Container/BoundMethod.php(35): Illuminate/Container/BoundMethod::callBoundMethod()
#32 C:/xamppnew/htdocs/SSP2-Assignment/Application/TyperDis/vendor/laravel/framework/src/Illuminate/Container/Container.php(803): Illuminate/Container/BoundMethod::call()
#33 C:/xamppnew/htdocs/SSP2-Assignment/Application/TyperDis/vendor/laravel/framework/src/Illuminate/Console/Command.php(292): Illuminate/Container/Container->call()
#34 C:/xamppnew/htdocs/SSP2-Assignment/Application/TyperDis/vendor/symfony/console/Command/Command.php(285): Illuminate/Console/Command->execute()
#35 C:/xamppnew/htdocs/SSP2-Assignment/Application/TyperDis/vendor/laravel/framework/src/Illuminate/Console/Command.php(261): Symfony/Component/Console/Command/Command->run()
#36 C:/xamppnew/htdocs/SSP2-Assignment/Application/TyperDis/vendor/symfony/console/Application.php(1144): Illuminate/Console/Command->run()
#37 C:/xamppnew/htdocs/SSP2-Assignment/Application/TyperDis/vendor/symfony/console/Application.php(379): Symfony/Component/Console/Application->doRunCommand()
#38 C:/xamppnew/htdocs/SSP2-Assignment/Application/TyperDis/vendor/symfony/console/Application.php(218): Symfony/Component/Console/Application->doRun()
#39 C:/xamppnew/htdocs/SSP2-Assignment/Application/TyperDis/vendor/laravel/framework/src/Illuminate/Foundation/Console/Kernel.php(198): Symfony/Component/Console/Application->run()
#40 C:/xamppnew/htdocs/SSP2-Assignment/Application/TyperDis/vendor/laravel/framework/src/Illuminate/Foundation/Application.php(1242): Illuminate/Foundation/Console/Kernel->handle()
#41 C:/xamppnew/htdocs/SSP2-Assignment/Application/TyperDis/artisan(16): Illuminate/Foundation/Application->handleCommand()
#42 {main}
"} 
[2026-09-09 15:45:27] local.ERROR: Database file at path [laravel] does not exist. Ensure this is an absolute path to the database. (Connection: sqlite, Database: laravel, SQL: delete from "cache") {"exception":"[object] (Illuminate\\Database\\QueryException(code: 0): Database file at path [laravel] does not exist. Ensure this is an absolute path to the database. (Connection: sqlite, Database: laravel, SQL: delete from \"cache\") at C:/xamppnew/htdocs/SSP2-Assignment/Application/TyperDis/vendor/laravel/framework/src/Illuminate/Database/Connection.php:857)
[stacktrace]
#0 C:/xamppnew/htdocs/SSP2-Assignment/Application/TyperDis/vendor/laravel/framework/src/Illuminate/Database/Connection.php(813): Illuminate/Database/Connection->runQueryCallback()
#1 C:/xamppnew/htdocs/SSP2-Assignment/Application/TyperDis/vendor/laravel/framework/src/Illuminate/Database/Connection.php(614): Illuminate/Database/Connection->run()
#2 C:/xamppnew/htdocs/SSP2-Assignment/Application/TyperDis/vendor/laravel/framework/src/Illuminate/Database/Connection.php(578): Illuminate/Database/Connection->affectingStatement()
#3 C:/xamppnew/htdocs/SSP2-Assignment/Application/TyperDis/vendor/laravel/framework/src/Illuminate/Database/Query/Builder.php(4576): Illuminate/Database/Connection->delete()
#4 C:/xamppnew/htdocs/SSP2-Assignment/Application/TyperDis/vendor/laravel/framework/src/Illuminate/Cache/DatabaseStore.php(450): Illuminate/Database/Query/Builder->delete()
#5 C:/xamppnew/htdocs/SSP2-Assignment/Application/TyperDis/vendor/laravel/framework/src/Illuminate/Cache/Repository.php(1086): Illuminate/Cache/DatabaseStore->flush()
#6 C:/xamppnew/htdocs/SSP2-Assignment/Application/TyperDis/vendor/laravel/framework/src/Illuminate/Cache/Console/ClearCommand.php(81): Illuminate/Cache/Repository->__call()
#7 C:/xamppnew/htdocs/SSP2-Assignment/Application/TyperDis/vendor/laravel/framework/src/Illuminate/Container/BoundMethod.php(36): Illuminate/Cache/Console/ClearCommand->handle()
#8 C:/xamppnew/htdocs/SSP2-Assignment/Application/TyperDis/vendor/laravel/framework/src/Illuminate/Container/Util.php(43): Illuminate/Container/BoundMethod::{closure:Illuminate/Container/BoundMethod::call():35}()
#9 C:/xamppnew/htdocs/SSP2-Assignment/Application/TyperDis/vendor/laravel/framework/src/Illuminate/Container/BoundMethod.php(96): Illuminate/Container/Util::unwrapIfClosure()
#10 C:/xamppnew/htdocs/SSP2-Assignment/Application/TyperDis/vendor/laravel/framework/src/Illuminate/Container/BoundMethod.php(35): Illuminate/Container/BoundMethod::callBoundMethod()
#11 C:/xamppnew/htdocs/SSP2-Assignment/Application/TyperDis/vendor/laravel/framework/src/Illuminate/Container/Container.php(803): Illuminate/Container/BoundMethod::call()
#12 C:/xamppnew/htdocs/SSP2-Assignment/Application/TyperDis/vendor/laravel/framework/src/Illuminate/Console/Command.php(292): Illuminate/Container/Container->call()
#13 C:/xamppnew/htdocs/SSP2-Assignment/Application/TyperDis/vendor/symfony/console/Command/Command.php(285): Illuminate/Console/Command->execute()
#14 C:/xamppnew/htdocs/SSP2-Assignment/Application/TyperDis/vendor/laravel/framework/src/Illuminate/Console/Command.php(261): Symfony/Component/Console/Command/Command->run()
#15 C:/xamppnew/htdocs/SSP2-Assignment/Application/TyperDis/vendor/symfony/console/Application.php(1144): Illuminate/Console/Command->run()
#16 C:/xamppnew/htdocs/SSP2-Assignment/Application/TyperDis/vendor/symfony/console/Application.php(379): Symfony/Component/Console/Application->doRunCommand()
#17 C:/xamppnew/htdocs/SSP2-Assignment/Application/TyperDis/vendor/symfony/console/Application.php(218): Symfony/Component/Console/Application->doRun()
#18 C:/xamppnew/htdocs/SSP2-Assignment/Application/TyperDis/vendor/laravel/framework/src/Illuminate/Foundation/Console/Kernel.php(198): Symfony/Component/Console/Application->run()
#19 C:/xamppnew/htdocs/SSP2-Assignment/Application/TyperDis/vendor/laravel/framework/src/Illuminate/Foundation/Application.php(1242): Illuminate/Foundation/Console/Kernel->handle()
#20 C:/xamppnew/htdocs/SSP2-Assignment/Application/TyperDis/artisan(16): Illuminate/Foundation/Application->handleCommand()
#21 {main}

[previous exception] [object] (Illuminate\\Database\\SQLiteDatabaseDoesNotExistException(code: 0): Database file at path [laravel] does not exist. Ensure this is an absolute path to the database. at C:/xamppnew/htdocs/SSP2-Assignment/Application/TyperDis/vendor/laravel/framework/src/Illuminate/Database/Connectors/SQLiteConnector.php:61)
[stacktrace]
#0 C:/xamppnew/htdocs/SSP2-Assignment/Application/TyperDis/vendor/laravel/framework/src/Illuminate/Database/Connectors/SQLiteConnector.php(19): Illuminate/Database/Connectors/SQLiteConnector->parseDatabasePath()
#1 C:/xamppnew/htdocs/SSP2-Assignment/Application/TyperDis/vendor/laravel/framework/src/Illuminate/Database/Connectors/ConnectionFactory.php(259): Illuminate/Database/Connectors/SQLiteConnector->connect()
#2 [internal function]: Illuminate/Database/Connectors/ConnectionFactory->{closure:Illuminate/Database/Connectors/ConnectionFactory::createPdoResolverWithoutHosts():259}()
#3 C:/xamppnew/htdocs/SSP2-Assignment/Application/TyperDis/vendor/laravel/framework/src/Illuminate/Database/Connection.php(1298): call_user_func()
#4 C:/xamppnew/htdocs/SSP2-Assignment/Application/TyperDis/vendor/laravel/framework/src/Illuminate/Database/Connection.php(622): Illuminate/Database/Connection->getPdo()
#5 C:/xamppnew/htdocs/SSP2-Assignment/Application/TyperDis/vendor/laravel/framework/src/Illuminate/Database/Connection.php(846): Illuminate/Database/Connection->{closure:Illuminate/Database/Connection::affectingStatement():614}()
#6 C:/xamppnew/htdocs/SSP2-Assignment/Application/TyperDis/vendor/laravel/framework/src/Illuminate/Database/Connection.php(813): Illuminate/Database/Connection->runQueryCallback()
#7 C:/xamppnew/htdocs/SSP2-Assignment/Application/TyperDis/vendor/laravel/framework/src/Illuminate/Database/Connection.php(614): Illuminate/Database/Connection->run()
#8 C:/xamppnew/htdocs/SSP2-Assignment/Application/TyperDis/vendor/laravel/framework/src/Illuminate/Database/Connection.php(578): Illuminate/Database/Connection->affectingStatement()
#9 C:/xamppnew/htdocs/SSP2-Assignment/Application/TyperDis/vendor/laravel/framework/src/Illuminate/Database/Query/Builder.php(4576): Illuminate/Database/Connection->delete()
#10 C:/xamppnew/htdocs/SSP2-Assignment/Application/TyperDis/vendor/laravel/framework/src/Illuminate/Cache/DatabaseStore.php(450): Illuminate/Database/Query/Builder->delete()
#11 C:/xamppnew/htdocs/SSP2-Assignment/Application/TyperDis/vendor/laravel/framework/src/Illuminate/Cache/Repository.php(1086): Illuminate/Cache/DatabaseStore->flush()
#12 C:/xamppnew/htdocs/SSP2-Assignment/Application/TyperDis/vendor/laravel/framework/src/Illuminate/Cache/Console/ClearCommand.php(81): Illuminate/Cache/Repository->__call()
#13 C:/xamppnew/htdocs/SSP2-Assignment/Application/TyperDis/vendor/laravel/framework/src/Illuminate/Container/BoundMethod.php(36): Illuminate/Cache/Console/ClearCommand->handle()
#14 C:/xamppnew/htdocs/SSP2-Assignment/Application/TyperDis/vendor/laravel/framework/src/Illuminate/Container/Util.php(43): Illuminate/Container/BoundMethod::{closure:Illuminate/Container/BoundMethod::call():35}()
#15 C:/xamppnew/htdocs/SSP2-Assignment/Application/TyperDis/vendor/laravel/framework/src/Illuminate/Container/BoundMethod.php(96): Illuminate/Container/Util::unwrapIfClosure()
#16 C:/xamppnew/htdocs/SSP2-Assignment/Application/TyperDis/vendor/laravel/framework/src/Illuminate/Container/BoundMethod.php(35): Illuminate/Container/BoundMethod::callBoundMethod()
#17 C:/xamppnew/htdocs/SSP2-Assignment/Application/TyperDis/vendor/laravel/framework/src/Illuminate/Container/Container.php(803): Illuminate/Container/BoundMethod::call()
#18 C:/xamppnew/htdocs/SSP2-Assignment/Application/TyperDis/vendor/laravel/framework/src/Illuminate/Console/Command.php(292): Illuminate/Container/Container->call()
#19 C:/xamppnew/htdocs/SSP2-Assignment/Application/TyperDis/vendor/symfony/console/Command/Command.php(285): Illuminate/Console/Command->execute()
#20 C:/xamppnew/htdocs/SSP2-Assignment/Application/TyperDis/vendor/laravel/framework/src/Illuminate/Console/Command.php(261): Symfony/Component/Console/Command/Command->run()
#21 C:/xamppnew/htdocs/SSP2-Assignment/Application/TyperDis/vendor/symfony/console/Application.php(1144): Illuminate/Console/Command->run()
#22 C:/xamppnew/htdocs/SSP2-Assignment/Application/TyperDis/vendor/symfony/console/Application.php(379): Symfony/Component/Console/Application->doRunCommand()
#23 C:/xamppnew/htdocs/SSP2-Assignment/Application/TyperDis/vendor/symfony/console/Application.php(218): Symfony/Component/Console/Application->doRun()
#24 C:/xamppnew/htdocs/SSP2-Assignment/Application/TyperDis/vendor/laravel/framework/src/Illuminate/Foundation/Console/Kernel.php(198): Symfony/Component/Console/Application->run()
#25 C:/xamppnew/htdocs/SSP2-Assignment/Application/TyperDis/vendor/laravel/framework/src/Illuminate/Foundation/Application.php(1242): Illuminate/Foundation/Console/Kernel->handle()
#26 C:/xamppnew/htdocs/SSP2-Assignment/Application/TyperDis/artisan(16): Illuminate/Foundation/Application->handleCommand()
#27 {main}
"} 
[2026-09-09 15:50:19] local.ERROR: Database file at path [laravel] does not exist. Ensure this is an absolute path to the database. (Connection: sqlite, Database: laravel, SQL: delete from "cache") {"exception":"[object] (Illuminate\\Database\\QueryException(code: 0): Database file at path [laravel] does not exist. Ensure this is an absolute path to the database. (Connection: sqlite, Database: laravel, SQL: delete from \"cache\") at C:/xamppnew/htdocs/SSP2-Assignment/Application/TyperDis/vendor/laravel/framework/src/Illuminate/Database/Connection.php:857)
[stacktrace]
#0 C:/xamppnew/htdocs/SSP2-Assignment/Application/TyperDis/vendor/laravel/framework/src/Illuminate/Database/Connection.php(813): Illuminate/Database/Connection->runQueryCallback()
#1 C:/xamppnew/htdocs/SSP2-Assignment/Application/TyperDis/vendor/laravel/framework/src/Illuminate/Database/Connection.php(614): Illuminate/Database/Connection->run()
#2 C:/xamppnew/htdocs/SSP2-Assignment/Application/TyperDis/vendor/laravel/framework/src/Illuminate/Database/Connection.php(578): Illuminate/Database/Connection->affectingStatement()
#3 C:/xamppnew/htdocs/SSP2-Assignment/Application/TyperDis/vendor/laravel/framework/src/Illuminate/Database/Query/Builder.php(4576): Illuminate/Database/Connection->delete()
#4 C:/xamppnew/htdocs/SSP2-Assignment/Application/TyperDis/vendor/laravel/framework/src/Illuminate/Cache/DatabaseStore.php(450): Illuminate/Database/Query/Builder->delete()
#5 C:/xamppnew/htdocs/SSP2-Assignment/Application/TyperDis/vendor/laravel/framework/src/Illuminate/Cache/Repository.php(1086): Illuminate/Cache/DatabaseStore->flush()
#6 C:/xamppnew/htdocs/SSP2-Assignment/Application/TyperDis/vendor/laravel/framework/src/Illuminate/Cache/Console/ClearCommand.php(81): Illuminate/Cache/Repository->__call()
#7 C:/xamppnew/htdocs/SSP2-Assignment/Application/TyperDis/vendor/laravel/framework/src/Illuminate/Container/BoundMethod.php(36): Illuminate/Cache/Console/ClearCommand->handle()
#8 C:/xamppnew/htdocs/SSP2-Assignment/Application/TyperDis/vendor/laravel/framework/src/Illuminate/Container/Util.php(43): Illuminate/Container/BoundMethod::{closure:Illuminate/Container/BoundMethod::call():35}()
#9 C:/xamppnew/htdocs/SSP2-Assignment/Application/TyperDis/vendor/laravel/framework/src/Illuminate/Container/BoundMethod.php(96): Illuminate/Container/Util::unwrapIfClosure()
#10 C:/xamppnew/htdocs/SSP2-Assignment/Application/TyperDis/vendor/laravel/framework/src/Illuminate/Container/BoundMethod.php(35): Illuminate/Container/BoundMethod::callBoundMethod()
#11 C:/xamppnew/htdocs/SSP2-Assignment/Application/TyperDis/vendor/laravel/framework/src/Illuminate/Container/Container.php(803): Illuminate/Container/BoundMethod::call()
#12 C:/xamppnew/htdocs/SSP2-Assignment/Application/TyperDis/vendor/laravel/framework/src/Illuminate/Console/Command.php(292): Illuminate/Container/Container->call()
#13 C:/xamppnew/htdocs/SSP2-Assignment/Application/TyperDis/vendor/symfony/console/Command/Command.php(285): Illuminate/Console/Command->execute()
#14 C:/xamppnew/htdocs/SSP2-Assignment/Application/TyperDis/vendor/laravel/framework/src/Illuminate/Console/Command.php(261): Symfony/Component/Console/Command/Command->run()
#15 C:/xamppnew/htdocs/SSP2-Assignment/Application/TyperDis/vendor/laravel/framework/src/Illuminate/Console/Concerns/CallsCommands.php(68): Illuminate/Console/Command->run()
#16 C:/xamppnew/htdocs/SSP2-Assignment/Application/TyperDis/vendor/laravel/framework/src/Illuminate/Console/Concerns/CallsCommands.php(41): Illuminate/Console/Command->runCommand()
#17 C:/xamppnew/htdocs/SSP2-Assignment/Application/TyperDis/vendor/laravel/framework/src/Illuminate/Console/Concerns/CallsCommands.php(53): Illuminate/Console/Command->callSilent()
#18 C:/xamppnew/htdocs/SSP2-Assignment/Application/TyperDis/vendor/laravel/framework/src/Illuminate/Foundation/Console/OptimizeClearCommand.php(48): Illuminate/Console/Command->callSilently()
#19 C:/xamppnew/htdocs/SSP2-Assignment/Application/TyperDis/vendor/laravel/framework/src/Illuminate/Console/View/Components/Task.php(43): Illuminate/Foundation/Console/OptimizeClearCommand->{closure:Illuminate/Foundation/Console/OptimizeClearCommand::handle():48}()
#20 C:/xamppnew/htdocs/SSP2-Assignment/Application/TyperDis/vendor/laravel/framework/src/Illuminate/Console/View/Components/Factory.php(61): Illuminate/Console/View/Components/Task->render()
#21 C:/xamppnew/htdocs/SSP2-Assignment/Application/TyperDis/vendor/laravel/framework/src/Illuminate/Foundation/Console/OptimizeClearCommand.php(48): Illuminate/Console/View/Components/Factory->__call()
#22 C:/xamppnew/htdocs/SSP2-Assignment/Application/TyperDis/vendor/laravel/framework/src/Illuminate/Container/BoundMethod.php(36): Illuminate/Foundation/Console/OptimizeClearCommand->handle()
#23 C:/xamppnew/htdocs/SSP2-Assignment/Application/TyperDis/vendor/laravel/framework/src/Illuminate/Container/Util.php(43): Illuminate/Container/BoundMethod::{closure:Illuminate/Container/BoundMethod::call():35}()
#24 C:/xamppnew/htdocs/SSP2-Assignment/Application/TyperDis/vendor/laravel/framework/src/Illuminate/Container/BoundMethod.php(96): Illuminate/Container/Util::unwrapIfClosure()
#25 C:/xamppnew/htdocs/SSP2-Assignment/Application/TyperDis/vendor/laravel/framework/src/Illuminate/Container/BoundMethod.php(35): Illuminate/Container/BoundMethod::callBoundMethod()
#26 C:/xamppnew/htdocs/SSP2-Assignment/Application/TyperDis/vendor/laravel/framework/src/Illuminate/Container/Container.php(803): Illuminate/Container/BoundMethod::call()
#27 C:/xamppnew/htdocs/SSP2-Assignment/Application/TyperDis/vendor/laravel/framework/src/Illuminate/Console/Command.php(292): Illuminate/Container/Container->call()
#28 C:/xamppnew/htdocs/SSP2-Assignment/Application/TyperDis/vendor/symfony/console/Command/Command.php(285): Illuminate/Console/Command->execute()
#29 C:/xamppnew/htdocs/SSP2-Assignment/Application/TyperDis/vendor/laravel/framework/src/Illuminate/Console/Command.php(261): Symfony/Component/Console/Command/Command->run()
#30 C:/xamppnew/htdocs/SSP2-Assignment/Application/TyperDis/vendor/symfony/console/Application.php(1144): Illuminate/Console/Command->run()
#31 C:/xamppnew/htdocs/SSP2-Assignment/Application/TyperDis/vendor/symfony/console/Application.php(379): Symfony/Component/Console/Application->doRunCommand()
#32 C:/xamppnew/htdocs/SSP2-Assignment/Application/TyperDis/vendor/symfony/console/Application.php(218): Symfony/Component/Console/Application->doRun()
#33 C:/xamppnew/htdocs/SSP2-Assignment/Application/TyperDis/vendor/laravel/framework/src/Illuminate/Foundation/Console/Kernel.php(198): Symfony/Component/Console/Application->run()
#34 C:/xamppnew/htdocs/SSP2-Assignment/Application/TyperDis/vendor/laravel/framework/src/Illuminate/Foundation/Application.php(1242): Illuminate/Foundation/Console/Kernel->handle()
#35 C:/xamppnew/htdocs/SSP2-Assignment/Application/TyperDis/artisan(16): Illuminate/Foundation/Application->handleCommand()
#36 {main}

[previous exception] [object] (Illuminate\\Database\\SQLiteDatabaseDoesNotExistException(code: 0): Database file at path [laravel] does not exist. Ensure this is an absolute path to the database. at C:/xamppnew/htdocs/SSP2-Assignment/Application/TyperDis/vendor/laravel/framework/src/Illuminate/Database/Connectors/SQLiteConnector.php:61)
[stacktrace]
#0 C:/xamppnew/htdocs/SSP2-Assignment/Application/TyperDis/vendor/laravel/framework/src/Illuminate/Database/Connectors/SQLiteConnector.php(19): Illuminate/Database/Connectors/SQLiteConnector->parseDatabasePath()
#1 C:/xamppnew/htdocs/SSP2-Assignment/Application/TyperDis/vendor/laravel/framework/src/Illuminate/Database/Connectors/ConnectionFactory.php(259): Illuminate/Database/Connectors/SQLiteConnector->connect()
#2 [internal function]: Illuminate/Database/Connectors/ConnectionFactory->{closure:Illuminate/Database/Connectors/ConnectionFactory::createPdoResolverWithoutHosts():259}()
#3 C:/xamppnew/htdocs/SSP2-Assignment/Application/TyperDis/vendor/laravel/framework/src/Illuminate/Database/Connection.php(1298): call_user_func()
#4 C:/xamppnew/htdocs/SSP2-Assignment/Application/TyperDis/vendor/laravel/framework/src/Illuminate/Database/Connection.php(622): Illuminate/Database/Connection->getPdo()
#5 C:/xamppnew/htdocs/SSP2-Assignment/Application/TyperDis/vendor/laravel/framework/src/Illuminate/Database/Connection.php(846): Illuminate/Database/Connection->{closure:Illuminate/Database/Connection::affectingStatement():614}()
#6 C:/xamppnew/htdocs/SSP2-Assignment/Application/TyperDis/vendor/laravel/framework/src/Illuminate/Database/Connection.php(813): Illuminate/Database/Connection->runQueryCallback()
#7 C:/xamppnew/htdocs/SSP2-Assignment/Application/TyperDis/vendor/laravel/framework/src/Illuminate/Database/Connection.php(614): Illuminate/Database/Connection->run()
#8 C:/xamppnew/htdocs/SSP2-Assignment/Application/TyperDis/vendor/laravel/framework/src/Illuminate/Database/Connection.php(578): Illuminate/Database/Connection->affectingStatement()
#9 C:/xamppnew/htdocs/SSP2-Assignment/Application/TyperDis/vendor/laravel/framework/src/Illuminate/Database/Query/Builder.php(4576): Illuminate/Database/Connection->delete()
#10 C:/xamppnew/htdocs/SSP2-Assignment/Application/TyperDis/vendor/laravel/framework/src/Illuminate/Cache/DatabaseStore.php(450): Illuminate/Database/Query/Builder->delete()
#11 C:/xamppnew/htdocs/SSP2-Assignment/Application/TyperDis/vendor/laravel/framework/src/Illuminate/Cache/Repository.php(1086): Illuminate/Cache/DatabaseStore->flush()
#12 C:/xamppnew/htdocs/SSP2-Assignment/Application/TyperDis/vendor/laravel/framework/src/Illuminate/Cache/Console/ClearCommand.php(81): Illuminate/Cache/Repository->__call()
#13 C:/xamppnew/htdocs/SSP2-Assignment/Application/TyperDis/vendor/laravel/framework/src/Illuminate/Container/BoundMethod.php(36): Illuminate/Cache/Console/ClearCommand->handle()
#14 C:/xamppnew/htdocs/SSP2-Assignment/Application/TyperDis/vendor/laravel/framework/src/Illuminate/Container/Util.php(43): Illuminate/Container/BoundMethod::{closure:Illuminate/Container/BoundMethod::call():35}()
#15 C:/xamppnew/htdocs/SSP2-Assignment/Application/TyperDis/vendor/laravel/framework/src/Illuminate/Container/BoundMethod.php(96): Illuminate/Container/Util::unwrapIfClosure()
#16 C:/xamppnew/htdocs/SSP2-Assignment/Application/TyperDis/vendor/laravel/framework/src/Illuminate/Container/BoundMethod.php(35): Illuminate/Container/BoundMethod::callBoundMethod()
#17 C:/xamppnew/htdocs/SSP2-Assignment/Application/TyperDis/vendor/laravel/framework/src/Illuminate/Container/Container.php(803): Illuminate/Container/BoundMethod::call()
#18 C:/xamppnew/htdocs/SSP2-Assignment/Application/TyperDis/vendor/laravel/framework/src/Illuminate/Console/Command.php(292): Illuminate/Container/Container->call()
#19 C:/xamppnew/htdocs/SSP2-Assignment/Application/TyperDis/vendor/symfony/console/Command/Command.php(285): Illuminate/Console/Command->execute()
#20 C:/xamppnew/htdocs/SSP2-Assignment/Application/TyperDis/vendor/laravel/framework/src/Illuminate/Console/Command.php(261): Symfony/Component/Console/Command/Command->run()
#21 C:/xamppnew/htdocs/SSP2-Assignment/Application/TyperDis/vendor/laravel/framework/src/Illuminate/Console/Concerns/CallsCommands.php(68): Illuminate/Console/Command->run()
#22 C:/xamppnew/htdocs/SSP2-Assignment/Application/TyperDis/vendor/laravel/framework/src/Illuminate/Console/Concerns/CallsCommands.php(41): Illuminate/Console/Command->runCommand()
#23 C:/xamppnew/htdocs/SSP2-Assignment/Application/TyperDis/vendor/laravel/framework/src/Illuminate/Console/Concerns/CallsCommands.php(53): Illuminate/Console/Command->callSilent()
#24 C:/xamppnew/htdocs/SSP2-Assignment/Application/TyperDis/vendor/laravel/framework/src/Illuminate/Foundation/Console/OptimizeClearCommand.php(48): Illuminate/Console/Command->callSilently()
#25 C:/xamppnew/htdocs/SSP2-Assignment/Application/TyperDis/vendor/laravel/framework/src/Illuminate/Console/View/Components/Task.php(43): Illuminate/Foundation/Console/OptimizeClearCommand->{closure:Illuminate/Foundation/Console/OptimizeClearCommand::handle():48}()
#26 C:/xamppnew/htdocs/SSP2-Assignment/Application/TyperDis/vendor/laravel/framework/src/Illuminate/Console/View/Components/Factory.php(61): Illuminate/Console/View/Components/Task->render()
#27 C:/xamppnew/htdocs/SSP2-Assignment/Application/TyperDis/vendor/laravel/framework/src/Illuminate/Foundation/Console/OptimizeClearCommand.php(48): Illuminate/Console/View/Components/Factory->__call()
#28 C:/xamppnew/htdocs/SSP2-Assignment/Application/TyperDis/vendor/laravel/framework/src/Illuminate/Container/BoundMethod.php(36): Illuminate/Foundation/Console/OptimizeClearCommand->handle()
#29 C:/xamppnew/htdocs/SSP2-Assignment/Application/TyperDis/vendor/laravel/framework/src/Illuminate/Container/Util.php(43): Illuminate/Container/BoundMethod::{closure:Illuminate/Container/BoundMethod::call():35}()
#30 C:/xamppnew/htdocs/SSP2-Assignment/Application/TyperDis/vendor/laravel/framework/src/Illuminate/Container/BoundMethod.php(96): Illuminate/Container/Util::unwrapIfClosure()
#31 C:/xamppnew/htdocs/SSP2-Assignment/Application/TyperDis/vendor/laravel/framework/src/Illuminate/Container/BoundMethod.php(35): Illuminate/Container/BoundMethod::callBoundMethod()
#32 C:/xamppnew/htdocs/SSP2-Assignment/Application/TyperDis/vendor/laravel/framework/src/Illuminate/Container/Container.php(803): Illuminate/Container/BoundMethod::call()
#33 C:/xamppnew/htdocs/SSP2-Assignment/Application/TyperDis/vendor/laravel/framework/src/Illuminate/Console/Command.php(292): Illuminate/Container/Container->call()
#34 C:/xamppnew/htdocs/SSP2-Assignment/Application/TyperDis/vendor/symfony/console/Command/Command.php(285): Illuminate/Console/Command->execute()
#35 C:/xamppnew/htdocs/SSP2-Assignment/Application/TyperDis/vendor/laravel/framework/src/Illuminate/Console/Command.php(261): Symfony/Component/Console/Command/Command->run()
#36 C:/xamppnew/htdocs/SSP2-Assignment/Application/TyperDis/vendor/symfony/console/Application.php(1144): Illuminate/Console/Command->run()
#37 C:/xamppnew/htdocs/SSP2-Assignment/Application/TyperDis/vendor/symfony/console/Application.php(379): Symfony/Component/Console/Application->doRunCommand()
#38 C:/xamppnew/htdocs/SSP2-Assignment/Application/TyperDis/vendor/symfony/console/Application.php(218): Symfony/Component/Console/Application->doRun()
#39 C:/xamppnew/htdocs/SSP2-Assignment/Application/TyperDis/vendor/laravel/framework/src/Illuminate/Foundation/Console/Kernel.php(198): Symfony/Component/Console/Application->run()
#40 C:/xamppnew/htdocs/SSP2-Assignment/Application/TyperDis/vendor/laravel/framework/src/Illuminate/Foundation/Application.php(1242): Illuminate/Foundation/Console/Kernel->handle()
#41 C:/xamppnew/htdocs/SSP2-Assignment/Application/TyperDis/artisan(16): Illuminate/Foundation/Application->handleCommand()
#42 {main}
"} 
[2026-09-09 15:50:43] local.ERROR: Database file at path [laravel] does not exist. Ensure this is an absolute path to the database. (Connection: sqlite, Database: laravel, SQL: select exists (select 1 from "main".sqlite_master where name = 'migrations' and type = 'table') as "exists") {"exception":"[object] (Illuminate\\Database\\QueryException(code: 0): Database file at path [laravel] does not exist. Ensure this is an absolute path to the database. (Connection: sqlite, Database: laravel, SQL: select exists (select 1 from \"main\".sqlite_master where name = 'migrations' and type = 'table') as \"exists\") at C:/xamppnew/htdocs/SSP2-Assignment/Application/TyperDis/vendor/laravel/framework/src/Illuminate/Database/Connection.php:857)
[stacktrace]
#0 C:/xamppnew/htdocs/SSP2-Assignment/Application/TyperDis/vendor/laravel/framework/src/Illuminate/Database/Connection.php(813): Illuminate/Database/Connection->runQueryCallback()
#1 C:/xamppnew/htdocs/SSP2-Assignment/Application/TyperDis/vendor/laravel/framework/src/Illuminate/Database/Connection.php(426): Illuminate/Database/Connection->run()
#2 C:/xamppnew/htdocs/SSP2-Assignment/Application/TyperDis/vendor/laravel/framework/src/Illuminate/Database/Connection.php(371): Illuminate/Database/Connection->select()
#3 C:/xamppnew/htdocs/SSP2-Assignment/Application/TyperDis/vendor/laravel/framework/src/Illuminate/Database/Connection.php(388): Illuminate/Database/Connection->selectOne()
#4 C:/xamppnew/htdocs/SSP2-Assignment/Application/TyperDis/vendor/laravel/framework/src/Illuminate/Database/Schema/Builder.php(176): Illuminate/Database/Connection->scalar()
#5 C:/xamppnew/htdocs/SSP2-Assignment/Application/TyperDis/vendor/laravel/framework/src/Illuminate/Database/Migrations/DatabaseMigrationRepository.php(185): Illuminate/Database/Schema/Builder->hasTable()
#6 C:/xamppnew/htdocs/SSP2-Assignment/Application/TyperDis/vendor/laravel/framework/src/Illuminate/Database/Migrations/Migrator.php(797): Illuminate/Database/Migrations/DatabaseMigrationRepository->repositoryExists()
#7 C:/xamppnew/htdocs/SSP2-Assignment/Application/TyperDis/vendor/laravel/framework/src/Illuminate/Database/Console/Migrations/StatusCommand.php(67): Illuminate/Database/Migrations/Migrator->repositoryExists()
#8 C:/xamppnew/htdocs/SSP2-Assignment/Application/TyperDis/vendor/laravel/framework/src/Illuminate/Database/Migrations/Migrator.php(672): Illuminate/Database/Console/Migrations/StatusCommand->{closure:Illuminate/Database/Console/Migrations/StatusCommand::handle():66}()
#9 C:/xamppnew/htdocs/SSP2-Assignment/Application/TyperDis/vendor/laravel/framework/src/Illuminate/Database/Console/Migrations/StatusCommand.php(66): Illuminate/Database/Migrations/Migrator->usingConnection()
#10 C:/xamppnew/htdocs/SSP2-Assignment/Application/TyperDis/vendor/laravel/framework/src/Illuminate/Container/BoundMethod.php(36): Illuminate/Database/Console/Migrations/StatusCommand->handle()
#11 C:/xamppnew/htdocs/SSP2-Assignment/Application/TyperDis/vendor/laravel/framework/src/Illuminate/Container/Util.php(43): Illuminate/Container/BoundMethod::{closure:Illuminate/Container/BoundMethod::call():35}()
#12 C:/xamppnew/htdocs/SSP2-Assignment/Application/TyperDis/vendor/laravel/framework/src/Illuminate/Container/BoundMethod.php(96): Illuminate/Container/Util::unwrapIfClosure()
#13 C:/xamppnew/htdocs/SSP2-Assignment/Application/TyperDis/vendor/laravel/framework/src/Illuminate/Container/BoundMethod.php(35): Illuminate/Container/BoundMethod::callBoundMethod()
#14 C:/xamppnew/htdocs/SSP2-Assignment/Application/TyperDis/vendor/laravel/framework/src/Illuminate/Container/Container.php(803): Illuminate/Container/BoundMethod::call()
#15 C:/xamppnew/htdocs/SSP2-Assignment/Application/TyperDis/vendor/laravel/framework/src/Illuminate/Console/Command.php(292): Illuminate/Container/Container->call()
#16 C:/xamppnew/htdocs/SSP2-Assignment/Application/TyperDis/vendor/symfony/console/Command/Command.php(285): Illuminate/Console/Command->execute()
#17 C:/xamppnew/htdocs/SSP2-Assignment/Application/TyperDis/vendor/laravel/framework/src/Illuminate/Console/Command.php(261): Symfony/Component/Console/Command/Command->run()
#18 C:/xamppnew/htdocs/SSP2-Assignment/Application/TyperDis/vendor/symfony/console/Application.php(1144): Illuminate/Console/Command->run()
#19 C:/xamppnew/htdocs/SSP2-Assignment/Application/TyperDis/vendor/symfony/console/Application.php(379): Symfony/Component/Console/Application->doRunCommand()
#20 C:/xamppnew/htdocs/SSP2-Assignment/Application/TyperDis/vendor/symfony/console/Application.php(218): Symfony/Component/Console/Application->doRun()
#21 C:/xamppnew/htdocs/SSP2-Assignment/Application/TyperDis/vendor/laravel/framework/src/Illuminate/Foundation/Console/Kernel.php(198): Symfony/Component/Console/Application->run()
#22 C:/xamppnew/htdocs/SSP2-Assignment/Application/TyperDis/vendor/laravel/framework/src/Illuminate/Foundation/Application.php(1242): Illuminate/Foundation/Console/Kernel->handle()
#23 C:/xamppnew/htdocs/SSP2-Assignment/Application/TyperDis/artisan(16): Illuminate/Foundation/Application->handleCommand()
#24 {main}

[previous exception] [object] (Illuminate\\Database\\SQLiteDatabaseDoesNotExistException(code: 0): Database file at path [laravel] does not exist. Ensure this is an absolute path to the database. at C:/xamppnew/htdocs/SSP2-Assignment/Application/TyperDis/vendor/laravel/framework/src/Illuminate/Database/Connectors/SQLiteConnector.php:61)
[stacktrace]
#0 C:/xamppnew/htdocs/SSP2-Assignment/Application/TyperDis/vendor/laravel/framework/src/Illuminate/Database/Connectors/SQLiteConnector.php(19): Illuminate/Database/Connectors/SQLiteConnector->parseDatabasePath()
#1 C:/xamppnew/htdocs/SSP2-Assignment/Application/TyperDis/vendor/laravel/framework/src/Illuminate/Database/Connectors/ConnectionFactory.php(259): Illuminate/Database/Connectors/SQLiteConnector->connect()
#2 [internal function]: Illuminate/Database/Connectors/ConnectionFactory->{closure:Illuminate/Database/Connectors/ConnectionFactory::createPdoResolverWithoutHosts():259}()
#3 C:/xamppnew/htdocs/SSP2-Assignment/Application/TyperDis/vendor/laravel/framework/src/Illuminate/Database/Connection.php(1298): call_user_func()
#4 C:/xamppnew/htdocs/SSP2-Assignment/Application/TyperDis/vendor/laravel/framework/src/Illuminate/Database/Connection.php(1336): Illuminate/Database/Connection->getPdo()
#5 C:/xamppnew/htdocs/SSP2-Assignment/Application/TyperDis/vendor/laravel/framework/src/Illuminate/Database/Connection.php(542): Illuminate/Database/Connection->getReadPdo()
#6 C:/xamppnew/htdocs/SSP2-Assignment/Application/TyperDis/vendor/laravel/framework/src/Illuminate/Database/Connection.php(435): Illuminate/Database/Connection->getPdoForSelect()
#7 C:/xamppnew/htdocs/SSP2-Assignment/Application/TyperDis/vendor/laravel/framework/src/Illuminate/Database/Connection.php(846): Illuminate/Database/Connection->{closure:Illuminate/Database/Connection::select():426}()
#8 C:/xamppnew/htdocs/SSP2-Assignment/Application/TyperDis/vendor/laravel/framework/src/Illuminate/Database/Connection.php(813): Illuminate/Database/Connection->runQueryCallback()
#9 C:/xamppnew/htdocs/SSP2-Assignment/Application/TyperDis/vendor/laravel/framework/src/Illuminate/Database/Connection.php(426): Illuminate/Database/Connection->run()
#10 C:/xamppnew/htdocs/SSP2-Assignment/Application/TyperDis/vendor/laravel/framework/src/Illuminate/Database/Connection.php(371): Illuminate/Database/Connection->select()
#11 C:/xamppnew/htdocs/SSP2-Assignment/Application/TyperDis/vendor/laravel/framework/src/Illuminate/Database/Connection.php(388): Illuminate/Database/Connection->selectOne()
#12 C:/xamppnew/htdocs/SSP2-Assignment/Application/TyperDis/vendor/laravel/framework/src/Illuminate/Database/Schema/Builder.php(176): Illuminate/Database/Connection->scalar()
#13 C:/xamppnew/htdocs/SSP2-Assignment/Application/TyperDis/vendor/laravel/framework/src/Illuminate/Database/Migrations/DatabaseMigrationRepository.php(185): Illuminate/Database/Schema/Builder->hasTable()
#14 C:/xamppnew/htdocs/SSP2-Assignment/Application/TyperDis/vendor/laravel/framework/src/Illuminate/Database/Migrations/Migrator.php(797): Illuminate/Database/Migrations/DatabaseMigrationRepository->repositoryExists()
#15 C:/xamppnew/htdocs/SSP2-Assignment/Application/TyperDis/vendor/laravel/framework/src/Illuminate/Database/Console/Migrations/StatusCommand.php(67): Illuminate/Database/Migrations/Migrator->repositoryExists()
#16 C:/xamppnew/htdocs/SSP2-Assignment/Application/TyperDis/vendor/laravel/framework/src/Illuminate/Database/Migrations/Migrator.php(672): Illuminate/Database/Console/Migrations/StatusCommand->{closure:Illuminate/Database/Console/Migrations/StatusCommand::handle():66}()
#17 C:/xamppnew/htdocs/SSP2-Assignment/Application/TyperDis/vendor/laravel/framework/src/Illuminate/Database/Console/Migrations/StatusCommand.php(66): Illuminate/Database/Migrations/Migrator->usingConnection()
#18 C:/xamppnew/htdocs/SSP2-Assignment/Application/TyperDis/vendor/laravel/framework/src/Illuminate/Container/BoundMethod.php(36): Illuminate/Database/Console/Migrations/StatusCommand->handle()
#19 C:/xamppnew/htdocs/SSP2-Assignment/Application/TyperDis/vendor/laravel/framework/src/Illuminate/Container/Util.php(43): Illuminate/Container/BoundMethod::{closure:Illuminate/Container/BoundMethod::call():35}()
#20 C:/xamppnew/htdocs/SSP2-Assignment/Application/TyperDis/vendor/laravel/framework/src/Illuminate/Container/BoundMethod.php(96): Illuminate/Container/Util::unwrapIfClosure()
#21 C:/xamppnew/htdocs/SSP2-Assignment/Application/TyperDis/vendor/laravel/framework/src/Illuminate/Container/BoundMethod.php(35): Illuminate/Container/BoundMethod::callBoundMethod()
#22 C:/xamppnew/htdocs/SSP2-Assignment/Application/TyperDis/vendor/laravel/framework/src/Illuminate/Container/Container.php(803): Illuminate/Container/BoundMethod::call()
#23 C:/xamppnew/htdocs/SSP2-Assignment/Application/TyperDis/vendor/laravel/framework/src/Illuminate/Console/Command.php(292): Illuminate/Container/Container->call()
#24 C:/xamppnew/htdocs/SSP2-Assignment/Application/TyperDis/vendor/symfony/console/Command/Command.php(285): Illuminate/Console/Command->execute()
#25 C:/xamppnew/htdocs/SSP2-Assignment/Application/TyperDis/vendor/laravel/framework/src/Illuminate/Console/Command.php(261): Symfony/Component/Console/Command/Command->run()
#26 C:/xamppnew/htdocs/SSP2-Assignment/Application/TyperDis/vendor/symfony/console/Application.php(1144): Illuminate/Console/Command->run()
#27 C:/xamppnew/htdocs/SSP2-Assignment/Application/TyperDis/vendor/symfony/console/Application.php(379): Symfony/Component/Console/Application->doRunCommand()
#28 C:/xamppnew/htdocs/SSP2-Assignment/Application/TyperDis/vendor/symfony/console/Application.php(218): Symfony/Component/Console/Application->doRun()
#29 C:/xamppnew/htdocs/SSP2-Assignment/Application/TyperDis/vendor/laravel/framework/src/Illuminate/Foundation/Console/Kernel.php(198): Symfony/Component/Console/Application->run()
#30 C:/xamppnew/htdocs/SSP2-Assignment/Application/TyperDis/vendor/laravel/framework/src/Illuminate/Foundation/Application.php(1242): Illuminate/Foundation/Console/Kernel->handle()
#31 C:/xamppnew/htdocs/SSP2-Assignment/Application/TyperDis/artisan(16): Illuminate/Foundation/Application->handleCommand()
#32 {main}
"} 
[2026-09-09 16:01:47] local.ERROR: Database connection [mySQL] not configured. {"exception":"[object] (InvalidArgumentException(code: 0): Database connection [mySQL] not configured. at C:/xamppnew/htdocs/SSP2-Assignment/Application/TyperDis/vendor/laravel/framework/src/Illuminate/Database/DatabaseManager.php:226)
[stacktrace]
#0 C:/xamppnew/htdocs/SSP2-Assignment/Application/TyperDis/vendor/laravel/framework/src/Illuminate/Database/DatabaseManager.php(192): Illuminate/Database/DatabaseManager->configuration()
#1 C:/xamppnew/htdocs/SSP2-Assignment/Application/TyperDis/vendor/laravel/framework/src/Illuminate/Database/DatabaseManager.php(103): Illuminate/Database/DatabaseManager->makeConnection()
#2 C:/xamppnew/htdocs/SSP2-Assignment/Application/TyperDis/vendor/laravel/framework/src/Illuminate/Cache/CacheManager.php(200): Illuminate/Database/DatabaseManager->connection()
#3 C:/xamppnew/htdocs/SSP2-Assignment/Application/TyperDis/vendor/laravel/framework/src/Illuminate/Cache/CacheManager.php(148): Illuminate/Cache/CacheManager->createDatabaseDriver()
#4 C:/xamppnew/htdocs/SSP2-Assignment/Application/TyperDis/vendor/laravel/framework/src/Illuminate/Cache/CacheManager.php(126): Illuminate/Cache/CacheManager->build()
#5 C:/xamppnew/htdocs/SSP2-Assignment/Application/TyperDis/vendor/laravel/framework/src/Illuminate/Cache/CacheManager.php(69): Illuminate/Cache/CacheManager->resolve()
#6 C:/xamppnew/htdocs/SSP2-Assignment/Application/TyperDis/vendor/laravel/framework/src/Illuminate/Cache/Console/ClearCommand.php(157): Illuminate/Cache/CacheManager->store()
#7 C:/xamppnew/htdocs/SSP2-Assignment/Application/TyperDis/vendor/laravel/framework/src/Illuminate/Cache/Console/ClearCommand.php(81): Illuminate/Cache/Console/ClearCommand->cache()
#8 C:/xamppnew/htdocs/SSP2-Assignment/Application/TyperDis/vendor/laravel/framework/src/Illuminate/Container/BoundMethod.php(36): Illuminate/Cache/Console/ClearCommand->handle()
#9 C:/xamppnew/htdocs/SSP2-Assignment/Application/TyperDis/vendor/laravel/framework/src/Illuminate/Container/Util.php(43): Illuminate/Container/BoundMethod::{closure:Illuminate/Container/BoundMethod::call():35}()
#10 C:/xamppnew/htdocs/SSP2-Assignment/Application/TyperDis/vendor/laravel/framework/src/Illuminate/Container/BoundMethod.php(96): Illuminate/Container/Util::unwrapIfClosure()
#11 C:/xamppnew/htdocs/SSP2-Assignment/Application/TyperDis/vendor/laravel/framework/src/Illuminate/Container/BoundMethod.php(35): Illuminate/Container/BoundMethod::callBoundMethod()
#12 C:/xamppnew/htdocs/SSP2-Assignment/Application/TyperDis/vendor/laravel/framework/src/Illuminate/Container/Container.php(803): Illuminate/Container/BoundMethod::call()
#13 C:/xamppnew/htdocs/SSP2-Assignment/Application/TyperDis/vendor/laravel/framework/src/Illuminate/Console/Command.php(292): Illuminate/Container/Container->call()
#14 C:/xamppnew/htdocs/SSP2-Assignment/Application/TyperDis/vendor/symfony/console/Command/Command.php(285): Illuminate/Console/Command->execute()
#15 C:/xamppnew/htdocs/SSP2-Assignment/Application/TyperDis/vendor/laravel/framework/src/Illuminate/Console/Command.php(261): Symfony/Component/Console/Command/Command->run()
#16 C:/xamppnew/htdocs/SSP2-Assignment/Application/TyperDis/vendor/laravel/framework/src/Illuminate/Console/Concerns/CallsCommands.php(68): Illuminate/Console/Command->run()
#17 C:/xamppnew/htdocs/SSP2-Assignment/Application/TyperDis/vendor/laravel/framework/src/Illuminate/Console/Concerns/CallsCommands.php(41): Illuminate/Console/Command->runCommand()
#18 C:/xamppnew/htdocs/SSP2-Assignment/Application/TyperDis/vendor/laravel/framework/src/Illuminate/Console/Concerns/CallsCommands.php(53): Illuminate/Console/Command->callSilent()
#19 C:/xamppnew/htdocs/SSP2-Assignment/Application/TyperDis/vendor/laravel/framework/src/Illuminate/Foundation/Console/OptimizeClearCommand.php(48): Illuminate/Console/Command->callSilently()
#20 C:/xamppnew/htdocs/SSP2-Assignment/Application/TyperDis/vendor/laravel/framework/src/Illuminate/Console/View/Components/Task.php(43): Illuminate/Foundation/Console/OptimizeClearCommand->{closure:Illuminate/Foundation/Console/OptimizeClearCommand::handle():48}()
#21 C:/xamppnew/htdocs/SSP2-Assignment/Application/TyperDis/vendor/laravel/framework/src/Illuminate/Console/View/Components/Factory.php(61): Illuminate/Console/View/Components/Task->render()
#22 C:/xamppnew/htdocs/SSP2-Assignment/Application/TyperDis/vendor/laravel/framework/src/Illuminate/Foundation/Console/OptimizeClearCommand.php(48): Illuminate/Console/View/Components/Factory->__call()
#23 C:/xamppnew/htdocs/SSP2-Assignment/Application/TyperDis/vendor/laravel/framework/src/Illuminate/Container/BoundMethod.php(36): Illuminate/Foundation/Console/OptimizeClearCommand->handle()
#24 C:/xamppnew/htdocs/SSP2-Assignment/Application/TyperDis/vendor/laravel/framework/src/Illuminate/Container/Util.php(43): Illuminate/Container/BoundMethod::{closure:Illuminate/Container/BoundMethod::call():35}()
#25 C:/xamppnew/htdocs/SSP2-Assignment/Application/TyperDis/vendor/laravel/framework/src/Illuminate/Container/BoundMethod.php(96): Illuminate/Container/Util::unwrapIfClosure()
#26 C:/xamppnew/htdocs/SSP2-Assignment/Application/TyperDis/vendor/laravel/framework/src/Illuminate/Container/BoundMethod.php(35): Illuminate/Container/BoundMethod::callBoundMethod()
#27 C:/xamppnew/htdocs/SSP2-Assignment/Application/TyperDis/vendor/laravel/framework/src/Illuminate/Container/Container.php(803): Illuminate/Container/BoundMethod::call()
#28 C:/xamppnew/htdocs/SSP2-Assignment/Application/TyperDis/vendor/laravel/framework/src/Illuminate/Console/Command.php(292): Illuminate/Container/Container->call()
#29 C:/xamppnew/htdocs/SSP2-Assignment/Application/TyperDis/vendor/symfony/console/Command/Command.php(285): Illuminate/Console/Command->execute()
#30 C:/xamppnew/htdocs/SSP2-Assignment/Application/TyperDis/vendor/laravel/framework/src/Illuminate/Console/Command.php(261): Symfony/Component/Console/Command/Command->run()
#31 C:/xamppnew/htdocs/SSP2-Assignment/Application/TyperDis/vendor/symfony/console/Application.php(1144): Illuminate/Console/Command->run()
#32 C:/xamppnew/htdocs/SSP2-Assignment/Application/TyperDis/vendor/symfony/console/Application.php(379): Symfony/Component/Console/Application->doRunCommand()
#33 C:/xamppnew/htdocs/SSP2-Assignment/Application/TyperDis/vendor/symfony/console/Application.php(218): Symfony/Component/Console/Application->doRun()
#34 C:/xamppnew/htdocs/SSP2-Assignment/Application/TyperDis/vendor/laravel/framework/src/Illuminate/Foundation/Console/Kernel.php(198): Symfony/Component/Console/Application->run()
#35 C:/xamppnew/htdocs/SSP2-Assignment/Application/TyperDis/vendor/laravel/framework/src/Illuminate/Foundation/Application.php(1242): Illuminate/Foundation/Console/Kernel->handle()
#36 C:/xamppnew/htdocs/SSP2-Assignment/Application/TyperDis/artisan(16): Illuminate/Foundation/Application->handleCommand()
#37 {main}
"} 
[2026-09-09 16:07:32] local.ERROR: SQLSTATE[HY000] [1045] Access denied for user 'root'@'localhost' (using password: YES) (Connection: mysql, Host: 127.0.0.1, Port: 3306, Database: mydatabase, SQL: delete from `cache`) {"exception":"[object] (Illuminate\\Database\\QueryException(code: 1045): SQLSTATE[HY000] [1045] Access denied for user 'root'@'localhost' (using password: YES) (Connection: mysql, Host: 127.0.0.1, Port: 3306, Database: mydatabase, SQL: delete from `cache`) at C:/xamppnew/htdocs/SSP2-Assignment/Application/TyperDis/vendor/laravel/framework/src/Illuminate/Database/Connection.php:857)
[stacktrace]
#0 C:/xamppnew/htdocs/SSP2-Assignment/Application/TyperDis/vendor/laravel/framework/src/Illuminate/Database/Connection.php(1038): Illuminate/Database/Connection->runQueryCallback()
#1 C:/xamppnew/htdocs/SSP2-Assignment/Application/TyperDis/vendor/laravel/framework/src/Illuminate/Database/Connection.php(1017): Illuminate/Database/Connection->tryAgainIfCausedByLostConnection()
#2 C:/xamppnew/htdocs/SSP2-Assignment/Application/TyperDis/vendor/laravel/framework/src/Illuminate/Database/Connection.php(815): Illuminate/Database/Connection->handleQueryException()
#3 C:/xamppnew/htdocs/SSP2-Assignment/Application/TyperDis/vendor/laravel/framework/src/Illuminate/Database/Connection.php(614): Illuminate/Database/Connection->run()
#4 C:/xamppnew/htdocs/SSP2-Assignment/Application/TyperDis/vendor/laravel/framework/src/Illuminate/Database/Connection.php(578): Illuminate/Database/Connection->affectingStatement()
#5 C:/xamppnew/htdocs/SSP2-Assignment/Application/TyperDis/vendor/laravel/framework/src/Illuminate/Database/Query/Builder.php(4576): Illuminate/Database/Connection->delete()
#6 C:/xamppnew/htdocs/SSP2-Assignment/Application/TyperDis/vendor/laravel/framework/src/Illuminate/Cache/DatabaseStore.php(450): Illuminate/Database/Query/Builder->delete()
#7 C:/xamppnew/htdocs/SSP2-Assignment/Application/TyperDis/vendor/laravel/framework/src/Illuminate/Cache/Repository.php(1086): Illuminate/Cache/DatabaseStore->flush()
#8 C:/xamppnew/htdocs/SSP2-Assignment/Application/TyperDis/vendor/laravel/framework/src/Illuminate/Cache/Console/ClearCommand.php(81): Illuminate/Cache/Repository->__call()
#9 C:/xamppnew/htdocs/SSP2-Assignment/Application/TyperDis/vendor/laravel/framework/src/Illuminate/Container/BoundMethod.php(36): Illuminate/Cache/Console/ClearCommand->handle()
#10 C:/xamppnew/htdocs/SSP2-Assignment/Application/TyperDis/vendor/laravel/framework/src/Illuminate/Container/Util.php(43): Illuminate/Container/BoundMethod::{closure:Illuminate/Container/BoundMethod::call():35}()
#11 C:/xamppnew/htdocs/SSP2-Assignment/Application/TyperDis/vendor/laravel/framework/src/Illuminate/Container/BoundMethod.php(96): Illuminate/Container/Util::unwrapIfClosure()
#12 C:/xamppnew/htdocs/SSP2-Assignment/Application/TyperDis/vendor/laravel/framework/src/Illuminate/Container/BoundMethod.php(35): Illuminate/Container/BoundMethod::callBoundMethod()
#13 C:/xamppnew/htdocs/SSP2-Assignment/Application/TyperDis/vendor/laravel/framework/src/Illuminate/Container/Container.php(803): Illuminate/Container/BoundMethod::call()
#14 C:/xamppnew/htdocs/SSP2-Assignment/Application/TyperDis/vendor/laravel/framework/src/Illuminate/Console/Command.php(292): Illuminate/Container/Container->call()
#15 C:/xamppnew/htdocs/SSP2-Assignment/Application/TyperDis/vendor/symfony/console/Command/Command.php(285): Illuminate/Console/Command->execute()
#16 C:/xamppnew/htdocs/SSP2-Assignment/Application/TyperDis/vendor/laravel/framework/src/Illuminate/Console/Command.php(261): Symfony/Component/Console/Command/Command->run()
#17 C:/xamppnew/htdocs/SSP2-Assignment/Application/TyperDis/vendor/laravel/framework/src/Illuminate/Console/Concerns/CallsCommands.php(68): Illuminate/Console/Command->run()
#18 C:/xamppnew/htdocs/SSP2-Assignment/Application/TyperDis/vendor/laravel/framework/src/Illuminate/Console/Concerns/CallsCommands.php(41): Illuminate/Console/Command->runCommand()
#19 C:/xamppnew/htdocs/SSP2-Assignment/Application/TyperDis/vendor/laravel/framework/src/Illuminate/Console/Concerns/CallsCommands.php(53): Illuminate/Console/Command->callSilent()
#20 C:/xamppnew/htdocs/SSP2-Assignment/Application/TyperDis/vendor/laravel/framework/src/Illuminate/Foundation/Console/OptimizeClearCommand.php(48): Illuminate/Console/Command->callSilently()
#21 C:/xamppnew/htdocs/SSP2-Assignment/Application/TyperDis/vendor/laravel/framework/src/Illuminate/Console/View/Components/Task.php(43): Illuminate/Foundation/Console/OptimizeClearCommand->{closure:Illuminate/Foundation/Console/OptimizeClearCommand::handle():48}()
#22 C:/xamppnew/htdocs/SSP2-Assignment/Application/TyperDis/vendor/laravel/framework/src/Illuminate/Console/View/Components/Factory.php(61): Illuminate/Console/View/Components/Task->render()
#23 C:/xamppnew/htdocs/SSP2-Assignment/Application/TyperDis/vendor/laravel/framework/src/Illuminate/Foundation/Console/OptimizeClearCommand.php(48): Illuminate/Console/View/Components/Factory->__call()
#24 C:/xamppnew/htdocs/SSP2-Assignment/Application/TyperDis/vendor/laravel/framework/src/Illuminate/Container/BoundMethod.php(36): Illuminate/Foundation/Console/OptimizeClearCommand->handle()
#25 C:/xamppnew/htdocs/SSP2-Assignment/Application/TyperDis/vendor/laravel/framework/src/Illuminate/Container/Util.php(43): Illuminate/Container/BoundMethod::{closure:Illuminate/Container/BoundMethod::call():35}()
#26 C:/xamppnew/htdocs/SSP2-Assignment/Application/TyperDis/vendor/laravel/framework/src/Illuminate/Container/BoundMethod.php(96): Illuminate/Container/Util::unwrapIfClosure()
#27 C:/xamppnew/htdocs/SSP2-Assignment/Application/TyperDis/vendor/laravel/framework/src/Illuminate/Container/BoundMethod.php(35): Illuminate/Container/BoundMethod::callBoundMethod()
#28 C:/xamppnew/htdocs/SSP2-Assignment/Application/TyperDis/vendor/laravel/framework/src/Illuminate/Container/Container.php(803): Illuminate/Container/BoundMethod::call()
#29 C:/xamppnew/htdocs/SSP2-Assignment/Application/TyperDis/vendor/laravel/framework/src/Illuminate/Console/Command.php(292): Illuminate/Container/Container->call()
#30 C:/xamppnew/htdocs/SSP2-Assignment/Application/TyperDis/vendor/symfony/console/Command/Command.php(285): Illuminate/Console/Command->execute()
#31 C:/xamppnew/htdocs/SSP2-Assignment/Application/TyperDis/vendor/laravel/framework/src/Illuminate/Console/Command.php(261): Symfony/Component/Console/Command/Command->run()
#32 C:/xamppnew/htdocs/SSP2-Assignment/Application/TyperDis/vendor/symfony/console/Application.php(1144): Illuminate/Console/Command->run()
#33 C:/xamppnew/htdocs/SSP2-Assignment/Application/TyperDis/vendor/symfony/console/Application.php(379): Symfony/Component/Console/Application->doRunCommand()
#34 C:/xamppnew/htdocs/SSP2-Assignment/Application/TyperDis/vendor/symfony/console/Application.php(218): Symfony/Component/Console/Application->doRun()
#35 C:/xamppnew/htdocs/SSP2-Assignment/Application/TyperDis/vendor/laravel/framework/src/Illuminate/Foundation/Console/Kernel.php(198): Symfony/Component/Console/Application->run()
#36 C:/xamppnew/htdocs/SSP2-Assignment/Application/TyperDis/vendor/laravel/framework/src/Illuminate/Foundation/Application.php(1242): Illuminate/Foundation/Console/Kernel->handle()
#37 C:/xamppnew/htdocs/SSP2-Assignment/Application/TyperDis/artisan(16): Illuminate/Foundation/Application->handleCommand()
#38 {main}

[previous exception] [object] (PDOException(code: 1045): SQLSTATE[HY000] [1045] Access denied for user 'root'@'localhost' (using password: YES) at C:/xamppnew/htdocs/SSP2-Assignment/Application/TyperDis/vendor/laravel/framework/src/Illuminate/Database/Connectors/Connector.php:67)
[stacktrace]
#0 C:/xamppnew/htdocs/SSP2-Assignment/Application/TyperDis/vendor/laravel/framework/src/Illuminate/Database/Connectors/Connector.php(67): PDO::connect()
#1 C:/xamppnew/htdocs/SSP2-Assignment/Application/TyperDis/vendor/laravel/framework/src/Illuminate/Database/Connectors/Connector.php(85): Illuminate/Database/Connectors/Connector->createPdoConnection()
#2 C:/xamppnew/htdocs/SSP2-Assignment/Application/TyperDis/vendor/laravel/framework/src/Illuminate/Database/Connectors/Connector.php(48): Illuminate/Database/Connectors/Connector->tryAgainIfCausedByLostConnection()
#3 C:/xamppnew/htdocs/SSP2-Assignment/Application/TyperDis/vendor/laravel/framework/src/Illuminate/Database/Connectors/MySqlConnector.php(24): Illuminate/Database/Connectors/Connector->createConnection()
#4 C:/xamppnew/htdocs/SSP2-Assignment/Application/TyperDis/vendor/laravel/framework/src/Illuminate/Database/Connectors/ConnectionFactory.php(220): Illuminate/Database/Connectors/MySqlConnector->connect()
#5 [internal function]: Illuminate/Database/Connectors/ConnectionFactory->{closure:Illuminate/Database/Connectors/ConnectionFactory::createPdoResolverWithHosts():213}()
#6 C:/xamppnew/htdocs/SSP2-Assignment/Application/TyperDis/vendor/laravel/framework/src/Illuminate/Database/Connection.php(1298): call_user_func()
#7 C:/xamppnew/htdocs/SSP2-Assignment/Application/TyperDis/vendor/laravel/framework/src/Illuminate/Database/Connection.php(622): Illuminate/Database/Connection->getPdo()
#8 C:/xamppnew/htdocs/SSP2-Assignment/Application/TyperDis/vendor/laravel/framework/src/Illuminate/Database/Connection.php(846): Illuminate/Database/Connection->{closure:Illuminate/Database/Connection::affectingStatement():614}()
#9 C:/xamppnew/htdocs/SSP2-Assignment/Application/TyperDis/vendor/laravel/framework/src/Illuminate/Database/Connection.php(1038): Illuminate/Database/Connection->runQueryCallback()
#10 C:/xamppnew/htdocs/SSP2-Assignment/Application/TyperDis/vendor/laravel/framework/src/Illuminate/Database/Connection.php(1017): Illuminate/Database/Connection->tryAgainIfCausedByLostConnection()
#11 C:/xamppnew/htdocs/SSP2-Assignment/Application/TyperDis/vendor/laravel/framework/src/Illuminate/Database/Connection.php(815): Illuminate/Database/Connection->handleQueryException()
#12 C:/xamppnew/htdocs/SSP2-Assignment/Application/TyperDis/vendor/laravel/framework/src/Illuminate/Database/Connection.php(614): Illuminate/Database/Connection->run()
#13 C:/xamppnew/htdocs/SSP2-Assignment/Application/TyperDis/vendor/laravel/framework/src/Illuminate/Database/Connection.php(578): Illuminate/Database/Connection->affectingStatement()
#14 C:/xamppnew/htdocs/SSP2-Assignment/Application/TyperDis/vendor/laravel/framework/src/Illuminate/Database/Query/Builder.php(4576): Illuminate/Database/Connection->delete()
#15 C:/xamppnew/htdocs/SSP2-Assignment/Application/TyperDis/vendor/laravel/framework/src/Illuminate/Cache/DatabaseStore.php(450): Illuminate/Database/Query/Builder->delete()
#16 C:/xamppnew/htdocs/SSP2-Assignment/Application/TyperDis/vendor/laravel/framework/src/Illuminate/Cache/Repository.php(1086): Illuminate/Cache/DatabaseStore->flush()
#17 C:/xamppnew/htdocs/SSP2-Assignment/Application/TyperDis/vendor/laravel/framework/src/Illuminate/Cache/Console/ClearCommand.php(81): Illuminate/Cache/Repository->__call()
#18 C:/xamppnew/htdocs/SSP2-Assignment/Application/TyperDis/vendor/laravel/framework/src/Illuminate/Container/BoundMethod.php(36): Illuminate/Cache/Console/ClearCommand->handle()
#19 C:/xamppnew/htdocs/SSP2-Assignment/Application/TyperDis/vendor/laravel/framework/src/Illuminate/Container/Util.php(43): Illuminate/Container/BoundMethod::{closure:Illuminate/Container/BoundMethod::call():35}()
#20 C:/xamppnew/htdocs/SSP2-Assignment/Application/TyperDis/vendor/laravel/framework/src/Illuminate/Container/BoundMethod.php(96): Illuminate/Container/Util::unwrapIfClosure()
#21 C:/xamppnew/htdocs/SSP2-Assignment/Application/TyperDis/vendor/laravel/framework/src/Illuminate/Container/BoundMethod.php(35): Illuminate/Container/BoundMethod::callBoundMethod()
#22 C:/xamppnew/htdocs/SSP2-Assignment/Application/TyperDis/vendor/laravel/framework/src/Illuminate/Container/Container.php(803): Illuminate/Container/BoundMethod::call()
#23 C:/xamppnew/htdocs/SSP2-Assignment/Application/TyperDis/vendor/laravel/framework/src/Illuminate/Console/Command.php(292): Illuminate/Container/Container->call()
#24 C:/xamppnew/htdocs/SSP2-Assignment/Application/TyperDis/vendor/symfony/console/Command/Command.php(285): Illuminate/Console/Command->execute()
#25 C:/xamppnew/htdocs/SSP2-Assignment/Application/TyperDis/vendor/laravel/framework/src/Illuminate/Console/Command.php(261): Symfony/Component/Console/Command/Command->run()
#26 C:/xamppnew/htdocs/SSP2-Assignment/Application/TyperDis/vendor/laravel/framework/src/Illuminate/Console/Concerns/CallsCommands.php(68): Illuminate/Console/Command->run()
#27 C:/xamppnew/htdocs/SSP2-Assignment/Application/TyperDis/vendor/laravel/framework/src/Illuminate/Console/Concerns/CallsCommands.php(41): Illuminate/Console/Command->runCommand()
#28 C:/xamppnew/htdocs/SSP2-Assignment/Application/TyperDis/vendor/laravel/framework/src/Illuminate/Console/Concerns/CallsCommands.php(53): Illuminate/Console/Command->callSilent()
#29 C:/xamppnew/htdocs/SSP2-Assignment/Application/TyperDis/vendor/laravel/framework/src/Illuminate/Foundation/Console/OptimizeClearCommand.php(48): Illuminate/Console/Command->callSilently()
#30 C:/xamppnew/htdocs/SSP2-Assignment/Application/TyperDis/vendor/laravel/framework/src/Illuminate/Console/View/Components/Task.php(43): Illuminate/Foundation/Console/OptimizeClearCommand->{closure:Illuminate/Foundation/Console/OptimizeClearCommand::handle():48}()
#31 C:/xamppnew/htdocs/SSP2-Assignment/Application/TyperDis/vendor/laravel/framework/src/Illuminate/Console/View/Components/Factory.php(61): Illuminate/Console/View/Components/Task->render()
#32 C:/xamppnew/htdocs/SSP2-Assignment/Application/TyperDis/vendor/laravel/framework/src/Illuminate/Foundation/Console/OptimizeClearCommand.php(48): Illuminate/Console/View/Components/Factory->__call()
#33 C:/xamppnew/htdocs/SSP2-Assignment/Application/TyperDis/vendor/laravel/framework/src/Illuminate/Container/BoundMethod.php(36): Illuminate/Foundation/Console/OptimizeClearCommand->handle()
#34 C:/xamppnew/htdocs/SSP2-Assignment/Application/TyperDis/vendor/laravel/framework/src/Illuminate/Container/Util.php(43): Illuminate/Container/BoundMethod::{closure:Illuminate/Container/BoundMethod::call():35}()
#35 C:/xamppnew/htdocs/SSP2-Assignment/Application/TyperDis/vendor/laravel/framework/src/Illuminate/Container/BoundMethod.php(96): Illuminate/Container/Util::unwrapIfClosure()
#36 C:/xamppnew/htdocs/SSP2-Assignment/Application/TyperDis/vendor/laravel/framework/src/Illuminate/Container/BoundMethod.php(35): Illuminate/Container/BoundMethod::callBoundMethod()
#37 C:/xamppnew/htdocs/SSP2-Assignment/Application/TyperDis/vendor/laravel/framework/src/Illuminate/Container/Container.php(803): Illuminate/Container/BoundMethod::call()
#38 C:/xamppnew/htdocs/SSP2-Assignment/Application/TyperDis/vendor/laravel/framework/src/Illuminate/Console/Command.php(292): Illuminate/Container/Container->call()
#39 C:/xamppnew/htdocs/SSP2-Assignment/Application/TyperDis/vendor/symfony/console/Command/Command.php(285): Illuminate/Console/Command->execute()
#40 C:/xamppnew/htdocs/SSP2-Assignment/Application/TyperDis/vendor/laravel/framework/src/Illuminate/Console/Command.php(261): Symfony/Component/Console/Command/Command->run()
#41 C:/xamppnew/htdocs/SSP2-Assignment/Application/TyperDis/vendor/symfony/console/Application.php(1144): Illuminate/Console/Command->run()
#42 C:/xamppnew/htdocs/SSP2-Assignment/Application/TyperDis/vendor/symfony/console/Application.php(379): Symfony/Component/Console/Application->doRunCommand()
#43 C:/xamppnew/htdocs/SSP2-Assignment/Application/TyperDis/vendor/symfony/console/Application.php(218): Symfony/Component/Console/Application->doRun()
#44 C:/xamppnew/htdocs/SSP2-Assignment/Application/TyperDis/vendor/laravel/framework/src/Illuminate/Foundation/Console/Kernel.php(198): Symfony/Component/Console/Application->run()
#45 C:/xamppnew/htdocs/SSP2-Assignment/Application/TyperDis/vendor/laravel/framework/src/Illuminate/Foundation/Application.php(1242): Illuminate/Foundation/Console/Kernel->handle()
#46 C:/xamppnew/htdocs/SSP2-Assignment/Application/TyperDis/artisan(16): Illuminate/Foundation/Application->handleCommand()
#47 {main}
"} 
[2026-09-09 16:56:14] local.ERROR: SQLSTATE[HY000] [1045] Access denied for user 'root'@'localhost' (using password: YES) (Connection: mysql, Host: 127.0.0.1, Port: 3306, Database: mydatabase, SQL: delete from `cache`) {"exception":"[object] (Illuminate\\Database\\QueryException(code: 1045): SQLSTATE[HY000] [1045] Access denied for user 'root'@'localhost' (using password: YES) (Connection: mysql, Host: 127.0.0.1, Port: 3306, Database: mydatabase, SQL: delete from `cache`) at C:/xamppnew/htdocs/SSP2-Assignment/Application/TyperDis/vendor/laravel/framework/src/Illuminate/Database/Connection.php:857)
[stacktrace]
#0 C:/xamppnew/htdocs/SSP2-Assignment/Application/TyperDis/vendor/laravel/framework/src/Illuminate/Database/Connection.php(1038): Illuminate/Database/Connection->runQueryCallback()
#1 C:/xamppnew/htdocs/SSP2-Assignment/Application/TyperDis/vendor/laravel/framework/src/Illuminate/Database/Connection.php(1017): Illuminate/Database/Connection->tryAgainIfCausedByLostConnection()
#2 C:/xamppnew/htdocs/SSP2-Assignment/Application/TyperDis/vendor/laravel/framework/src/Illuminate/Database/Connection.php(815): Illuminate/Database/Connection->handleQueryException()
#3 C:/xamppnew/htdocs/SSP2-Assignment/Application/TyperDis/vendor/laravel/framework/src/Illuminate/Database/Connection.php(614): Illuminate/Database/Connection->run()
#4 C:/xamppnew/htdocs/SSP2-Assignment/Application/TyperDis/vendor/laravel/framework/src/Illuminate/Database/Connection.php(578): Illuminate/Database/Connection->affectingStatement()
#5 C:/xamppnew/htdocs/SSP2-Assignment/Application/TyperDis/vendor/laravel/framework/src/Illuminate/Database/Query/Builder.php(4576): Illuminate/Database/Connection->delete()
#6 C:/xamppnew/htdocs/SSP2-Assignment/Application/TyperDis/vendor/laravel/framework/src/Illuminate/Cache/DatabaseStore.php(450): Illuminate/Database/Query/Builder->delete()
#7 C:/xamppnew/htdocs/SSP2-Assignment/Application/TyperDis/vendor/laravel/framework/src/Illuminate/Cache/Repository.php(1086): Illuminate/Cache/DatabaseStore->flush()
#8 C:/xamppnew/htdocs/SSP2-Assignment/Application/TyperDis/vendor/laravel/framework/src/Illuminate/Cache/Console/ClearCommand.php(81): Illuminate/Cache/Repository->__call()
#9 C:/xamppnew/htdocs/SSP2-Assignment/Application/TyperDis/vendor/laravel/framework/src/Illuminate/Container/BoundMethod.php(36): Illuminate/Cache/Console/ClearCommand->handle()
#10 C:/xamppnew/htdocs/SSP2-Assignment/Application/TyperDis/vendor/laravel/framework/src/Illuminate/Container/Util.php(43): Illuminate/Container/BoundMethod::{closure:Illuminate/Container/BoundMethod::call():35}()
#11 C:/xamppnew/htdocs/SSP2-Assignment/Application/TyperDis/vendor/laravel/framework/src/Illuminate/Container/BoundMethod.php(96): Illuminate/Container/Util::unwrapIfClosure()
#12 C:/xamppnew/htdocs/SSP2-Assignment/Application/TyperDis/vendor/laravel/framework/src/Illuminate/Container/BoundMethod.php(35): Illuminate/Container/BoundMethod::callBoundMethod()
#13 C:/xamppnew/htdocs/SSP2-Assignment/Application/TyperDis/vendor/laravel/framework/src/Illuminate/Container/Container.php(803): Illuminate/Container/BoundMethod::call()
#14 C:/xamppnew/htdocs/SSP2-Assignment/Application/TyperDis/vendor/laravel/framework/src/Illuminate/Console/Command.php(292): Illuminate/Container/Container->call()
#15 C:/xamppnew/htdocs/SSP2-Assignment/Application/TyperDis/vendor/symfony/console/Command/Command.php(285): Illuminate/Console/Command->execute()
#16 C:/xamppnew/htdocs/SSP2-Assignment/Application/TyperDis/vendor/laravel/framework/src/Illuminate/Console/Command.php(261): Symfony/Component/Console/Command/Command->run()
#17 C:/xamppnew/htdocs/SSP2-Assignment/Application/TyperDis/vendor/laravel/framework/src/Illuminate/Console/Concerns/CallsCommands.php(68): Illuminate/Console/Command->run()
#18 C:/xamppnew/htdocs/SSP2-Assignment/Application/TyperDis/vendor/laravel/framework/src/Illuminate/Console/Concerns/CallsCommands.php(41): Illuminate/Console/Command->runCommand()
#19 C:/xamppnew/htdocs/SSP2-Assignment/Application/TyperDis/vendor/laravel/framework/src/Illuminate/Console/Concerns/CallsCommands.php(53): Illuminate/Console/Command->callSilent()
#20 C:/xamppnew/htdocs/SSP2-Assignment/Application/TyperDis/vendor/laravel/framework/src/Illuminate/Foundation/Console/OptimizeClearCommand.php(48): Illuminate/Console/Command->callSilently()
#21 C:/xamppnew/htdocs/SSP2-Assignment/Application/TyperDis/vendor/laravel/framework/src/Illuminate/Console/View/Components/Task.php(43): Illuminate/Foundation/Console/OptimizeClearCommand->{closure:Illuminate/Foundation/Console/OptimizeClearCommand::handle():48}()
#22 C:/xamppnew/htdocs/SSP2-Assignment/Application/TyperDis/vendor/laravel/framework/src/Illuminate/Console/View/Components/Factory.php(61): Illuminate/Console/View/Components/Task->render()
#23 C:/xamppnew/htdocs/SSP2-Assignment/Application/TyperDis/vendor/laravel/framework/src/Illuminate/Foundation/Console/OptimizeClearCommand.php(48): Illuminate/Console/View/Components/Factory->__call()
#24 C:/xamppnew/htdocs/SSP2-Assignment/Application/TyperDis/vendor/laravel/framework/src/Illuminate/Container/BoundMethod.php(36): Illuminate/Foundation/Console/OptimizeClearCommand->handle()
#25 C:/xamppnew/htdocs/SSP2-Assignment/Application/TyperDis/vendor/laravel/framework/src/Illuminate/Container/Util.php(43): Illuminate/Container/BoundMethod::{closure:Illuminate/Container/BoundMethod::call():35}()
#26 C:/xamppnew/htdocs/SSP2-Assignment/Application/TyperDis/vendor/laravel/framework/src/Illuminate/Container/BoundMethod.php(96): Illuminate/Container/Util::unwrapIfClosure()
#27 C:/xamppnew/htdocs/SSP2-Assignment/Application/TyperDis/vendor/laravel/framework/src/Illuminate/Container/BoundMethod.php(35): Illuminate/Container/BoundMethod::callBoundMethod()
#28 C:/xamppnew/htdocs/SSP2-Assignment/Application/TyperDis/vendor/laravel/framework/src/Illuminate/Container/Container.php(803): Illuminate/Container/BoundMethod::call()
#29 C:/xamppnew/htdocs/SSP2-Assignment/Application/TyperDis/vendor/laravel/framework/src/Illuminate/Console/Command.php(292): Illuminate/Container/Container->call()
#30 C:/xamppnew/htdocs/SSP2-Assignment/Application/TyperDis/vendor/symfony/console/Command/Command.php(285): Illuminate/Console/Command->execute()
#31 C:/xamppnew/htdocs/SSP2-Assignment/Application/TyperDis/vendor/laravel/framework/src/Illuminate/Console/Command.php(261): Symfony/Component/Console/Command/Command->run()
#32 C:/xamppnew/htdocs/SSP2-Assignment/Application/TyperDis/vendor/symfony/console/Application.php(1144): Illuminate/Console/Command->run()
#33 C:/xamppnew/htdocs/SSP2-Assignment/Application/TyperDis/vendor/symfony/console/Application.php(379): Symfony/Component/Console/Application->doRunCommand()
#34 C:/xamppnew/htdocs/SSP2-Assignment/Application/TyperDis/vendor/symfony/console/Application.php(218): Symfony/Component/Console/Application->doRun()
#35 C:/xamppnew/htdocs/SSP2-Assignment/Application/TyperDis/vendor/laravel/framework/src/Illuminate/Foundation/Console/Kernel.php(198): Symfony/Component/Console/Application->run()
#36 C:/xamppnew/htdocs/SSP2-Assignment/Application/TyperDis/vendor/laravel/framework/src/Illuminate/Foundation/Application.php(1242): Illuminate/Foundation/Console/Kernel->handle()
#37 C:/xamppnew/htdocs/SSP2-Assignment/Application/TyperDis/artisan(16): Illuminate/Foundation/Application->handleCommand()
#38 {main}

[previous exception] [object] (PDOException(code: 1045): SQLSTATE[HY000] [1045] Access denied for user 'root'@'localhost' (using password: YES) at C:/xamppnew/htdocs/SSP2-Assignment/Application/TyperDis/vendor/laravel/framework/src/Illuminate/Database/Connectors/Connector.php:67)
[stacktrace]
#0 C:/xamppnew/htdocs/SSP2-Assignment/Application/TyperDis/vendor/laravel/framework/src/Illuminate/Database/Connectors/Connector.php(67): PDO::connect()
#1 C:/xamppnew/htdocs/SSP2-Assignment/Application/TyperDis/vendor/laravel/framework/src/Illuminate/Database/Connectors/Connector.php(85): Illuminate/Database/Connectors/Connector->createPdoConnection()
#2 C:/xamppnew/htdocs/SSP2-Assignment/Application/TyperDis/vendor/laravel/framework/src/Illuminate/Database/Connectors/Connector.php(48): Illuminate/Database/Connectors/Connector->tryAgainIfCausedByLostConnection()
#3 C:/xamppnew/htdocs/SSP2-Assignment/Application/TyperDis/vendor/laravel/framework/src/Illuminate/Database/Connectors/MySqlConnector.php(24): Illuminate/Database/Connectors/Connector->createConnection()
#4 C:/xamppnew/htdocs/SSP2-Assignment/Application/TyperDis/vendor/laravel/framework/src/Illuminate/Database/Connectors/ConnectionFactory.php(220): Illuminate/Database/Connectors/MySqlConnector->connect()
#5 [internal function]: Illuminate/Database/Connectors/ConnectionFactory->{closure:Illuminate/Database/Connectors/ConnectionFactory::createPdoResolverWithHosts():213}()
#6 C:/xamppnew/htdocs/SSP2-Assignment/Application/TyperDis/vendor/laravel/framework/src/Illuminate/Database/Connection.php(1298): call_user_func()
#7 C:/xamppnew/htdocs/SSP2-Assignment/Application/TyperDis/vendor/laravel/framework/src/Illuminate/Database/Connection.php(622): Illuminate/Database/Connection->getPdo()
#8 C:/xamppnew/htdocs/SSP2-Assignment/Application/TyperDis/vendor/laravel/framework/src/Illuminate/Database/Connection.php(846): Illuminate/Database/Connection->{closure:Illuminate/Database/Connection::affectingStatement():614}()
#9 C:/xamppnew/htdocs/SSP2-Assignment/Application/TyperDis/vendor/laravel/framework/src/Illuminate/Database/Connection.php(1038): Illuminate/Database/Connection->runQueryCallback()
#10 C:/xamppnew/htdocs/SSP2-Assignment/Application/TyperDis/vendor/laravel/framework/src/Illuminate/Database/Connection.php(1017): Illuminate/Database/Connection->tryAgainIfCausedByLostConnection()
#11 C:/xamppnew/htdocs/SSP2-Assignment/Application/TyperDis/vendor/laravel/framework/src/Illuminate/Database/Connection.php(815): Illuminate/Database/Connection->handleQueryException()
#12 C:/xamppnew/htdocs/SSP2-Assignment/Application/TyperDis/vendor/laravel/framework/src/Illuminate/Database/Connection.php(614): Illuminate/Database/Connection->run()
#13 C:/xamppnew/htdocs/SSP2-Assignment/Application/TyperDis/vendor/laravel/framework/src/Illuminate/Database/Connection.php(578): Illuminate/Database/Connection->affectingStatement()
#14 C:/xamppnew/htdocs/SSP2-Assignment/Application/TyperDis/vendor/laravel/framework/src/Illuminate/Database/Query/Builder.php(4576): Illuminate/Database/Connection->delete()
#15 C:/xamppnew/htdocs/SSP2-Assignment/Application/TyperDis/vendor/laravel/framework/src/Illuminate/Cache/DatabaseStore.php(450): Illuminate/Database/Query/Builder->delete()
#16 C:/xamppnew/htdocs/SSP2-Assignment/Application/TyperDis/vendor/laravel/framework/src/Illuminate/Cache/Repository.php(1086): Illuminate/Cache/DatabaseStore->flush()
#17 C:/xamppnew/htdocs/SSP2-Assignment/Application/TyperDis/vendor/laravel/framework/src/Illuminate/Cache/Console/ClearCommand.php(81): Illuminate/Cache/Repository->__call()
#18 C:/xamppnew/htdocs/SSP2-Assignment/Application/TyperDis/vendor/laravel/framework/src/Illuminate/Container/BoundMethod.php(36): Illuminate/Cache/Console/ClearCommand->handle()
#19 C:/xamppnew/htdocs/SSP2-Assignment/Application/TyperDis/vendor/laravel/framework/src/Illuminate/Container/Util.php(43): Illuminate/Container/BoundMethod::{closure:Illuminate/Container/BoundMethod::call():35}()
#20 C:/xamppnew/htdocs/SSP2-Assignment/Application/TyperDis/vendor/laravel/framework/src/Illuminate/Container/BoundMethod.php(96): Illuminate/Container/Util::unwrapIfClosure()
#21 C:/xamppnew/htdocs/SSP2-Assignment/Application/TyperDis/vendor/laravel/framework/src/Illuminate/Container/BoundMethod.php(35): Illuminate/Container/BoundMethod::callBoundMethod()
#22 C:/xamppnew/htdocs/SSP2-Assignment/Application/TyperDis/vendor/laravel/framework/src/Illuminate/Container/Container.php(803): Illuminate/Container/BoundMethod::call()
#23 C:/xamppnew/htdocs/SSP2-Assignment/Application/TyperDis/vendor/laravel/framework/src/Illuminate/Console/Command.php(292): Illuminate/Container/Container->call()
#24 C:/xamppnew/htdocs/SSP2-Assignment/Application/TyperDis/vendor/symfony/console/Command/Command.php(285): Illuminate/Console/Command->execute()
#25 C:/xamppnew/htdocs/SSP2-Assignment/Application/TyperDis/vendor/laravel/framework/src/Illuminate/Console/Command.php(261): Symfony/Component/Console/Command/Command->run()
#26 C:/xamppnew/htdocs/SSP2-Assignment/Application/TyperDis/vendor/laravel/framework/src/Illuminate/Console/Concerns/CallsCommands.php(68): Illuminate/Console/Command->run()
#27 C:/xamppnew/htdocs/SSP2-Assignment/Application/TyperDis/vendor/laravel/framework/src/Illuminate/Console/Concerns/CallsCommands.php(41): Illuminate/Console/Command->runCommand()
#28 C:/xamppnew/htdocs/SSP2-Assignment/Application/TyperDis/vendor/laravel/framework/src/Illuminate/Console/Concerns/CallsCommands.php(53): Illuminate/Console/Command->callSilent()
#29 C:/xamppnew/htdocs/SSP2-Assignment/Application/TyperDis/vendor/laravel/framework/src/Illuminate/Foundation/Console/OptimizeClearCommand.php(48): Illuminate/Console/Command->callSilently()
#30 C:/xamppnew/htdocs/SSP2-Assignment/Application/TyperDis/vendor/laravel/framework/src/Illuminate/Console/View/Components/Task.php(43): Illuminate/Foundation/Console/OptimizeClearCommand->{closure:Illuminate/Foundation/Console/OptimizeClearCommand::handle():48}()
#31 C:/xamppnew/htdocs/SSP2-Assignment/Application/TyperDis/vendor/laravel/framework/src/Illuminate/Console/View/Components/Factory.php(61): Illuminate/Console/View/Components/Task->render()
#32 C:/xamppnew/htdocs/SSP2-Assignment/Application/TyperDis/vendor/laravel/framework/src/Illuminate/Foundation/Console/OptimizeClearCommand.php(48): Illuminate/Console/View/Components/Factory->__call()
#33 C:/xamppnew/htdocs/SSP2-Assignment/Application/TyperDis/vendor/laravel/framework/src/Illuminate/Container/BoundMethod.php(36): Illuminate/Foundation/Console/OptimizeClearCommand->handle()
#34 C:/xamppnew/htdocs/SSP2-Assignment/Application/TyperDis/vendor/laravel/framework/src/Illuminate/Container/Util.php(43): Illuminate/Container/BoundMethod::{closure:Illuminate/Container/BoundMethod::call():35}()
#35 C:/xamppnew/htdocs/SSP2-Assignment/Application/TyperDis/vendor/laravel/framework/src/Illuminate/Container/BoundMethod.php(96): Illuminate/Container/Util::unwrapIfClosure()
#36 C:/xamppnew/htdocs/SSP2-Assignment/Application/TyperDis/vendor/laravel/framework/src/Illuminate/Container/BoundMethod.php(35): Illuminate/Container/BoundMethod::callBoundMethod()
#37 C:/xamppnew/htdocs/SSP2-Assignment/Application/TyperDis/vendor/laravel/framework/src/Illuminate/Container/Container.php(803): Illuminate/Container/BoundMethod::call()
#38 C:/xamppnew/htdocs/SSP2-Assignment/Application/TyperDis/vendor/laravel/framework/src/Illuminate/Console/Command.php(292): Illuminate/Container/Container->call()
#39 C:/xamppnew/htdocs/SSP2-Assignment/Application/TyperDis/vendor/symfony/console/Command/Command.php(285): Illuminate/Console/Command->execute()
#40 C:/xamppnew/htdocs/SSP2-Assignment/Application/TyperDis/vendor/laravel/framework/src/Illuminate/Console/Command.php(261): Symfony/Component/Console/Command/Command->run()
#41 C:/xamppnew/htdocs/SSP2-Assignment/Application/TyperDis/vendor/symfony/console/Application.php(1144): Illuminate/Console/Command->run()
#42 C:/xamppnew/htdocs/SSP2-Assignment/Application/TyperDis/vendor/symfony/console/Application.php(379): Symfony/Component/Console/Application->doRunCommand()
#43 C:/xamppnew/htdocs/SSP2-Assignment/Application/TyperDis/vendor/symfony/console/Application.php(218): Symfony/Component/Console/Application->doRun()
#44 C:/xamppnew/htdocs/SSP2-Assignment/Application/TyperDis/vendor/laravel/framework/src/Illuminate/Foundation/Console/Kernel.php(198): Symfony/Component/Console/Application->run()
#45 C:/xamppnew/htdocs/SSP2-Assignment/Application/TyperDis/vendor/laravel/framework/src/Illuminate/Foundation/Application.php(1242): Illuminate/Foundation/Console/Kernel->handle()
#46 C:/xamppnew/htdocs/SSP2-Assignment/Application/TyperDis/artisan(16): Illuminate/Foundation/Application->handleCommand()
#47 {main}
"} 
[2026-09-10 12:07:00] local.ERROR: Command "make:routes" is not defined.

Did you mean one of these?
    make:cache-table
    make:cast
    make:channel
    make:class
    make:command
    make:component
    make:config
    make:controller
    make:enum
    make:event
    make:exception
    make:factory
    make:interface
    make:job
    make:job-middleware
    make:listener
    make:mail
    make:middleware
    make:migration
    make:model
    make:notification
    make:notifications-table
    make:observer
    make:policy
    make:provider
    make:queue-batches-table
    make:queue-failed-table
    make:queue-table
    make:request
    make:resource
    make:rule
    make:scope
    make:seeder
    make:session-table
    make:test
    make:trait
    make:view {"exception":"[object] (Symfony\\Component\\Console\\Exception\\CommandNotFoundException(code: 0): Command \"make:routes\" is not defined.

Did you mean one of these?
    make:cache-table
    make:cast
    make:channel
    make:class
    make:command
    make:component
    make:config
    make:controller
    make:enum
    make:event
    make:exception
    make:factory
    make:interface
    make:job
    make:job-middleware
    make:listener
    make:mail
    make:middleware
    make:migration
    make:model
    make:notification
    make:notifications-table
    make:observer
    make:policy
    make:provider
    make:queue-batches-table
    make:queue-failed-table
    make:queue-table
    make:request
    make:resource
    make:rule
    make:scope
    make:seeder
    make:session-table
    make:test
    make:trait
    make:view at C:/xamppnew/htdocs/SSP2-Assignment/Application/TyperDis/vendor/symfony/console/Application.php:785)
[stacktrace]
#0 C:/xamppnew/htdocs/SSP2-Assignment/Application/TyperDis/vendor/symfony/console/Application.php(321): Symfony/Component/Console/Application->find()
#1 C:/xamppnew/htdocs/SSP2-Assignment/Application/TyperDis/vendor/symfony/console/Application.php(218): Symfony/Component/Console/Application->doRun()
#2 C:/xamppnew/htdocs/SSP2-Assignment/Application/TyperDis/vendor/laravel/framework/src/Illuminate/Foundation/Console/Kernel.php(198): Symfony/Component/Console/Application->run()
#3 C:/xamppnew/htdocs/SSP2-Assignment/Application/TyperDis/vendor/laravel/framework/src/Illuminate/Foundation/Application.php(1242): Illuminate/Foundation/Console/Kernel->handle()
#4 C:/xamppnew/htdocs/SSP2-Assignment/Application/TyperDis/artisan(16): Illuminate/Foundation/Application->handleCommand()
#5 {main}
"} 
[2026-09-10 15:10:38] local.ERROR: include(C:\xamppnew\htdocs\SSP2-Assignment\Application\TyperDis\vendor\composer/../../app/Http/Controllers/Controller.php): Failed to open stream: No such file or directory {"exception":"[object] (ErrorException(code: 0): include(C:\\xamppnew\\htdocs\\SSP2-Assignment\\Application\\TyperDis\\vendor\\composer/../../app/Http/Controllers/Controller.php): Failed to open stream: No such file or directory at C:/xamppnew/htdocs/SSP2-Assignment/Application/TyperDis/vendor/composer/ClassLoader.php:576)
[stacktrace]
#0 C:/xamppnew/htdocs/SSP2-Assignment/Application/TyperDis/vendor/laravel/framework/src/Illuminate/Foundation/Bootstrap/HandleExceptions.php(263): Illuminate/Foundation/Bootstrap/HandleExceptions->handleError()
#1 C:/xamppnew/htdocs/SSP2-Assignment/Application/TyperDis/vendor/composer/ClassLoader.php(576): Illuminate/Foundation/Bootstrap/HandleExceptions->{closure:Illuminate/Foundation/Bootstrap/HandleExceptions::forwardsTo():262}()
#2 C:/xamppnew/htdocs/SSP2-Assignment/Application/TyperDis/vendor/composer/ClassLoader.php(576): include('...')
#3 C:/xamppnew/htdocs/SSP2-Assignment/Application/TyperDis/vendor/composer/ClassLoader.php(427): {closure:Composer/Autoload/ClassLoader::initializeIncludeClosure():575}()
#4 C:/xamppnew/htdocs/SSP2-Assignment/Application/TyperDis/app/Http/Controllers/Account.php(8): Composer/Autoload/ClassLoader->loadClass()
#5 C:/xamppnew/htdocs/SSP2-Assignment/Application/TyperDis/vendor/composer/ClassLoader.php(576): include('...')
#6 C:/xamppnew/htdocs/SSP2-Assignment/Application/TyperDis/vendor/composer/ClassLoader.php(427): {closure:Composer/Autoload/ClassLoader::initializeIncludeClosure():575}()
#7 [internal function]: Composer/Autoload/ClassLoader->loadClass()
#8 C:/xamppnew/htdocs/SSP2-Assignment/Application/TyperDis/vendor/laravel/framework/src/Illuminate/Routing/Route.php(1182): ReflectionClass->__construct()
#9 C:/xamppnew/htdocs/SSP2-Assignment/Application/TyperDis/vendor/laravel/framework/src/Illuminate/Routing/Route.php(1132): Illuminate/Routing/Route->attributeProvidedControllerMiddleware()
#10 C:/xamppnew/htdocs/SSP2-Assignment/Application/TyperDis/vendor/laravel/framework/src/Illuminate/Routing/Route.php(1069): Illuminate/Routing/Route->controllerMiddleware()
#11 C:/xamppnew/htdocs/SSP2-Assignment/Application/TyperDis/vendor/laravel/framework/src/Illuminate/Routing/Router.php(834): Illuminate/Routing/Route->gatherMiddleware()
#12 C:/xamppnew/htdocs/SSP2-Assignment/Application/TyperDis/vendor/laravel/framework/src/Illuminate/Foundation/Console/RouteListCommand.php(240): Illuminate/Routing/Router->gatherRouteMiddleware()
#13 C:/xamppnew/htdocs/SSP2-Assignment/Application/TyperDis/vendor/laravel/framework/src/Illuminate/Foundation/Console/RouteListCommand.php(159): Illuminate/Foundation/Console/RouteListCommand->getMiddleware()
#14 C:/xamppnew/htdocs/SSP2-Assignment/Application/TyperDis/vendor/laravel/framework/src/Illuminate/Foundation/Console/RouteListCommand.php(128): Illuminate/Foundation/Console/RouteListCommand->getRouteInformation()
#15 [internal function]: Illuminate/Foundation/Console/RouteListCommand->{closure:Illuminate/Foundation/Console/RouteListCommand::getRoutes():128}()
#16 C:/xamppnew/htdocs/SSP2-Assignment/Application/TyperDis/vendor/laravel/framework/src/Illuminate/Collections/Arr.php(858): array_map()
#17 C:/xamppnew/htdocs/SSP2-Assignment/Application/TyperDis/vendor/laravel/framework/src/Illuminate/Collections/Collection.php(831): Illuminate/Support/Arr::map()
#18 C:/xamppnew/htdocs/SSP2-Assignment/Application/TyperDis/vendor/laravel/framework/src/Illuminate/Foundation/Console/RouteListCommand.php(128): Illuminate/Support/Collection->map()
#19 C:/xamppnew/htdocs/SSP2-Assignment/Application/TyperDis/vendor/laravel/framework/src/Illuminate/Foundation/Console/RouteListCommand.php(113): Illuminate/Foundation/Console/RouteListCommand->getRoutes()
#20 C:/xamppnew/htdocs/SSP2-Assignment/Application/TyperDis/vendor/laravel/framework/src/Illuminate/Container/BoundMethod.php(36): Illuminate/Foundation/Console/RouteListCommand->handle()
#21 C:/xamppnew/htdocs/SSP2-Assignment/Application/TyperDis/vendor/laravel/framework/src/Illuminate/Container/Util.php(43): Illuminate/Container/BoundMethod::{closure:Illuminate/Container/BoundMethod::call():35}()
#22 C:/xamppnew/htdocs/SSP2-Assignment/Application/TyperDis/vendor/laravel/framework/src/Illuminate/Container/BoundMethod.php(96): Illuminate/Container/Util::unwrapIfClosure()
#23 C:/xamppnew/htdocs/SSP2-Assignment/Application/TyperDis/vendor/laravel/framework/src/Illuminate/Container/BoundMethod.php(35): Illuminate/Container/BoundMethod::callBoundMethod()
#24 C:/xamppnew/htdocs/SSP2-Assignment/Application/TyperDis/vendor/laravel/framework/src/Illuminate/Container/Container.php(803): Illuminate/Container/BoundMethod::call()
#25 C:/xamppnew/htdocs/SSP2-Assignment/Application/TyperDis/vendor/laravel/framework/src/Illuminate/Console/Command.php(292): Illuminate/Container/Container->call()
#26 C:/xamppnew/htdocs/SSP2-Assignment/Application/TyperDis/vendor/symfony/console/Command/Command.php(285): Illuminate/Console/Command->execute()
#27 C:/xamppnew/htdocs/SSP2-Assignment/Application/TyperDis/vendor/laravel/framework/src/Illuminate/Console/Command.php(261): Symfony/Component/Console/Command/Command->run()
#28 C:/xamppnew/htdocs/SSP2-Assignment/Application/TyperDis/vendor/symfony/console/Application.php(1144): Illuminate/Console/Command->run()
#29 C:/xamppnew/htdocs/SSP2-Assignment/Application/TyperDis/vendor/symfony/console/Application.php(379): Symfony/Component/Console/Application->doRunCommand()
#30 C:/xamppnew/htdocs/SSP2-Assignment/Application/TyperDis/vendor/symfony/console/Application.php(218): Symfony/Component/Console/Application->doRun()
#31 C:/xamppnew/htdocs/SSP2-Assignment/Application/TyperDis/vendor/laravel/framework/src/Illuminate/Foundation/Console/Kernel.php(198): Symfony/Component/Console/Application->run()
#32 C:/xamppnew/htdocs/SSP2-Assignment/Application/TyperDis/vendor/laravel/framework/src/Illuminate/Foundation/Application.php(1242): Illuminate/Foundation/Console/Kernel->handle()
#33 C:/xamppnew/htdocs/SSP2-Assignment/Application/TyperDis/artisan(16): Illuminate/Foundation/Application->handleCommand()
#34 {main}
"} 
[2026-09-10 16:33:19] local.ERROR: Command "make:database" is not defined.

Did you mean one of these?
    make:cache-table
    make:cast
    make:channel
    make:class
    make:command
    make:component
    make:config
    make:controller
    make:enum
    make:event
    make:exception
    make:factory
    make:interface
    make:job
    make:job-middleware
    make:listener
    make:mail
    make:middleware
    make:migration
    make:model
    make:notification
    make:notifications-table
    make:observer
    make:policy
    make:provider
    make:queue-batches-table
    make:queue-failed-table
    make:queue-table
    make:request
    make:resource
    make:rule
    make:scope
    make:seeder
    make:session-table
    make:test
    make:trait
    make:view {"exception":"[object] (Symfony\\Component\\Console\\Exception\\CommandNotFoundException(code: 0): Command \"make:database\" is not defined.

Did you mean one of these?
    make:cache-table
    make:cast
    make:channel
    make:class
    make:command
    make:component
    make:config
    make:controller
    make:enum
    make:event
    make:exception
    make:factory
    make:interface
    make:job
    make:job-middleware
    make:listener
    make:mail
    make:middleware
    make:migration
    make:model
    make:notification
    make:notifications-table
    make:observer
    make:policy
    make:provider
    make:queue-batches-table
    make:queue-failed-table
    make:queue-table
    make:request
    make:resource
    make:rule
    make:scope
    make:seeder
    make:session-table
    make:test
    make:trait
    make:view at C:/xamppnew/htdocs/SSP2-Assignment/Application/TyperDis/vendor/symfony/console/Application.php:785)
[stacktrace]
#0 C:/xamppnew/htdocs/SSP2-Assignment/Application/TyperDis/vendor/symfony/console/Application.php(321): Symfony/Component/Console/Application->find()
#1 C:/xamppnew/htdocs/SSP2-Assignment/Application/TyperDis/vendor/symfony/console/Application.php(218): Symfony/Component/Console/Application->doRun()
#2 C:/xamppnew/htdocs/SSP2-Assignment/Application/TyperDis/vendor/laravel/framework/src/Illuminate/Foundation/Console/Kernel.php(198): Symfony/Component/Console/Application->run()
#3 C:/xamppnew/htdocs/SSP2-Assignment/Application/TyperDis/vendor/laravel/framework/src/Illuminate/Foundation/Application.php(1242): Illuminate/Foundation/Console/Kernel->handle()
#4 C:/xamppnew/htdocs/SSP2-Assignment/Application/TyperDis/artisan(16): Illuminate/Foundation/Application->handleCommand()
#5 {main}
"} 
[2026-09-10 16:33:52] local.ERROR: There are no commands defined in the "database" namespace. {"exception":"[object] (Symfony\\Component\\Console\\Exception\\NamespaceNotFoundException(code: 0): There are no commands defined in the \"database\" namespace. at C:/xamppnew/htdocs/SSP2-Assignment/Application/TyperDis/vendor/symfony/console/Application.php:716)
[stacktrace]
#0 C:/xamppnew/htdocs/SSP2-Assignment/Application/TyperDis/vendor/symfony/console/Application.php(769): Symfony/Component/Console/Application->findNamespace()
#1 C:/xamppnew/htdocs/SSP2-Assignment/Application/TyperDis/vendor/symfony/console/Application.php(321): Symfony/Component/Console/Application->find()
#2 C:/xamppnew/htdocs/SSP2-Assignment/Application/TyperDis/vendor/symfony/console/Application.php(218): Symfony/Component/Console/Application->doRun()
#3 C:/xamppnew/htdocs/SSP2-Assignment/Application/TyperDis/vendor/laravel/framework/src/Illuminate/Foundation/Console/Kernel.php(198): Symfony/Component/Console/Application->run()
#4 C:/xamppnew/htdocs/SSP2-Assignment/Application/TyperDis/vendor/laravel/framework/src/Illuminate/Foundation/Application.php(1242): Illuminate/Foundation/Console/Kernel->handle()
#5 C:/xamppnew/htdocs/SSP2-Assignment/Application/TyperDis/artisan(16): Illuminate/Foundation/Application->handleCommand()
#6 {main}
"} 
[2026-09-11 02:37:59] local.ERROR: SQLSTATE[HY000] [2002] No connection could be made because the target machine actively refused it (Connection: mysql, Host: 127.0.0.1, Port: 3306, Database: mydatabase, SQL: select exists (select 1 from information_schema.tables where table_schema = schema() and table_name = 'migrations' and table_type in ('BASE TABLE', 'SYSTEM VERSIONED')) as `exists`) {"exception":"[object] (Illuminate\\Database\\QueryException(code: 2002): SQLSTATE[HY000] [2002] No connection could be made because the target machine actively refused it (Connection: mysql, Host: 127.0.0.1, Port: 3306, Database: mydatabase, SQL: select exists (select 1 from information_schema.tables where table_schema = schema() and table_name = 'migrations' and table_type in ('BASE TABLE', 'SYSTEM VERSIONED')) as `exists`) at C:/xamppnew/htdocs/SSP2-Assignment/Application/TyperDis/vendor/laravel/framework/src/Illuminate/Database/Connection.php:857)
[stacktrace]
#0 C:/xamppnew/htdocs/SSP2-Assignment/Application/TyperDis/vendor/laravel/framework/src/Illuminate/Database/Connection.php(1038): Illuminate/Database/Connection->runQueryCallback()
#1 C:/xamppnew/htdocs/SSP2-Assignment/Application/TyperDis/vendor/laravel/framework/src/Illuminate/Database/Connection.php(1017): Illuminate/Database/Connection->tryAgainIfCausedByLostConnection()
#2 C:/xamppnew/htdocs/SSP2-Assignment/Application/TyperDis/vendor/laravel/framework/src/Illuminate/Database/Connection.php(815): Illuminate/Database/Connection->handleQueryException()
#3 C:/xamppnew/htdocs/SSP2-Assignment/Application/TyperDis/vendor/laravel/framework/src/Illuminate/Database/Connection.php(426): Illuminate/Database/Connection->run()
#4 C:/xamppnew/htdocs/SSP2-Assignment/Application/TyperDis/vendor/laravel/framework/src/Illuminate/Database/Connection.php(371): Illuminate/Database/Connection->select()
#5 C:/xamppnew/htdocs/SSP2-Assignment/Application/TyperDis/vendor/laravel/framework/src/Illuminate/Database/Connection.php(388): Illuminate/Database/Connection->selectOne()
#6 C:/xamppnew/htdocs/SSP2-Assignment/Application/TyperDis/vendor/laravel/framework/src/Illuminate/Database/Schema/Builder.php(176): Illuminate/Database/Connection->scalar()
#7 C:/xamppnew/htdocs/SSP2-Assignment/Application/TyperDis/vendor/laravel/framework/src/Illuminate/Database/Migrations/DatabaseMigrationRepository.php(185): Illuminate/Database/Schema/Builder->hasTable()
#8 C:/xamppnew/htdocs/SSP2-Assignment/Application/TyperDis/vendor/laravel/framework/src/Illuminate/Database/Migrations/Migrator.php(797): Illuminate/Database/Migrations/DatabaseMigrationRepository->repositoryExists()
#9 C:/xamppnew/htdocs/SSP2-Assignment/Application/TyperDis/vendor/laravel/framework/src/Illuminate/Database/Console/Migrations/MigrateCommand.php(166): Illuminate/Database/Migrations/Migrator->repositoryExists()
#10 C:/xamppnew/htdocs/SSP2-Assignment/Application/TyperDis/vendor/laravel/framework/src/Illuminate/Support/helpers.php(328): Illuminate/Database/Console/Migrations/MigrateCommand->{closure:Illuminate/Database/Console/Migrations/MigrateCommand::repositoryExists():166}()
#11 C:/xamppnew/htdocs/SSP2-Assignment/Application/TyperDis/vendor/laravel/framework/src/Illuminate/Database/Console/Migrations/MigrateCommand.php(166): retry()
#12 C:/xamppnew/htdocs/SSP2-Assignment/Application/TyperDis/vendor/laravel/framework/src/Illuminate/Database/Console/Migrations/MigrateCommand.php(142): Illuminate/Database/Console/Migrations/MigrateCommand->repositoryExists()
#13 C:/xamppnew/htdocs/SSP2-Assignment/Application/TyperDis/vendor/laravel/framework/src/Illuminate/Database/Console/Migrations/MigrateCommand.php(112): Illuminate/Database/Console/Migrations/MigrateCommand->prepareDatabase()
#14 C:/xamppnew/htdocs/SSP2-Assignment/Application/TyperDis/vendor/laravel/framework/src/Illuminate/Database/Migrations/Migrator.php(672): Illuminate/Database/Console/Migrations/MigrateCommand->{closure:Illuminate/Database/Console/Migrations/MigrateCommand::runMigrations():111}()
#15 C:/xamppnew/htdocs/SSP2-Assignment/Application/TyperDis/vendor/laravel/framework/src/Illuminate/Database/Console/Migrations/MigrateCommand.php(111): Illuminate/Database/Migrations/Migrator->usingConnection()
#16 C:/xamppnew/htdocs/SSP2-Assignment/Application/TyperDis/vendor/laravel/framework/src/Illuminate/Database/Console/Migrations/MigrateCommand.php(90): Illuminate/Database/Console/Migrations/MigrateCommand->runMigrations()
#17 C:/xamppnew/htdocs/SSP2-Assignment/Application/TyperDis/vendor/laravel/framework/src/Illuminate/Container/BoundMethod.php(36): Illuminate/Database/Console/Migrations/MigrateCommand->handle()
#18 C:/xamppnew/htdocs/SSP2-Assignment/Application/TyperDis/vendor/laravel/framework/src/Illuminate/Container/Util.php(43): Illuminate/Container/BoundMethod::{closure:Illuminate/Container/BoundMethod::call():35}()
#19 C:/xamppnew/htdocs/SSP2-Assignment/Application/TyperDis/vendor/laravel/framework/src/Illuminate/Container/BoundMethod.php(96): Illuminate/Container/Util::unwrapIfClosure()
#20 C:/xamppnew/htdocs/SSP2-Assignment/Application/TyperDis/vendor/laravel/framework/src/Illuminate/Container/BoundMethod.php(35): Illuminate/Container/BoundMethod::callBoundMethod()
#21 C:/xamppnew/htdocs/SSP2-Assignment/Application/TyperDis/vendor/laravel/framework/src/Illuminate/Container/Container.php(803): Illuminate/Container/BoundMethod::call()
#22 C:/xamppnew/htdocs/SSP2-Assignment/Application/TyperDis/vendor/laravel/framework/src/Illuminate/Console/Command.php(292): Illuminate/Container/Container->call()
#23 C:/xamppnew/htdocs/SSP2-Assignment/Application/TyperDis/vendor/symfony/console/Command/Command.php(285): Illuminate/Console/Command->execute()
#24 C:/xamppnew/htdocs/SSP2-Assignment/Application/TyperDis/vendor/laravel/framework/src/Illuminate/Console/Command.php(261): Symfony/Component/Console/Command/Command->run()
#25 C:/xamppnew/htdocs/SSP2-Assignment/Application/TyperDis/vendor/symfony/console/Application.php(1144): Illuminate/Console/Command->run()
#26 C:/xamppnew/htdocs/SSP2-Assignment/Application/TyperDis/vendor/symfony/console/Application.php(379): Symfony/Component/Console/Application->doRunCommand()
#27 C:/xamppnew/htdocs/SSP2-Assignment/Application/TyperDis/vendor/symfony/console/Application.php(218): Symfony/Component/Console/Application->doRun()
#28 C:/xamppnew/htdocs/SSP2-Assignment/Application/TyperDis/vendor/laravel/framework/src/Illuminate/Foundation/Console/Kernel.php(198): Symfony/Component/Console/Application->run()
#29 C:/xamppnew/htdocs/SSP2-Assignment/Application/TyperDis/vendor/laravel/framework/src/Illuminate/Foundation/Application.php(1242): Illuminate/Foundation/Console/Kernel->handle()
#30 C:/xamppnew/htdocs/SSP2-Assignment/Application/TyperDis/artisan(16): Illuminate/Foundation/Application->handleCommand()
#31 {main}

[previous exception] [object] (PDOException(code: 2002): SQLSTATE[HY000] [2002] No connection could be made because the target machine actively refused it at C:/xamppnew/htdocs/SSP2-Assignment/Application/TyperDis/vendor/laravel/framework/src/Illuminate/Database/Connectors/Connector.php:67)
[stacktrace]
#0 C:/xamppnew/htdocs/SSP2-Assignment/Application/TyperDis/vendor/laravel/framework/src/Illuminate/Database/Connectors/Connector.php(67): PDO::connect()
#1 C:/xamppnew/htdocs/SSP2-Assignment/Application/TyperDis/vendor/laravel/framework/src/Illuminate/Database/Connectors/Connector.php(85): Illuminate/Database/Connectors/Connector->createPdoConnection()
#2 C:/xamppnew/htdocs/SSP2-Assignment/Application/TyperDis/vendor/laravel/framework/src/Illuminate/Database/Connectors/Connector.php(48): Illuminate/Database/Connectors/Connector->tryAgainIfCausedByLostConnection()
#3 C:/xamppnew/htdocs/SSP2-Assignment/Application/TyperDis/vendor/laravel/framework/src/Illuminate/Database/Connectors/MySqlConnector.php(24): Illuminate/Database/Connectors/Connector->createConnection()
#4 C:/xamppnew/htdocs/SSP2-Assignment/Application/TyperDis/vendor/laravel/framework/src/Illuminate/Database/Connectors/ConnectionFactory.php(220): Illuminate/Database/Connectors/MySqlConnector->connect()
#5 [internal function]: Illuminate/Database/Connectors/ConnectionFactory->{closure:Illuminate/Database/Connectors/ConnectionFactory::createPdoResolverWithHosts():213}()
#6 C:/xamppnew/htdocs/SSP2-Assignment/Application/TyperDis/vendor/laravel/framework/src/Illuminate/Database/Connection.php(1298): call_user_func()
#7 C:/xamppnew/htdocs/SSP2-Assignment/Application/TyperDis/vendor/laravel/framework/src/Illuminate/Database/Connection.php(1336): Illuminate/Database/Connection->getPdo()
#8 C:/xamppnew/htdocs/SSP2-Assignment/Application/TyperDis/vendor/laravel/framework/src/Illuminate/Database/Connection.php(542): Illuminate/Database/Connection->getReadPdo()
#9 C:/xamppnew/htdocs/SSP2-Assignment/Application/TyperDis/vendor/laravel/framework/src/Illuminate/Database/Connection.php(435): Illuminate/Database/Connection->getPdoForSelect()
#10 C:/xamppnew/htdocs/SSP2-Assignment/Application/TyperDis/vendor/laravel/framework/src/Illuminate/Database/Connection.php(846): Illuminate/Database/Connection->{closure:Illuminate/Database/Connection::select():426}()
#11 C:/xamppnew/htdocs/SSP2-Assignment/Application/TyperDis/vendor/laravel/framework/src/Illuminate/Database/Connection.php(1038): Illuminate/Database/Connection->runQueryCallback()
#12 C:/xamppnew/htdocs/SSP2-Assignment/Application/TyperDis/vendor/laravel/framework/src/Illuminate/Database/Connection.php(1017): Illuminate/Database/Connection->tryAgainIfCausedByLostConnection()
#13 C:/xamppnew/htdocs/SSP2-Assignment/Application/TyperDis/vendor/laravel/framework/src/Illuminate/Database/Connection.php(815): Illuminate/Database/Connection->handleQueryException()
#14 C:/xamppnew/htdocs/SSP2-Assignment/Application/TyperDis/vendor/laravel/framework/src/Illuminate/Database/Connection.php(426): Illuminate/Database/Connection->run()
#15 C:/xamppnew/htdocs/SSP2-Assignment/Application/TyperDis/vendor/laravel/framework/src/Illuminate/Database/Connection.php(371): Illuminate/Database/Connection->select()
#16 C:/xamppnew/htdocs/SSP2-Assignment/Application/TyperDis/vendor/laravel/framework/src/Illuminate/Database/Connection.php(388): Illuminate/Database/Connection->selectOne()
#17 C:/xamppnew/htdocs/SSP2-Assignment/Application/TyperDis/vendor/laravel/framework/src/Illuminate/Database/Schema/Builder.php(176): Illuminate/Database/Connection->scalar()
#18 C:/xamppnew/htdocs/SSP2-Assignment/Application/TyperDis/vendor/laravel/framework/src/Illuminate/Database/Migrations/DatabaseMigrationRepository.php(185): Illuminate/Database/Schema/Builder->hasTable()
#19 C:/xamppnew/htdocs/SSP2-Assignment/Application/TyperDis/vendor/laravel/framework/src/Illuminate/Database/Migrations/Migrator.php(797): Illuminate/Database/Migrations/DatabaseMigrationRepository->repositoryExists()
#20 C:/xamppnew/htdocs/SSP2-Assignment/Application/TyperDis/vendor/laravel/framework/src/Illuminate/Database/Console/Migrations/MigrateCommand.php(166): Illuminate/Database/Migrations/Migrator->repositoryExists()
#21 C:/xamppnew/htdocs/SSP2-Assignment/Application/TyperDis/vendor/laravel/framework/src/Illuminate/Support/helpers.php(328): Illuminate/Database/Console/Migrations/MigrateCommand->{closure:Illuminate/Database/Console/Migrations/MigrateCommand::repositoryExists():166}()
#22 C:/xamppnew/htdocs/SSP2-Assignment/Application/TyperDis/vendor/laravel/framework/src/Illuminate/Database/Console/Migrations/MigrateCommand.php(166): retry()
#23 C:/xamppnew/htdocs/SSP2-Assignment/Application/TyperDis/vendor/laravel/framework/src/Illuminate/Database/Console/Migrations/MigrateCommand.php(142): Illuminate/Database/Console/Migrations/MigrateCommand->repositoryExists()
#24 C:/xamppnew/htdocs/SSP2-Assignment/Application/TyperDis/vendor/laravel/framework/src/Illuminate/Database/Console/Migrations/MigrateCommand.php(112): Illuminate/Database/Console/Migrations/MigrateCommand->prepareDatabase()
#25 C:/xamppnew/htdocs/SSP2-Assignment/Application/TyperDis/vendor/laravel/framework/src/Illuminate/Database/Migrations/Migrator.php(672): Illuminate/Database/Console/Migrations/MigrateCommand->{closure:Illuminate/Database/Console/Migrations/MigrateCommand::runMigrations():111}()
#26 C:/xamppnew/htdocs/SSP2-Assignment/Application/TyperDis/vendor/laravel/framework/src/Illuminate/Database/Console/Migrations/MigrateCommand.php(111): Illuminate/Database/Migrations/Migrator->usingConnection()
#27 C:/xamppnew/htdocs/SSP2-Assignment/Application/TyperDis/vendor/laravel/framework/src/Illuminate/Database/Console/Migrations/MigrateCommand.php(90): Illuminate/Database/Console/Migrations/MigrateCommand->runMigrations()
#28 C:/xamppnew/htdocs/SSP2-Assignment/Application/TyperDis/vendor/laravel/framework/src/Illuminate/Container/BoundMethod.php(36): Illuminate/Database/Console/Migrations/MigrateCommand->handle()
#29 C:/xamppnew/htdocs/SSP2-Assignment/Application/TyperDis/vendor/laravel/framework/src/Illuminate/Container/Util.php(43): Illuminate/Container/BoundMethod::{closure:Illuminate/Container/BoundMethod::call():35}()
#30 C:/xamppnew/htdocs/SSP2-Assignment/Application/TyperDis/vendor/laravel/framework/src/Illuminate/Container/BoundMethod.php(96): Illuminate/Container/Util::unwrapIfClosure()
#31 C:/xamppnew/htdocs/SSP2-Assignment/Application/TyperDis/vendor/laravel/framework/src/Illuminate/Container/BoundMethod.php(35): Illuminate/Container/BoundMethod::callBoundMethod()
#32 C:/xamppnew/htdocs/SSP2-Assignment/Application/TyperDis/vendor/laravel/framework/src/Illuminate/Container/Container.php(803): Illuminate/Container/BoundMethod::call()
#33 C:/xamppnew/htdocs/SSP2-Assignment/Application/TyperDis/vendor/laravel/framework/src/Illuminate/Console/Command.php(292): Illuminate/Container/Container->call()
#34 C:/xamppnew/htdocs/SSP2-Assignment/Application/TyperDis/vendor/symfony/console/Command/Command.php(285): Illuminate/Console/Command->execute()
#35 C:/xamppnew/htdocs/SSP2-Assignment/Application/TyperDis/vendor/laravel/framework/src/Illuminate/Console/Command.php(261): Symfony/Component/Console/Command/Command->run()
#36 C:/xamppnew/htdocs/SSP2-Assignment/Application/TyperDis/vendor/symfony/console/Application.php(1144): Illuminate/Console/Command->run()
#37 C:/xamppnew/htdocs/SSP2-Assignment/Application/TyperDis/vendor/symfony/console/Application.php(379): Symfony/Component/Console/Application->doRunCommand()
#38 C:/xamppnew/htdocs/SSP2-Assignment/Application/TyperDis/vendor/symfony/console/Application.php(218): Symfony/Component/Console/Application->doRun()
#39 C:/xamppnew/htdocs/SSP2-Assignment/Application/TyperDis/vendor/laravel/framework/src/Illuminate/Foundation/Console/Kernel.php(198): Symfony/Component/Console/Application->run()
#40 C:/xamppnew/htdocs/SSP2-Assignment/Application/TyperDis/vendor/laravel/framework/src/Illuminate/Foundation/Application.php(1242): Illuminate/Foundation/Console/Kernel->handle()
#41 C:/xamppnew/htdocs/SSP2-Assignment/Application/TyperDis/artisan(16): Illuminate/Foundation/Application->handleCommand()
#42 {main}
"} 
[2026-09-11 02:38:52] local.ERROR: SQLSTATE[HY000] [1045] Access denied for user 'root'@'localhost' (using password: YES) (Connection: mysql, Host: 127.0.0.1, Port: 3306, Database: mydatabase, SQL: select exists (select 1 from information_schema.tables where table_schema = schema() and table_name = 'migrations' and table_type in ('BASE TABLE', 'SYSTEM VERSIONED')) as `exists`) {"exception":"[object] (Illuminate\\Database\\QueryException(code: 1045): SQLSTATE[HY000] [1045] Access denied for user 'root'@'localhost' (using password: YES) (Connection: mysql, Host: 127.0.0.1, Port: 3306, Database: mydatabase, SQL: select exists (select 1 from information_schema.tables where table_schema = schema() and table_name = 'migrations' and table_type in ('BASE TABLE', 'SYSTEM VERSIONED')) as `exists`) at C:/xamppnew/htdocs/SSP2-Assignment/Application/TyperDis/vendor/laravel/framework/src/Illuminate/Database/Connection.php:857)
[stacktrace]
#0 C:/xamppnew/htdocs/SSP2-Assignment/Application/TyperDis/vendor/laravel/framework/src/Illuminate/Database/Connection.php(1038): Illuminate/Database/Connection->runQueryCallback()
#1 C:/xamppnew/htdocs/SSP2-Assignment/Application/TyperDis/vendor/laravel/framework/src/Illuminate/Database/Connection.php(1017): Illuminate/Database/Connection->tryAgainIfCausedByLostConnection()
#2 C:/xamppnew/htdocs/SSP2-Assignment/Application/TyperDis/vendor/laravel/framework/src/Illuminate/Database/Connection.php(815): Illuminate/Database/Connection->handleQueryException()
#3 C:/xamppnew/htdocs/SSP2-Assignment/Application/TyperDis/vendor/laravel/framework/src/Illuminate/Database/Connection.php(426): Illuminate/Database/Connection->run()
#4 C:/xamppnew/htdocs/SSP2-Assignment/Application/TyperDis/vendor/laravel/framework/src/Illuminate/Database/Connection.php(371): Illuminate/Database/Connection->select()
#5 C:/xamppnew/htdocs/SSP2-Assignment/Application/TyperDis/vendor/laravel/framework/src/Illuminate/Database/Connection.php(388): Illuminate/Database/Connection->selectOne()
#6 C:/xamppnew/htdocs/SSP2-Assignment/Application/TyperDis/vendor/laravel/framework/src/Illuminate/Database/Schema/Builder.php(176): Illuminate/Database/Connection->scalar()
#7 C:/xamppnew/htdocs/SSP2-Assignment/Application/TyperDis/vendor/laravel/framework/src/Illuminate/Database/Migrations/DatabaseMigrationRepository.php(185): Illuminate/Database/Schema/Builder->hasTable()
#8 C:/xamppnew/htdocs/SSP2-Assignment/Application/TyperDis/vendor/laravel/framework/src/Illuminate/Database/Migrations/Migrator.php(797): Illuminate/Database/Migrations/DatabaseMigrationRepository->repositoryExists()
#9 C:/xamppnew/htdocs/SSP2-Assignment/Application/TyperDis/vendor/laravel/framework/src/Illuminate/Database/Console/Migrations/MigrateCommand.php(166): Illuminate/Database/Migrations/Migrator->repositoryExists()
#10 C:/xamppnew/htdocs/SSP2-Assignment/Application/TyperDis/vendor/laravel/framework/src/Illuminate/Support/helpers.php(328): Illuminate/Database/Console/Migrations/MigrateCommand->{closure:Illuminate/Database/Console/Migrations/MigrateCommand::repositoryExists():166}()
#11 C:/xamppnew/htdocs/SSP2-Assignment/Application/TyperDis/vendor/laravel/framework/src/Illuminate/Database/Console/Migrations/MigrateCommand.php(166): retry()
#12 C:/xamppnew/htdocs/SSP2-Assignment/Application/TyperDis/vendor/laravel/framework/src/Illuminate/Database/Console/Migrations/MigrateCommand.php(142): Illuminate/Database/Console/Migrations/MigrateCommand->repositoryExists()
#13 C:/xamppnew/htdocs/SSP2-Assignment/Application/TyperDis/vendor/laravel/framework/src/Illuminate/Database/Console/Migrations/MigrateCommand.php(112): Illuminate/Database/Console/Migrations/MigrateCommand->prepareDatabase()
#14 C:/xamppnew/htdocs/SSP2-Assignment/Application/TyperDis/vendor/laravel/framework/src/Illuminate/Database/Migrations/Migrator.php(672): Illuminate/Database/Console/Migrations/MigrateCommand->{closure:Illuminate/Database/Console/Migrations/MigrateCommand::runMigrations():111}()
#15 C:/xamppnew/htdocs/SSP2-Assignment/Application/TyperDis/vendor/laravel/framework/src/Illuminate/Database/Console/Migrations/MigrateCommand.php(111): Illuminate/Database/Migrations/Migrator->usingConnection()
#16 C:/xamppnew/htdocs/SSP2-Assignment/Application/TyperDis/vendor/laravel/framework/src/Illuminate/Database/Console/Migrations/MigrateCommand.php(90): Illuminate/Database/Console/Migrations/MigrateCommand->runMigrations()
#17 C:/xamppnew/htdocs/SSP2-Assignment/Application/TyperDis/vendor/laravel/framework/src/Illuminate/Container/BoundMethod.php(36): Illuminate/Database/Console/Migrations/MigrateCommand->handle()
#18 C:/xamppnew/htdocs/SSP2-Assignment/Application/TyperDis/vendor/laravel/framework/src/Illuminate/Container/Util.php(43): Illuminate/Container/BoundMethod::{closure:Illuminate/Container/BoundMethod::call():35}()
#19 C:/xamppnew/htdocs/SSP2-Assignment/Application/TyperDis/vendor/laravel/framework/src/Illuminate/Container/BoundMethod.php(96): Illuminate/Container/Util::unwrapIfClosure()
#20 C:/xamppnew/htdocs/SSP2-Assignment/Application/TyperDis/vendor/laravel/framework/src/Illuminate/Container/BoundMethod.php(35): Illuminate/Container/BoundMethod::callBoundMethod()
#21 C:/xamppnew/htdocs/SSP2-Assignment/Application/TyperDis/vendor/laravel/framework/src/Illuminate/Container/Container.php(803): Illuminate/Container/BoundMethod::call()
#22 C:/xamppnew/htdocs/SSP2-Assignment/Application/TyperDis/vendor/laravel/framework/src/Illuminate/Console/Command.php(292): Illuminate/Container/Container->call()
#23 C:/xamppnew/htdocs/SSP2-Assignment/Application/TyperDis/vendor/symfony/console/Command/Command.php(285): Illuminate/Console/Command->execute()
#24 C:/xamppnew/htdocs/SSP2-Assignment/Application/TyperDis/vendor/laravel/framework/src/Illuminate/Console/Command.php(261): Symfony/Component/Console/Command/Command->run()
#25 C:/xamppnew/htdocs/SSP2-Assignment/Application/TyperDis/vendor/symfony/console/Application.php(1144): Illuminate/Console/Command->run()
#26 C:/xamppnew/htdocs/SSP2-Assignment/Application/TyperDis/vendor/symfony/console/Application.php(379): Symfony/Component/Console/Application->doRunCommand()
#27 C:/xamppnew/htdocs/SSP2-Assignment/Application/TyperDis/vendor/symfony/console/Application.php(218): Symfony/Component/Console/Application->doRun()
#28 C:/xamppnew/htdocs/SSP2-Assignment/Application/TyperDis/vendor/laravel/framework/src/Illuminate/Foundation/Console/Kernel.php(198): Symfony/Component/Console/Application->run()
#29 C:/xamppnew/htdocs/SSP2-Assignment/Application/TyperDis/vendor/laravel/framework/src/Illuminate/Foundation/Application.php(1242): Illuminate/Foundation/Console/Kernel->handle()
#30 C:/xamppnew/htdocs/SSP2-Assignment/Application/TyperDis/artisan(16): Illuminate/Foundation/Application->handleCommand()
#31 {main}

[previous exception] [object] (PDOException(code: 1045): SQLSTATE[HY000] [1045] Access denied for user 'root'@'localhost' (using password: YES) at C:/xamppnew/htdocs/SSP2-Assignment/Application/TyperDis/vendor/laravel/framework/src/Illuminate/Database/Connectors/Connector.php:67)
[stacktrace]
#0 C:/xamppnew/htdocs/SSP2-Assignment/Application/TyperDis/vendor/laravel/framework/src/Illuminate/Database/Connectors/Connector.php(67): PDO::connect()
#1 C:/xamppnew/htdocs/SSP2-Assignment/Application/TyperDis/vendor/laravel/framework/src/Illuminate/Database/Connectors/Connector.php(85): Illuminate/Database/Connectors/Connector->createPdoConnection()
#2 C:/xamppnew/htdocs/SSP2-Assignment/Application/TyperDis/vendor/laravel/framework/src/Illuminate/Database/Connectors/Connector.php(48): Illuminate/Database/Connectors/Connector->tryAgainIfCausedByLostConnection()
#3 C:/xamppnew/htdocs/SSP2-Assignment/Application/TyperDis/vendor/laravel/framework/src/Illuminate/Database/Connectors/MySqlConnector.php(24): Illuminate/Database/Connectors/Connector->createConnection()
#4 C:/xamppnew/htdocs/SSP2-Assignment/Application/TyperDis/vendor/laravel/framework/src/Illuminate/Database/Connectors/ConnectionFactory.php(220): Illuminate/Database/Connectors/MySqlConnector->connect()
#5 [internal function]: Illuminate/Database/Connectors/ConnectionFactory->{closure:Illuminate/Database/Connectors/ConnectionFactory::createPdoResolverWithHosts():213}()
#6 C:/xamppnew/htdocs/SSP2-Assignment/Application/TyperDis/vendor/laravel/framework/src/Illuminate/Database/Connection.php(1298): call_user_func()
#7 C:/xamppnew/htdocs/SSP2-Assignment/Application/TyperDis/vendor/laravel/framework/src/Illuminate/Database/Connection.php(1336): Illuminate/Database/Connection->getPdo()
#8 C:/xamppnew/htdocs/SSP2-Assignment/Application/TyperDis/vendor/laravel/framework/src/Illuminate/Database/Connection.php(542): Illuminate/Database/Connection->getReadPdo()
#9 C:/xamppnew/htdocs/SSP2-Assignment/Application/TyperDis/vendor/laravel/framework/src/Illuminate/Database/Connection.php(435): Illuminate/Database/Connection->getPdoForSelect()
#10 C:/xamppnew/htdocs/SSP2-Assignment/Application/TyperDis/vendor/laravel/framework/src/Illuminate/Database/Connection.php(846): Illuminate/Database/Connection->{closure:Illuminate/Database/Connection::select():426}()
#11 C:/xamppnew/htdocs/SSP2-Assignment/Application/TyperDis/vendor/laravel/framework/src/Illuminate/Database/Connection.php(1038): Illuminate/Database/Connection->runQueryCallback()
#12 C:/xamppnew/htdocs/SSP2-Assignment/Application/TyperDis/vendor/laravel/framework/src/Illuminate/Database/Connection.php(1017): Illuminate/Database/Connection->tryAgainIfCausedByLostConnection()
#13 C:/xamppnew/htdocs/SSP2-Assignment/Application/TyperDis/vendor/laravel/framework/src/Illuminate/Database/Connection.php(815): Illuminate/Database/Connection->handleQueryException()
#14 C:/xamppnew/htdocs/SSP2-Assignment/Application/TyperDis/vendor/laravel/framework/src/Illuminate/Database/Connection.php(426): Illuminate/Database/Connection->run()
#15 C:/xamppnew/htdocs/SSP2-Assignment/Application/TyperDis/vendor/laravel/framework/src/Illuminate/Database/Connection.php(371): Illuminate/Database/Connection->select()
#16 C:/xamppnew/htdocs/SSP2-Assignment/Application/TyperDis/vendor/laravel/framework/src/Illuminate/Database/Connection.php(388): Illuminate/Database/Connection->selectOne()
#17 C:/xamppnew/htdocs/SSP2-Assignment/Application/TyperDis/vendor/laravel/framework/src/Illuminate/Database/Schema/Builder.php(176): Illuminate/Database/Connection->scalar()
#18 C:/xamppnew/htdocs/SSP2-Assignment/Application/TyperDis/vendor/laravel/framework/src/Illuminate/Database/Migrations/DatabaseMigrationRepository.php(185): Illuminate/Database/Schema/Builder->hasTable()
#19 C:/xamppnew/htdocs/SSP2-Assignment/Application/TyperDis/vendor/laravel/framework/src/Illuminate/Database/Migrations/Migrator.php(797): Illuminate/Database/Migrations/DatabaseMigrationRepository->repositoryExists()
#20 C:/xamppnew/htdocs/SSP2-Assignment/Application/TyperDis/vendor/laravel/framework/src/Illuminate/Database/Console/Migrations/MigrateCommand.php(166): Illuminate/Database/Migrations/Migrator->repositoryExists()
#21 C:/xamppnew/htdocs/SSP2-Assignment/Application/TyperDis/vendor/laravel/framework/src/Illuminate/Support/helpers.php(328): Illuminate/Database/Console/Migrations/MigrateCommand->{closure:Illuminate/Database/Console/Migrations/MigrateCommand::repositoryExists():166}()
#22 C:/xamppnew/htdocs/SSP2-Assignment/Application/TyperDis/vendor/laravel/framework/src/Illuminate/Database/Console/Migrations/MigrateCommand.php(166): retry()
#23 C:/xamppnew/htdocs/SSP2-Assignment/Application/TyperDis/vendor/laravel/framework/src/Illuminate/Database/Console/Migrations/MigrateCommand.php(142): Illuminate/Database/Console/Migrations/MigrateCommand->repositoryExists()
#24 C:/xamppnew/htdocs/SSP2-Assignment/Application/TyperDis/vendor/laravel/framework/src/Illuminate/Database/Console/Migrations/MigrateCommand.php(112): Illuminate/Database/Console/Migrations/MigrateCommand->prepareDatabase()
#25 C:/xamppnew/htdocs/SSP2-Assignment/Application/TyperDis/vendor/laravel/framework/src/Illuminate/Database/Migrations/Migrator.php(672): Illuminate/Database/Console/Migrations/MigrateCommand->{closure:Illuminate/Database/Console/Migrations/MigrateCommand::runMigrations():111}()
#26 C:/xamppnew/htdocs/SSP2-Assignment/Application/TyperDis/vendor/laravel/framework/src/Illuminate/Database/Console/Migrations/MigrateCommand.php(111): Illuminate/Database/Migrations/Migrator->usingConnection()
#27 C:/xamppnew/htdocs/SSP2-Assignment/Application/TyperDis/vendor/laravel/framework/src/Illuminate/Database/Console/Migrations/MigrateCommand.php(90): Illuminate/Database/Console/Migrations/MigrateCommand->runMigrations()
#28 C:/xamppnew/htdocs/SSP2-Assignment/Application/TyperDis/vendor/laravel/framework/src/Illuminate/Container/BoundMethod.php(36): Illuminate/Database/Console/Migrations/MigrateCommand->handle()
#29 C:/xamppnew/htdocs/SSP2-Assignment/Application/TyperDis/vendor/laravel/framework/src/Illuminate/Container/Util.php(43): Illuminate/Container/BoundMethod::{closure:Illuminate/Container/BoundMethod::call():35}()
#30 C:/xamppnew/htdocs/SSP2-Assignment/Application/TyperDis/vendor/laravel/framework/src/Illuminate/Container/BoundMethod.php(96): Illuminate/Container/Util::unwrapIfClosure()
#31 C:/xamppnew/htdocs/SSP2-Assignment/Application/TyperDis/vendor/laravel/framework/src/Illuminate/Container/BoundMethod.php(35): Illuminate/Container/BoundMethod::callBoundMethod()
#32 C:/xamppnew/htdocs/SSP2-Assignment/Application/TyperDis/vendor/laravel/framework/src/Illuminate/Container/Container.php(803): Illuminate/Container/BoundMethod::call()
#33 C:/xamppnew/htdocs/SSP2-Assignment/Application/TyperDis/vendor/laravel/framework/src/Illuminate/Console/Command.php(292): Illuminate/Container/Container->call()
#34 C:/xamppnew/htdocs/SSP2-Assignment/Application/TyperDis/vendor/symfony/console/Command/Command.php(285): Illuminate/Console/Command->execute()
#35 C:/xamppnew/htdocs/SSP2-Assignment/Application/TyperDis/vendor/laravel/framework/src/Illuminate/Console/Command.php(261): Symfony/Component/Console/Command/Command->run()
#36 C:/xamppnew/htdocs/SSP2-Assignment/Application/TyperDis/vendor/symfony/console/Application.php(1144): Illuminate/Console/Command->run()
#37 C:/xamppnew/htdocs/SSP2-Assignment/Application/TyperDis/vendor/symfony/console/Application.php(379): Symfony/Component/Console/Application->doRunCommand()
#38 C:/xamppnew/htdocs/SSP2-Assignment/Application/TyperDis/vendor/symfony/console/Application.php(218): Symfony/Component/Console/Application->doRun()
#39 C:/xamppnew/htdocs/SSP2-Assignment/Application/TyperDis/vendor/laravel/framework/src/Illuminate/Foundation/Console/Kernel.php(198): Symfony/Component/Console/Application->run()
#40 C:/xamppnew/htdocs/SSP2-Assignment/Application/TyperDis/vendor/laravel/framework/src/Illuminate/Foundation/Application.php(1242): Illuminate/Foundation/Console/Kernel->handle()
#41 C:/xamppnew/htdocs/SSP2-Assignment/Application/TyperDis/artisan(16): Illuminate/Foundation/Application->handleCommand()
#42 {main}
"} 
[2026-09-11 02:41:39] local.ERROR: SQLSTATE[HY000] [1045] Access denied for user 'root'@'localhost' (using password: YES) (Connection: mysql, Host: 127.0.0.1, Port: 3306, Database: mydatabase, SQL: select exists (select 1 from information_schema.tables where table_schema = schema() and table_name = 'migrations' and table_type in ('BASE TABLE', 'SYSTEM VERSIONED')) as `exists`) {"exception":"[object] (Illuminate\\Database\\QueryException(code: 1045): SQLSTATE[HY000] [1045] Access denied for user 'root'@'localhost' (using password: YES) (Connection: mysql, Host: 127.0.0.1, Port: 3306, Database: mydatabase, SQL: select exists (select 1 from information_schema.tables where table_schema = schema() and table_name = 'migrations' and table_type in ('BASE TABLE', 'SYSTEM VERSIONED')) as `exists`) at C:/xamppnew/htdocs/SSP2-Assignment/Application/TyperDis/vendor/laravel/framework/src/Illuminate/Database/Connection.php:857)
[stacktrace]
#0 C:/xamppnew/htdocs/SSP2-Assignment/Application/TyperDis/vendor/laravel/framework/src/Illuminate/Database/Connection.php(1038): Illuminate/Database/Connection->runQueryCallback()
#1 C:/xamppnew/htdocs/SSP2-Assignment/Application/TyperDis/vendor/laravel/framework/src/Illuminate/Database/Connection.php(1017): Illuminate/Database/Connection->tryAgainIfCausedByLostConnection()
#2 C:/xamppnew/htdocs/SSP2-Assignment/Application/TyperDis/vendor/laravel/framework/src/Illuminate/Database/Connection.php(815): Illuminate/Database/Connection->handleQueryException()
#3 C:/xamppnew/htdocs/SSP2-Assignment/Application/TyperDis/vendor/laravel/framework/src/Illuminate/Database/Connection.php(426): Illuminate/Database/Connection->run()
#4 C:/xamppnew/htdocs/SSP2-Assignment/Application/TyperDis/vendor/laravel/framework/src/Illuminate/Database/Connection.php(371): Illuminate/Database/Connection->select()
#5 C:/xamppnew/htdocs/SSP2-Assignment/Application/TyperDis/vendor/laravel/framework/src/Illuminate/Database/Connection.php(388): Illuminate/Database/Connection->selectOne()
#6 C:/xamppnew/htdocs/SSP2-Assignment/Application/TyperDis/vendor/laravel/framework/src/Illuminate/Database/Schema/Builder.php(176): Illuminate/Database/Connection->scalar()
#7 C:/xamppnew/htdocs/SSP2-Assignment/Application/TyperDis/vendor/laravel/framework/src/Illuminate/Database/Migrations/DatabaseMigrationRepository.php(185): Illuminate/Database/Schema/Builder->hasTable()
#8 C:/xamppnew/htdocs/SSP2-Assignment/Application/TyperDis/vendor/laravel/framework/src/Illuminate/Database/Migrations/Migrator.php(797): Illuminate/Database/Migrations/DatabaseMigrationRepository->repositoryExists()
#9 C:/xamppnew/htdocs/SSP2-Assignment/Application/TyperDis/vendor/laravel/framework/src/Illuminate/Database/Console/Migrations/MigrateCommand.php(166): Illuminate/Database/Migrations/Migrator->repositoryExists()
#10 C:/xamppnew/htdocs/SSP2-Assignment/Application/TyperDis/vendor/laravel/framework/src/Illuminate/Support/helpers.php(328): Illuminate/Database/Console/Migrations/MigrateCommand->{closure:Illuminate/Database/Console/Migrations/MigrateCommand::repositoryExists():166}()
#11 C:/xamppnew/htdocs/SSP2-Assignment/Application/TyperDis/vendor/laravel/framework/src/Illuminate/Database/Console/Migrations/MigrateCommand.php(166): retry()
#12 C:/xamppnew/htdocs/SSP2-Assignment/Application/TyperDis/vendor/laravel/framework/src/Illuminate/Database/Console/Migrations/MigrateCommand.php(142): Illuminate/Database/Console/Migrations/MigrateCommand->repositoryExists()
#13 C:/xamppnew/htdocs/SSP2-Assignment/Application/TyperDis/vendor/laravel/framework/src/Illuminate/Database/Console/Migrations/MigrateCommand.php(112): Illuminate/Database/Console/Migrations/MigrateCommand->prepareDatabase()
#14 C:/xamppnew/htdocs/SSP2-Assignment/Application/TyperDis/vendor/laravel/framework/src/Illuminate/Database/Migrations/Migrator.php(672): Illuminate/Database/Console/Migrations/MigrateCommand->{closure:Illuminate/Database/Console/Migrations/MigrateCommand::runMigrations():111}()
#15 C:/xamppnew/htdocs/SSP2-Assignment/Application/TyperDis/vendor/laravel/framework/src/Illuminate/Database/Console/Migrations/MigrateCommand.php(111): Illuminate/Database/Migrations/Migrator->usingConnection()
#16 C:/xamppnew/htdocs/SSP2-Assignment/Application/TyperDis/vendor/laravel/framework/src/Illuminate/Database/Console/Migrations/MigrateCommand.php(90): Illuminate/Database/Console/Migrations/MigrateCommand->runMigrations()
#17 C:/xamppnew/htdocs/SSP2-Assignment/Application/TyperDis/vendor/laravel/framework/src/Illuminate/Container/BoundMethod.php(36): Illuminate/Database/Console/Migrations/MigrateCommand->handle()
#18 C:/xamppnew/htdocs/SSP2-Assignment/Application/TyperDis/vendor/laravel/framework/src/Illuminate/Container/Util.php(43): Illuminate/Container/BoundMethod::{closure:Illuminate/Container/BoundMethod::call():35}()
#19 C:/xamppnew/htdocs/SSP2-Assignment/Application/TyperDis/vendor/laravel/framework/src/Illuminate/Container/BoundMethod.php(96): Illuminate/Container/Util::unwrapIfClosure()
#20 C:/xamppnew/htdocs/SSP2-Assignment/Application/TyperDis/vendor/laravel/framework/src/Illuminate/Container/BoundMethod.php(35): Illuminate/Container/BoundMethod::callBoundMethod()
#21 C:/xamppnew/htdocs/SSP2-Assignment/Application/TyperDis/vendor/laravel/framework/src/Illuminate/Container/Container.php(803): Illuminate/Container/BoundMethod::call()
#22 C:/xamppnew/htdocs/SSP2-Assignment/Application/TyperDis/vendor/laravel/framework/src/Illuminate/Console/Command.php(292): Illuminate/Container/Container->call()
#23 C:/xamppnew/htdocs/SSP2-Assignment/Application/TyperDis/vendor/symfony/console/Command/Command.php(285): Illuminate/Console/Command->execute()
#24 C:/xamppnew/htdocs/SSP2-Assignment/Application/TyperDis/vendor/laravel/framework/src/Illuminate/Console/Command.php(261): Symfony/Component/Console/Command/Command->run()
#25 C:/xamppnew/htdocs/SSP2-Assignment/Application/TyperDis/vendor/symfony/console/Application.php(1144): Illuminate/Console/Command->run()
#26 C:/xamppnew/htdocs/SSP2-Assignment/Application/TyperDis/vendor/symfony/console/Application.php(379): Symfony/Component/Console/Application->doRunCommand()
#27 C:/xamppnew/htdocs/SSP2-Assignment/Application/TyperDis/vendor/symfony/console/Application.php(218): Symfony/Component/Console/Application->doRun()
#28 C:/xamppnew/htdocs/SSP2-Assignment/Application/TyperDis/vendor/laravel/framework/src/Illuminate/Foundation/Console/Kernel.php(198): Symfony/Component/Console/Application->run()
#29 C:/xamppnew/htdocs/SSP2-Assignment/Application/TyperDis/vendor/laravel/framework/src/Illuminate/Foundation/Application.php(1242): Illuminate/Foundation/Console/Kernel->handle()
#30 C:/xamppnew/htdocs/SSP2-Assignment/Application/TyperDis/artisan(16): Illuminate/Foundation/Application->handleCommand()
#31 {main}

[previous exception] [object] (PDOException(code: 1045): SQLSTATE[HY000] [1045] Access denied for user 'root'@'localhost' (using password: YES) at C:/xamppnew/htdocs/SSP2-Assignment/Application/TyperDis/vendor/laravel/framework/src/Illuminate/Database/Connectors/Connector.php:67)
[stacktrace]
#0 C:/xamppnew/htdocs/SSP2-Assignment/Application/TyperDis/vendor/laravel/framework/src/Illuminate/Database/Connectors/Connector.php(67): PDO::connect()
#1 C:/xamppnew/htdocs/SSP2-Assignment/Application/TyperDis/vendor/laravel/framework/src/Illuminate/Database/Connectors/Connector.php(85): Illuminate/Database/Connectors/Connector->createPdoConnection()
#2 C:/xamppnew/htdocs/SSP2-Assignment/Application/TyperDis/vendor/laravel/framework/src/Illuminate/Database/Connectors/Connector.php(48): Illuminate/Database/Connectors/Connector->tryAgainIfCausedByLostConnection()
#3 C:/xamppnew/htdocs/SSP2-Assignment/Application/TyperDis/vendor/laravel/framework/src/Illuminate/Database/Connectors/MySqlConnector.php(24): Illuminate/Database/Connectors/Connector->createConnection()
#4 C:/xamppnew/htdocs/SSP2-Assignment/Application/TyperDis/vendor/laravel/framework/src/Illuminate/Database/Connectors/ConnectionFactory.php(220): Illuminate/Database/Connectors/MySqlConnector->connect()
#5 [internal function]: Illuminate/Database/Connectors/ConnectionFactory->{closure:Illuminate/Database/Connectors/ConnectionFactory::createPdoResolverWithHosts():213}()
#6 C:/xamppnew/htdocs/SSP2-Assignment/Application/TyperDis/vendor/laravel/framework/src/Illuminate/Database/Connection.php(1298): call_user_func()
#7 C:/xamppnew/htdocs/SSP2-Assignment/Application/TyperDis/vendor/laravel/framework/src/Illuminate/Database/Connection.php(1336): Illuminate/Database/Connection->getPdo()
#8 C:/xamppnew/htdocs/SSP2-Assignment/Application/TyperDis/vendor/laravel/framework/src/Illuminate/Database/Connection.php(542): Illuminate/Database/Connection->getReadPdo()
#9 C:/xamppnew/htdocs/SSP2-Assignment/Application/TyperDis/vendor/laravel/framework/src/Illuminate/Database/Connection.php(435): Illuminate/Database/Connection->getPdoForSelect()
#10 C:/xamppnew/htdocs/SSP2-Assignment/Application/TyperDis/vendor/laravel/framework/src/Illuminate/Database/Connection.php(846): Illuminate/Database/Connection->{closure:Illuminate/Database/Connection::select():426}()
#11 C:/xamppnew/htdocs/SSP2-Assignment/Application/TyperDis/vendor/laravel/framework/src/Illuminate/Database/Connection.php(1038): Illuminate/Database/Connection->runQueryCallback()
#12 C:/xamppnew/htdocs/SSP2-Assignment/Application/TyperDis/vendor/laravel/framework/src/Illuminate/Database/Connection.php(1017): Illuminate/Database/Connection->tryAgainIfCausedByLostConnection()
#13 C:/xamppnew/htdocs/SSP2-Assignment/Application/TyperDis/vendor/laravel/framework/src/Illuminate/Database/Connection.php(815): Illuminate/Database/Connection->handleQueryException()
#14 C:/xamppnew/htdocs/SSP2-Assignment/Application/TyperDis/vendor/laravel/framework/src/Illuminate/Database/Connection.php(426): Illuminate/Database/Connection->run()
#15 C:/xamppnew/htdocs/SSP2-Assignment/Application/TyperDis/vendor/laravel/framework/src/Illuminate/Database/Connection.php(371): Illuminate/Database/Connection->select()
#16 C:/xamppnew/htdocs/SSP2-Assignment/Application/TyperDis/vendor/laravel/framework/src/Illuminate/Database/Connection.php(388): Illuminate/Database/Connection->selectOne()
#17 C:/xamppnew/htdocs/SSP2-Assignment/Application/TyperDis/vendor/laravel/framework/src/Illuminate/Database/Schema/Builder.php(176): Illuminate/Database/Connection->scalar()
#18 C:/xamppnew/htdocs/SSP2-Assignment/Application/TyperDis/vendor/laravel/framework/src/Illuminate/Database/Migrations/DatabaseMigrationRepository.php(185): Illuminate/Database/Schema/Builder->hasTable()
#19 C:/xamppnew/htdocs/SSP2-Assignment/Application/TyperDis/vendor/laravel/framework/src/Illuminate/Database/Migrations/Migrator.php(797): Illuminate/Database/Migrations/DatabaseMigrationRepository->repositoryExists()
#20 C:/xamppnew/htdocs/SSP2-Assignment/Application/TyperDis/vendor/laravel/framework/src/Illuminate/Database/Console/Migrations/MigrateCommand.php(166): Illuminate/Database/Migrations/Migrator->repositoryExists()
#21 C:/xamppnew/htdocs/SSP2-Assignment/Application/TyperDis/vendor/laravel/framework/src/Illuminate/Support/helpers.php(328): Illuminate/Database/Console/Migrations/MigrateCommand->{closure:Illuminate/Database/Console/Migrations/MigrateCommand::repositoryExists():166}()
#22 C:/xamppnew/htdocs/SSP2-Assignment/Application/TyperDis/vendor/laravel/framework/src/Illuminate/Database/Console/Migrations/MigrateCommand.php(166): retry()
#23 C:/xamppnew/htdocs/SSP2-Assignment/Application/TyperDis/vendor/laravel/framework/src/Illuminate/Database/Console/Migrations/MigrateCommand.php(142): Illuminate/Database/Console/Migrations/MigrateCommand->repositoryExists()
#24 C:/xamppnew/htdocs/SSP2-Assignment/Application/TyperDis/vendor/laravel/framework/src/Illuminate/Database/Console/Migrations/MigrateCommand.php(112): Illuminate/Database/Console/Migrations/MigrateCommand->prepareDatabase()
#25 C:/xamppnew/htdocs/SSP2-Assignment/Application/TyperDis/vendor/laravel/framework/src/Illuminate/Database/Migrations/Migrator.php(672): Illuminate/Database/Console/Migrations/MigrateCommand->{closure:Illuminate/Database/Console/Migrations/MigrateCommand::runMigrations():111}()
#26 C:/xamppnew/htdocs/SSP2-Assignment/Application/TyperDis/vendor/laravel/framework/src/Illuminate/Database/Console/Migrations/MigrateCommand.php(111): Illuminate/Database/Migrations/Migrator->usingConnection()
#27 C:/xamppnew/htdocs/SSP2-Assignment/Application/TyperDis/vendor/laravel/framework/src/Illuminate/Database/Console/Migrations/MigrateCommand.php(90): Illuminate/Database/Console/Migrations/MigrateCommand->runMigrations()
#28 C:/xamppnew/htdocs/SSP2-Assignment/Application/TyperDis/vendor/laravel/framework/src/Illuminate/Container/BoundMethod.php(36): Illuminate/Database/Console/Migrations/MigrateCommand->handle()
#29 C:/xamppnew/htdocs/SSP2-Assignment/Application/TyperDis/vendor/laravel/framework/src/Illuminate/Container/Util.php(43): Illuminate/Container/BoundMethod::{closure:Illuminate/Container/BoundMethod::call():35}()
#30 C:/xamppnew/htdocs/SSP2-Assignment/Application/TyperDis/vendor/laravel/framework/src/Illuminate/Container/BoundMethod.php(96): Illuminate/Container/Util::unwrapIfClosure()
#31 C:/xamppnew/htdocs/SSP2-Assignment/Application/TyperDis/vendor/laravel/framework/src/Illuminate/Container/BoundMethod.php(35): Illuminate/Container/BoundMethod::callBoundMethod()
#32 C:/xamppnew/htdocs/SSP2-Assignment/Application/TyperDis/vendor/laravel/framework/src/Illuminate/Container/Container.php(803): Illuminate/Container/BoundMethod::call()
#33 C:/xamppnew/htdocs/SSP2-Assignment/Application/TyperDis/vendor/laravel/framework/src/Illuminate/Console/Command.php(292): Illuminate/Container/Container->call()
#34 C:/xamppnew/htdocs/SSP2-Assignment/Application/TyperDis/vendor/symfony/console/Command/Command.php(285): Illuminate/Console/Command->execute()
#35 C:/xamppnew/htdocs/SSP2-Assignment/Application/TyperDis/vendor/laravel/framework/src/Illuminate/Console/Command.php(261): Symfony/Component/Console/Command/Command->run()
#36 C:/xamppnew/htdocs/SSP2-Assignment/Application/TyperDis/vendor/symfony/console/Application.php(1144): Illuminate/Console/Command->run()
#37 C:/xamppnew/htdocs/SSP2-Assignment/Application/TyperDis/vendor/symfony/console/Application.php(379): Symfony/Component/Console/Application->doRunCommand()
#38 C:/xamppnew/htdocs/SSP2-Assignment/Application/TyperDis/vendor/symfony/console/Application.php(218): Symfony/Component/Console/Application->doRun()
#39 C:/xamppnew/htdocs/SSP2-Assignment/Application/TyperDis/vendor/laravel/framework/src/Illuminate/Foundation/Console/Kernel.php(198): Symfony/Component/Console/Application->run()
#40 C:/xamppnew/htdocs/SSP2-Assignment/Application/TyperDis/vendor/laravel/framework/src/Illuminate/Foundation/Application.php(1242): Illuminate/Foundation/Console/Kernel->handle()
#41 C:/xamppnew/htdocs/SSP2-Assignment/Application/TyperDis/artisan(16): Illuminate/Foundation/Application->handleCommand()
#42 {main}
"} 
[2026-09-11 03:03:26] local.ERROR: SQLSTATE[HY000] [1045] Access denied for user 'root'@'localhost' (using password: YES) (Connection: mysql, Host: 127.0.0.1, Port: 3306, Database: mydatabase, SQL: select exists (select 1 from information_schema.tables where table_schema = schema() and table_name = 'migrations' and table_type in ('BASE TABLE', 'SYSTEM VERSIONED')) as `exists`) {"exception":"[object] (Illuminate\\Database\\QueryException(code: 1045): SQLSTATE[HY000] [1045] Access denied for user 'root'@'localhost' (using password: YES) (Connection: mysql, Host: 127.0.0.1, Port: 3306, Database: mydatabase, SQL: select exists (select 1 from information_schema.tables where table_schema = schema() and table_name = 'migrations' and table_type in ('BASE TABLE', 'SYSTEM VERSIONED')) as `exists`) at C:/xamppnew/htdocs/SSP2-Assignment/Application/TyperDis/vendor/laravel/framework/src/Illuminate/Database/Connection.php:857)
[stacktrace]
#0 C:/xamppnew/htdocs/SSP2-Assignment/Application/TyperDis/vendor/laravel/framework/src/Illuminate/Database/Connection.php(1038): Illuminate/Database/Connection->runQueryCallback()
#1 C:/xamppnew/htdocs/SSP2-Assignment/Application/TyperDis/vendor/laravel/framework/src/Illuminate/Database/Connection.php(1017): Illuminate/Database/Connection->tryAgainIfCausedByLostConnection()
#2 C:/xamppnew/htdocs/SSP2-Assignment/Application/TyperDis/vendor/laravel/framework/src/Illuminate/Database/Connection.php(815): Illuminate/Database/Connection->handleQueryException()
#3 C:/xamppnew/htdocs/SSP2-Assignment/Application/TyperDis/vendor/laravel/framework/src/Illuminate/Database/Connection.php(426): Illuminate/Database/Connection->run()
#4 C:/xamppnew/htdocs/SSP2-Assignment/Application/TyperDis/vendor/laravel/framework/src/Illuminate/Database/Connection.php(371): Illuminate/Database/Connection->select()
#5 C:/xamppnew/htdocs/SSP2-Assignment/Application/TyperDis/vendor/laravel/framework/src/Illuminate/Database/Connection.php(388): Illuminate/Database/Connection->selectOne()
#6 C:/xamppnew/htdocs/SSP2-Assignment/Application/TyperDis/vendor/laravel/framework/src/Illuminate/Database/Schema/Builder.php(176): Illuminate/Database/Connection->scalar()
#7 C:/xamppnew/htdocs/SSP2-Assignment/Application/TyperDis/vendor/laravel/framework/src/Illuminate/Database/Migrations/DatabaseMigrationRepository.php(185): Illuminate/Database/Schema/Builder->hasTable()
#8 C:/xamppnew/htdocs/SSP2-Assignment/Application/TyperDis/vendor/laravel/framework/src/Illuminate/Database/Migrations/Migrator.php(797): Illuminate/Database/Migrations/DatabaseMigrationRepository->repositoryExists()
#9 C:/xamppnew/htdocs/SSP2-Assignment/Application/TyperDis/vendor/laravel/framework/src/Illuminate/Database/Console/Migrations/MigrateCommand.php(166): Illuminate/Database/Migrations/Migrator->repositoryExists()
#10 C:/xamppnew/htdocs/SSP2-Assignment/Application/TyperDis/vendor/laravel/framework/src/Illuminate/Support/helpers.php(328): Illuminate/Database/Console/Migrations/MigrateCommand->{closure:Illuminate/Database/Console/Migrations/MigrateCommand::repositoryExists():166}()
#11 C:/xamppnew/htdocs/SSP2-Assignment/Application/TyperDis/vendor/laravel/framework/src/Illuminate/Database/Console/Migrations/MigrateCommand.php(166): retry()
#12 C:/xamppnew/htdocs/SSP2-Assignment/Application/TyperDis/vendor/laravel/framework/src/Illuminate/Database/Console/Migrations/MigrateCommand.php(142): Illuminate/Database/Console/Migrations/MigrateCommand->repositoryExists()
#13 C:/xamppnew/htdocs/SSP2-Assignment/Application/TyperDis/vendor/laravel/framework/src/Illuminate/Database/Console/Migrations/MigrateCommand.php(112): Illuminate/Database/Console/Migrations/MigrateCommand->prepareDatabase()
#14 C:/xamppnew/htdocs/SSP2-Assignment/Application/TyperDis/vendor/laravel/framework/src/Illuminate/Database/Migrations/Migrator.php(672): Illuminate/Database/Console/Migrations/MigrateCommand->{closure:Illuminate/Database/Console/Migrations/MigrateCommand::runMigrations():111}()
#15 C:/xamppnew/htdocs/SSP2-Assignment/Application/TyperDis/vendor/laravel/framework/src/Illuminate/Database/Console/Migrations/MigrateCommand.php(111): Illuminate/Database/Migrations/Migrator->usingConnection()
#16 C:/xamppnew/htdocs/SSP2-Assignment/Application/TyperDis/vendor/laravel/framework/src/Illuminate/Database/Console/Migrations/MigrateCommand.php(90): Illuminate/Database/Console/Migrations/MigrateCommand->runMigrations()
#17 C:/xamppnew/htdocs/SSP2-Assignment/Application/TyperDis/vendor/laravel/framework/src/Illuminate/Container/BoundMethod.php(36): Illuminate/Database/Console/Migrations/MigrateCommand->handle()
#18 C:/xamppnew/htdocs/SSP2-Assignment/Application/TyperDis/vendor/laravel/framework/src/Illuminate/Container/Util.php(43): Illuminate/Container/BoundMethod::{closure:Illuminate/Container/BoundMethod::call():35}()
#19 C:/xamppnew/htdocs/SSP2-Assignment/Application/TyperDis/vendor/laravel/framework/src/Illuminate/Container/BoundMethod.php(96): Illuminate/Container/Util::unwrapIfClosure()
#20 C:/xamppnew/htdocs/SSP2-Assignment/Application/TyperDis/vendor/laravel/framework/src/Illuminate/Container/BoundMethod.php(35): Illuminate/Container/BoundMethod::callBoundMethod()
#21 C:/xamppnew/htdocs/SSP2-Assignment/Application/TyperDis/vendor/laravel/framework/src/Illuminate/Container/Container.php(803): Illuminate/Container/BoundMethod::call()
#22 C:/xamppnew/htdocs/SSP2-Assignment/Application/TyperDis/vendor/laravel/framework/src/Illuminate/Console/Command.php(292): Illuminate/Container/Container->call()
#23 C:/xamppnew/htdocs/SSP2-Assignment/Application/TyperDis/vendor/symfony/console/Command/Command.php(285): Illuminate/Console/Command->execute()
#24 C:/xamppnew/htdocs/SSP2-Assignment/Application/TyperDis/vendor/laravel/framework/src/Illuminate/Console/Command.php(261): Symfony/Component/Console/Command/Command->run()
#25 C:/xamppnew/htdocs/SSP2-Assignment/Application/TyperDis/vendor/symfony/console/Application.php(1144): Illuminate/Console/Command->run()
#26 C:/xamppnew/htdocs/SSP2-Assignment/Application/TyperDis/vendor/symfony/console/Application.php(379): Symfony/Component/Console/Application->doRunCommand()
#27 C:/xamppnew/htdocs/SSP2-Assignment/Application/TyperDis/vendor/symfony/console/Application.php(218): Symfony/Component/Console/Application->doRun()
#28 C:/xamppnew/htdocs/SSP2-Assignment/Application/TyperDis/vendor/laravel/framework/src/Illuminate/Foundation/Console/Kernel.php(198): Symfony/Component/Console/Application->run()
#29 C:/xamppnew/htdocs/SSP2-Assignment/Application/TyperDis/vendor/laravel/framework/src/Illuminate/Foundation/Application.php(1242): Illuminate/Foundation/Console/Kernel->handle()
#30 C:/xamppnew/htdocs/SSP2-Assignment/Application/TyperDis/artisan(16): Illuminate/Foundation/Application->handleCommand()
#31 {main}

[previous exception] [object] (PDOException(code: 1045): SQLSTATE[HY000] [1045] Access denied for user 'root'@'localhost' (using password: YES) at C:/xamppnew/htdocs/SSP2-Assignment/Application/TyperDis/vendor/laravel/framework/src/Illuminate/Database/Connectors/Connector.php:67)
[stacktrace]
#0 C:/xamppnew/htdocs/SSP2-Assignment/Application/TyperDis/vendor/laravel/framework/src/Illuminate/Database/Connectors/Connector.php(67): PDO::connect()
#1 C:/xamppnew/htdocs/SSP2-Assignment/Application/TyperDis/vendor/laravel/framework/src/Illuminate/Database/Connectors/Connector.php(85): Illuminate/Database/Connectors/Connector->createPdoConnection()
#2 C:/xamppnew/htdocs/SSP2-Assignment/Application/TyperDis/vendor/laravel/framework/src/Illuminate/Database/Connectors/Connector.php(48): Illuminate/Database/Connectors/Connector->tryAgainIfCausedByLostConnection()
#3 C:/xamppnew/htdocs/SSP2-Assignment/Application/TyperDis/vendor/laravel/framework/src/Illuminate/Database/Connectors/MySqlConnector.php(24): Illuminate/Database/Connectors/Connector->createConnection()
#4 C:/xamppnew/htdocs/SSP2-Assignment/Application/TyperDis/vendor/laravel/framework/src/Illuminate/Database/Connectors/ConnectionFactory.php(220): Illuminate/Database/Connectors/MySqlConnector->connect()
#5 [internal function]: Illuminate/Database/Connectors/ConnectionFactory->{closure:Illuminate/Database/Connectors/ConnectionFactory::createPdoResolverWithHosts():213}()
#6 C:/xamppnew/htdocs/SSP2-Assignment/Application/TyperDis/vendor/laravel/framework/src/Illuminate/Database/Connection.php(1298): call_user_func()
#7 C:/xamppnew/htdocs/SSP2-Assignment/Application/TyperDis/vendor/laravel/framework/src/Illuminate/Database/Connection.php(1336): Illuminate/Database/Connection->getPdo()
#8 C:/xamppnew/htdocs/SSP2-Assignment/Application/TyperDis/vendor/laravel/framework/src/Illuminate/Database/Connection.php(542): Illuminate/Database/Connection->getReadPdo()
#9 C:/xamppnew/htdocs/SSP2-Assignment/Application/TyperDis/vendor/laravel/framework/src/Illuminate/Database/Connection.php(435): Illuminate/Database/Connection->getPdoForSelect()
#10 C:/xamppnew/htdocs/SSP2-Assignment/Application/TyperDis/vendor/laravel/framework/src/Illuminate/Database/Connection.php(846): Illuminate/Database/Connection->{closure:Illuminate/Database/Connection::select():426}()
#11 C:/xamppnew/htdocs/SSP2-Assignment/Application/TyperDis/vendor/laravel/framework/src/Illuminate/Database/Connection.php(1038): Illuminate/Database/Connection->runQueryCallback()
#12 C:/xamppnew/htdocs/SSP2-Assignment/Application/TyperDis/vendor/laravel/framework/src/Illuminate/Database/Connection.php(1017): Illuminate/Database/Connection->tryAgainIfCausedByLostConnection()
#13 C:/xamppnew/htdocs/SSP2-Assignment/Application/TyperDis/vendor/laravel/framework/src/Illuminate/Database/Connection.php(815): Illuminate/Database/Connection->handleQueryException()
#14 C:/xamppnew/htdocs/SSP2-Assignment/Application/TyperDis/vendor/laravel/framework/src/Illuminate/Database/Connection.php(426): Illuminate/Database/Connection->run()
#15 C:/xamppnew/htdocs/SSP2-Assignment/Application/TyperDis/vendor/laravel/framework/src/Illuminate/Database/Connection.php(371): Illuminate/Database/Connection->select()
#16 C:/xamppnew/htdocs/SSP2-Assignment/Application/TyperDis/vendor/laravel/framework/src/Illuminate/Database/Connection.php(388): Illuminate/Database/Connection->selectOne()
#17 C:/xamppnew/htdocs/SSP2-Assignment/Application/TyperDis/vendor/laravel/framework/src/Illuminate/Database/Schema/Builder.php(176): Illuminate/Database/Connection->scalar()
#18 C:/xamppnew/htdocs/SSP2-Assignment/Application/TyperDis/vendor/laravel/framework/src/Illuminate/Database/Migrations/DatabaseMigrationRepository.php(185): Illuminate/Database/Schema/Builder->hasTable()
#19 C:/xamppnew/htdocs/SSP2-Assignment/Application/TyperDis/vendor/laravel/framework/src/Illuminate/Database/Migrations/Migrator.php(797): Illuminate/Database/Migrations/DatabaseMigrationRepository->repositoryExists()
#20 C:/xamppnew/htdocs/SSP2-Assignment/Application/TyperDis/vendor/laravel/framework/src/Illuminate/Database/Console/Migrations/MigrateCommand.php(166): Illuminate/Database/Migrations/Migrator->repositoryExists()
#21 C:/xamppnew/htdocs/SSP2-Assignment/Application/TyperDis/vendor/laravel/framework/src/Illuminate/Support/helpers.php(328): Illuminate/Database/Console/Migrations/MigrateCommand->{closure:Illuminate/Database/Console/Migrations/MigrateCommand::repositoryExists():166}()
#22 C:/xamppnew/htdocs/SSP2-Assignment/Application/TyperDis/vendor/laravel/framework/src/Illuminate/Database/Console/Migrations/MigrateCommand.php(166): retry()
#23 C:/xamppnew/htdocs/SSP2-Assignment/Application/TyperDis/vendor/laravel/framework/src/Illuminate/Database/Console/Migrations/MigrateCommand.php(142): Illuminate/Database/Console/Migrations/MigrateCommand->repositoryExists()
#24 C:/xamppnew/htdocs/SSP2-Assignment/Application/TyperDis/vendor/laravel/framework/src/Illuminate/Database/Console/Migrations/MigrateCommand.php(112): Illuminate/Database/Console/Migrations/MigrateCommand->prepareDatabase()
#25 C:/xamppnew/htdocs/SSP2-Assignment/Application/TyperDis/vendor/laravel/framework/src/Illuminate/Database/Migrations/Migrator.php(672): Illuminate/Database/Console/Migrations/MigrateCommand->{closure:Illuminate/Database/Console/Migrations/MigrateCommand::runMigrations():111}()
#26 C:/xamppnew/htdocs/SSP2-Assignment/Application/TyperDis/vendor/laravel/framework/src/Illuminate/Database/Console/Migrations/MigrateCommand.php(111): Illuminate/Database/Migrations/Migrator->usingConnection()
#27 C:/xamppnew/htdocs/SSP2-Assignment/Application/TyperDis/vendor/laravel/framework/src/Illuminate/Database/Console/Migrations/MigrateCommand.php(90): Illuminate/Database/Console/Migrations/MigrateCommand->runMigrations()
#28 C:/xamppnew/htdocs/SSP2-Assignment/Application/TyperDis/vendor/laravel/framework/src/Illuminate/Container/BoundMethod.php(36): Illuminate/Database/Console/Migrations/MigrateCommand->handle()
#29 C:/xamppnew/htdocs/SSP2-Assignment/Application/TyperDis/vendor/laravel/framework/src/Illuminate/Container/Util.php(43): Illuminate/Container/BoundMethod::{closure:Illuminate/Container/BoundMethod::call():35}()
#30 C:/xamppnew/htdocs/SSP2-Assignment/Application/TyperDis/vendor/laravel/framework/src/Illuminate/Container/BoundMethod.php(96): Illuminate/Container/Util::unwrapIfClosure()
#31 C:/xamppnew/htdocs/SSP2-Assignment/Application/TyperDis/vendor/laravel/framework/src/Illuminate/Container/BoundMethod.php(35): Illuminate/Container/BoundMethod::callBoundMethod()
#32 C:/xamppnew/htdocs/SSP2-Assignment/Application/TyperDis/vendor/laravel/framework/src/Illuminate/Container/Container.php(803): Illuminate/Container/BoundMethod::call()
#33 C:/xamppnew/htdocs/SSP2-Assignment/Application/TyperDis/vendor/laravel/framework/src/Illuminate/Console/Command.php(292): Illuminate/Container/Container->call()
#34 C:/xamppnew/htdocs/SSP2-Assignment/Application/TyperDis/vendor/symfony/console/Command/Command.php(285): Illuminate/Console/Command->execute()
#35 C:/xamppnew/htdocs/SSP2-Assignment/Application/TyperDis/vendor/laravel/framework/src/Illuminate/Console/Command.php(261): Symfony/Component/Console/Command/Command->run()
#36 C:/xamppnew/htdocs/SSP2-Assignment/Application/TyperDis/vendor/symfony/console/Application.php(1144): Illuminate/Console/Command->run()
#37 C:/xamppnew/htdocs/SSP2-Assignment/Application/TyperDis/vendor/symfony/console/Application.php(379): Symfony/Component/Console/Application->doRunCommand()
#38 C:/xamppnew/htdocs/SSP2-Assignment/Application/TyperDis/vendor/symfony/console/Application.php(218): Symfony/Component/Console/Application->doRun()
#39 C:/xamppnew/htdocs/SSP2-Assignment/Application/TyperDis/vendor/laravel/framework/src/Illuminate/Foundation/Console/Kernel.php(198): Symfony/Component/Console/Application->run()
#40 C:/xamppnew/htdocs/SSP2-Assignment/Application/TyperDis/vendor/laravel/framework/src/Illuminate/Foundation/Application.php(1242): Illuminate/Foundation/Console/Kernel->handle()
#41 C:/xamppnew/htdocs/SSP2-Assignment/Application/TyperDis/artisan(16): Illuminate/Foundation/Application->handleCommand()
#42 {main}
"} 
[2026-09-11 03:04:04] local.ERROR: Command "seed" is not defined.

Did you mean one of these?
    db:seed
    make:seeder {"exception":"[object] (Symfony\\Component\\Console\\Exception\\CommandNotFoundException(code: 0): Command \"seed\" is not defined.

Did you mean one of these?
    db:seed
    make:seeder at C:/xamppnew/htdocs/SSP2-Assignment/Application/TyperDis/vendor/symfony/console/Application.php:785)
[stacktrace]
#0 C:/xamppnew/htdocs/SSP2-Assignment/Application/TyperDis/vendor/symfony/console/Application.php(321): Symfony/Component/Console/Application->find()
#1 C:/xamppnew/htdocs/SSP2-Assignment/Application/TyperDis/vendor/symfony/console/Application.php(218): Symfony/Component/Console/Application->doRun()
#2 C:/xamppnew/htdocs/SSP2-Assignment/Application/TyperDis/vendor/laravel/framework/src/Illuminate/Foundation/Console/Kernel.php(198): Symfony/Component/Console/Application->run()
#3 C:/xamppnew/htdocs/SSP2-Assignment/Application/TyperDis/vendor/laravel/framework/src/Illuminate/Foundation/Application.php(1242): Illuminate/Foundation/Console/Kernel->handle()
#4 C:/xamppnew/htdocs/SSP2-Assignment/Application/TyperDis/artisan(16): Illuminate/Foundation/Application->handleCommand()
#5 {main}
"} 
[2026-09-11 03:10:38] local.ERROR: SQLSTATE[HY000] [1045] Access denied for user 'root'@'localhost' (using password: YES) (Connection: mysql, Host: 127.0.0.1, Port: 3306, Database: mydatabase, SQL: select exists (select 1 from information_schema.tables where table_schema = schema() and table_name = 'migrations' and table_type in ('BASE TABLE', 'SYSTEM VERSIONED')) as `exists`) {"exception":"[object] (Illuminate\\Database\\QueryException(code: 1045): SQLSTATE[HY000] [1045] Access denied for user 'root'@'localhost' (using password: YES) (Connection: mysql, Host: 127.0.0.1, Port: 3306, Database: mydatabase, SQL: select exists (select 1 from information_schema.tables where table_schema = schema() and table_name = 'migrations' and table_type in ('BASE TABLE', 'SYSTEM VERSIONED')) as `exists`) at C:/xamppnew/htdocs/SSP2-Assignment/Application/TyperDis/vendor/laravel/framework/src/Illuminate/Database/Connection.php:857)
[stacktrace]
#0 C:/xamppnew/htdocs/SSP2-Assignment/Application/TyperDis/vendor/laravel/framework/src/Illuminate/Database/Connection.php(1038): Illuminate/Database/Connection->runQueryCallback()
#1 C:/xamppnew/htdocs/SSP2-Assignment/Application/TyperDis/vendor/laravel/framework/src/Illuminate/Database/Connection.php(1017): Illuminate/Database/Connection->tryAgainIfCausedByLostConnection()
#2 C:/xamppnew/htdocs/SSP2-Assignment/Application/TyperDis/vendor/laravel/framework/src/Illuminate/Database/Connection.php(815): Illuminate/Database/Connection->handleQueryException()
#3 C:/xamppnew/htdocs/SSP2-Assignment/Application/TyperDis/vendor/laravel/framework/src/Illuminate/Database/Connection.php(426): Illuminate/Database/Connection->run()
#4 C:/xamppnew/htdocs/SSP2-Assignment/Application/TyperDis/vendor/laravel/framework/src/Illuminate/Database/Connection.php(371): Illuminate/Database/Connection->select()
#5 C:/xamppnew/htdocs/SSP2-Assignment/Application/TyperDis/vendor/laravel/framework/src/Illuminate/Database/Connection.php(388): Illuminate/Database/Connection->selectOne()
#6 C:/xamppnew/htdocs/SSP2-Assignment/Application/TyperDis/vendor/laravel/framework/src/Illuminate/Database/Schema/Builder.php(176): Illuminate/Database/Connection->scalar()
#7 C:/xamppnew/htdocs/SSP2-Assignment/Application/TyperDis/vendor/laravel/framework/src/Illuminate/Database/Migrations/DatabaseMigrationRepository.php(185): Illuminate/Database/Schema/Builder->hasTable()
#8 C:/xamppnew/htdocs/SSP2-Assignment/Application/TyperDis/vendor/laravel/framework/src/Illuminate/Database/Migrations/Migrator.php(797): Illuminate/Database/Migrations/DatabaseMigrationRepository->repositoryExists()
#9 C:/xamppnew/htdocs/SSP2-Assignment/Application/TyperDis/vendor/laravel/framework/src/Illuminate/Database/Console/Migrations/MigrateCommand.php(166): Illuminate/Database/Migrations/Migrator->repositoryExists()
#10 C:/xamppnew/htdocs/SSP2-Assignment/Application/TyperDis/vendor/laravel/framework/src/Illuminate/Support/helpers.php(328): Illuminate/Database/Console/Migrations/MigrateCommand->{closure:Illuminate/Database/Console/Migrations/MigrateCommand::repositoryExists():166}()
#11 C:/xamppnew/htdocs/SSP2-Assignment/Application/TyperDis/vendor/laravel/framework/src/Illuminate/Database/Console/Migrations/MigrateCommand.php(166): retry()
#12 C:/xamppnew/htdocs/SSP2-Assignment/Application/TyperDis/vendor/laravel/framework/src/Illuminate/Database/Console/Migrations/MigrateCommand.php(142): Illuminate/Database/Console/Migrations/MigrateCommand->repositoryExists()
#13 C:/xamppnew/htdocs/SSP2-Assignment/Application/TyperDis/vendor/laravel/framework/src/Illuminate/Database/Console/Migrations/MigrateCommand.php(112): Illuminate/Database/Console/Migrations/MigrateCommand->prepareDatabase()
#14 C:/xamppnew/htdocs/SSP2-Assignment/Application/TyperDis/vendor/laravel/framework/src/Illuminate/Database/Migrations/Migrator.php(672): Illuminate/Database/Console/Migrations/MigrateCommand->{closure:Illuminate/Database/Console/Migrations/MigrateCommand::runMigrations():111}()
#15 C:/xamppnew/htdocs/SSP2-Assignment/Application/TyperDis/vendor/laravel/framework/src/Illuminate/Database/Console/Migrations/MigrateCommand.php(111): Illuminate/Database/Migrations/Migrator->usingConnection()
#16 C:/xamppnew/htdocs/SSP2-Assignment/Application/TyperDis/vendor/laravel/framework/src/Illuminate/Database/Console/Migrations/MigrateCommand.php(90): Illuminate/Database/Console/Migrations/MigrateCommand->runMigrations()
#17 C:/xamppnew/htdocs/SSP2-Assignment/Application/TyperDis/vendor/laravel/framework/src/Illuminate/Container/BoundMethod.php(36): Illuminate/Database/Console/Migrations/MigrateCommand->handle()
#18 C:/xamppnew/htdocs/SSP2-Assignment/Application/TyperDis/vendor/laravel/framework/src/Illuminate/Container/Util.php(43): Illuminate/Container/BoundMethod::{closure:Illuminate/Container/BoundMethod::call():35}()
#19 C:/xamppnew/htdocs/SSP2-Assignment/Application/TyperDis/vendor/laravel/framework/src/Illuminate/Container/BoundMethod.php(96): Illuminate/Container/Util::unwrapIfClosure()
#20 C:/xamppnew/htdocs/SSP2-Assignment/Application/TyperDis/vendor/laravel/framework/src/Illuminate/Container/BoundMethod.php(35): Illuminate/Container/BoundMethod::callBoundMethod()
#21 C:/xamppnew/htdocs/SSP2-Assignment/Application/TyperDis/vendor/laravel/framework/src/Illuminate/Container/Container.php(803): Illuminate/Container/BoundMethod::call()
#22 C:/xamppnew/htdocs/SSP2-Assignment/Application/TyperDis/vendor/laravel/framework/src/Illuminate/Console/Command.php(292): Illuminate/Container/Container->call()
#23 C:/xamppnew/htdocs/SSP2-Assignment/Application/TyperDis/vendor/symfony/console/Command/Command.php(285): Illuminate/Console/Command->execute()
#24 C:/xamppnew/htdocs/SSP2-Assignment/Application/TyperDis/vendor/laravel/framework/src/Illuminate/Console/Command.php(261): Symfony/Component/Console/Command/Command->run()
#25 C:/xamppnew/htdocs/SSP2-Assignment/Application/TyperDis/vendor/symfony/console/Application.php(1144): Illuminate/Console/Command->run()
#26 C:/xamppnew/htdocs/SSP2-Assignment/Application/TyperDis/vendor/symfony/console/Application.php(379): Symfony/Component/Console/Application->doRunCommand()
#27 C:/xamppnew/htdocs/SSP2-Assignment/Application/TyperDis/vendor/symfony/console/Application.php(218): Symfony/Component/Console/Application->doRun()
#28 C:/xamppnew/htdocs/SSP2-Assignment/Application/TyperDis/vendor/laravel/framework/src/Illuminate/Foundation/Console/Kernel.php(198): Symfony/Component/Console/Application->run()
#29 C:/xamppnew/htdocs/SSP2-Assignment/Application/TyperDis/vendor/laravel/framework/src/Illuminate/Foundation/Application.php(1242): Illuminate/Foundation/Console/Kernel->handle()
#30 C:/xamppnew/htdocs/SSP2-Assignment/Application/TyperDis/artisan(16): Illuminate/Foundation/Application->handleCommand()
#31 {main}

[previous exception] [object] (PDOException(code: 1045): SQLSTATE[HY000] [1045] Access denied for user 'root'@'localhost' (using password: YES) at C:/xamppnew/htdocs/SSP2-Assignment/Application/TyperDis/vendor/laravel/framework/src/Illuminate/Database/Connectors/Connector.php:67)
[stacktrace]
#0 C:/xamppnew/htdocs/SSP2-Assignment/Application/TyperDis/vendor/laravel/framework/src/Illuminate/Database/Connectors/Connector.php(67): PDO::connect()
#1 C:/xamppnew/htdocs/SSP2-Assignment/Application/TyperDis/vendor/laravel/framework/src/Illuminate/Database/Connectors/Connector.php(85): Illuminate/Database/Connectors/Connector->createPdoConnection()
#2 C:/xamppnew/htdocs/SSP2-Assignment/Application/TyperDis/vendor/laravel/framework/src/Illuminate/Database/Connectors/Connector.php(48): Illuminate/Database/Connectors/Connector->tryAgainIfCausedByLostConnection()
#3 C:/xamppnew/htdocs/SSP2-Assignment/Application/TyperDis/vendor/laravel/framework/src/Illuminate/Database/Connectors/MySqlConnector.php(24): Illuminate/Database/Connectors/Connector->createConnection()
#4 C:/xamppnew/htdocs/SSP2-Assignment/Application/TyperDis/vendor/laravel/framework/src/Illuminate/Database/Connectors/ConnectionFactory.php(220): Illuminate/Database/Connectors/MySqlConnector->connect()
#5 [internal function]: Illuminate/Database/Connectors/ConnectionFactory->{closure:Illuminate/Database/Connectors/ConnectionFactory::createPdoResolverWithHosts():213}()
#6 C:/xamppnew/htdocs/SSP2-Assignment/Application/TyperDis/vendor/laravel/framework/src/Illuminate/Database/Connection.php(1298): call_user_func()
#7 C:/xamppnew/htdocs/SSP2-Assignment/Application/TyperDis/vendor/laravel/framework/src/Illuminate/Database/Connection.php(1336): Illuminate/Database/Connection->getPdo()
#8 C:/xamppnew/htdocs/SSP2-Assignment/Application/TyperDis/vendor/laravel/framework/src/Illuminate/Database/Connection.php(542): Illuminate/Database/Connection->getReadPdo()
#9 C:/xamppnew/htdocs/SSP2-Assignment/Application/TyperDis/vendor/laravel/framework/src/Illuminate/Database/Connection.php(435): Illuminate/Database/Connection->getPdoForSelect()
#10 C:/xamppnew/htdocs/SSP2-Assignment/Application/TyperDis/vendor/laravel/framework/src/Illuminate/Database/Connection.php(846): Illuminate/Database/Connection->{closure:Illuminate/Database/Connection::select():426}()
#11 C:/xamppnew/htdocs/SSP2-Assignment/Application/TyperDis/vendor/laravel/framework/src/Illuminate/Database/Connection.php(1038): Illuminate/Database/Connection->runQueryCallback()
#12 C:/xamppnew/htdocs/SSP2-Assignment/Application/TyperDis/vendor/laravel/framework/src/Illuminate/Database/Connection.php(1017): Illuminate/Database/Connection->tryAgainIfCausedByLostConnection()
#13 C:/xamppnew/htdocs/SSP2-Assignment/Application/TyperDis/vendor/laravel/framework/src/Illuminate/Database/Connection.php(815): Illuminate/Database/Connection->handleQueryException()
#14 C:/xamppnew/htdocs/SSP2-Assignment/Application/TyperDis/vendor/laravel/framework/src/Illuminate/Database/Connection.php(426): Illuminate/Database/Connection->run()
#15 C:/xamppnew/htdocs/SSP2-Assignment/Application/TyperDis/vendor/laravel/framework/src/Illuminate/Database/Connection.php(371): Illuminate/Database/Connection->select()
#16 C:/xamppnew/htdocs/SSP2-Assignment/Application/TyperDis/vendor/laravel/framework/src/Illuminate/Database/Connection.php(388): Illuminate/Database/Connection->selectOne()
#17 C:/xamppnew/htdocs/SSP2-Assignment/Application/TyperDis/vendor/laravel/framework/src/Illuminate/Database/Schema/Builder.php(176): Illuminate/Database/Connection->scalar()
#18 C:/xamppnew/htdocs/SSP2-Assignment/Application/TyperDis/vendor/laravel/framework/src/Illuminate/Database/Migrations/DatabaseMigrationRepository.php(185): Illuminate/Database/Schema/Builder->hasTable()
#19 C:/xamppnew/htdocs/SSP2-Assignment/Application/TyperDis/vendor/laravel/framework/src/Illuminate/Database/Migrations/Migrator.php(797): Illuminate/Database/Migrations/DatabaseMigrationRepository->repositoryExists()
#20 C:/xamppnew/htdocs/SSP2-Assignment/Application/TyperDis/vendor/laravel/framework/src/Illuminate/Database/Console/Migrations/MigrateCommand.php(166): Illuminate/Database/Migrations/Migrator->repositoryExists()
#21 C:/xamppnew/htdocs/SSP2-Assignment/Application/TyperDis/vendor/laravel/framework/src/Illuminate/Support/helpers.php(328): Illuminate/Database/Console/Migrations/MigrateCommand->{closure:Illuminate/Database/Console/Migrations/MigrateCommand::repositoryExists():166}()
#22 C:/xamppnew/htdocs/SSP2-Assignment/Application/TyperDis/vendor/laravel/framework/src/Illuminate/Database/Console/Migrations/MigrateCommand.php(166): retry()
#23 C:/xamppnew/htdocs/SSP2-Assignment/Application/TyperDis/vendor/laravel/framework/src/Illuminate/Database/Console/Migrations/MigrateCommand.php(142): Illuminate/Database/Console/Migrations/MigrateCommand->repositoryExists()
#24 C:/xamppnew/htdocs/SSP2-Assignment/Application/TyperDis/vendor/laravel/framework/src/Illuminate/Database/Console/Migrations/MigrateCommand.php(112): Illuminate/Database/Console/Migrations/MigrateCommand->prepareDatabase()
#25 C:/xamppnew/htdocs/SSP2-Assignment/Application/TyperDis/vendor/laravel/framework/src/Illuminate/Database/Migrations/Migrator.php(672): Illuminate/Database/Console/Migrations/MigrateCommand->{closure:Illuminate/Database/Console/Migrations/MigrateCommand::runMigrations():111}()
#26 C:/xamppnew/htdocs/SSP2-Assignment/Application/TyperDis/vendor/laravel/framework/src/Illuminate/Database/Console/Migrations/MigrateCommand.php(111): Illuminate/Database/Migrations/Migrator->usingConnection()
#27 C:/xamppnew/htdocs/SSP2-Assignment/Application/TyperDis/vendor/laravel/framework/src/Illuminate/Database/Console/Migrations/MigrateCommand.php(90): Illuminate/Database/Console/Migrations/MigrateCommand->runMigrations()
#28 C:/xamppnew/htdocs/SSP2-Assignment/Application/TyperDis/vendor/laravel/framework/src/Illuminate/Container/BoundMethod.php(36): Illuminate/Database/Console/Migrations/MigrateCommand->handle()
#29 C:/xamppnew/htdocs/SSP2-Assignment/Application/TyperDis/vendor/laravel/framework/src/Illuminate/Container/Util.php(43): Illuminate/Container/BoundMethod::{closure:Illuminate/Container/BoundMethod::call():35}()
#30 C:/xamppnew/htdocs/SSP2-Assignment/Application/TyperDis/vendor/laravel/framework/src/Illuminate/Container/BoundMethod.php(96): Illuminate/Container/Util::unwrapIfClosure()
#31 C:/xamppnew/htdocs/SSP2-Assignment/Application/TyperDis/vendor/laravel/framework/src/Illuminate/Container/BoundMethod.php(35): Illuminate/Container/BoundMethod::callBoundMethod()
#32 C:/xamppnew/htdocs/SSP2-Assignment/Application/TyperDis/vendor/laravel/framework/src/Illuminate/Container/Container.php(803): Illuminate/Container/BoundMethod::call()
#33 C:/xamppnew/htdocs/SSP2-Assignment/Application/TyperDis/vendor/laravel/framework/src/Illuminate/Console/Command.php(292): Illuminate/Container/Container->call()
#34 C:/xamppnew/htdocs/SSP2-Assignment/Application/TyperDis/vendor/symfony/console/Command/Command.php(285): Illuminate/Console/Command->execute()
#35 C:/xamppnew/htdocs/SSP2-Assignment/Application/TyperDis/vendor/laravel/framework/src/Illuminate/Console/Command.php(261): Symfony/Component/Console/Command/Command->run()
#36 C:/xamppnew/htdocs/SSP2-Assignment/Application/TyperDis/vendor/symfony/console/Application.php(1144): Illuminate/Console/Command->run()
#37 C:/xamppnew/htdocs/SSP2-Assignment/Application/TyperDis/vendor/symfony/console/Application.php(379): Symfony/Component/Console/Application->doRunCommand()
#38 C:/xamppnew/htdocs/SSP2-Assignment/Application/TyperDis/vendor/symfony/console/Application.php(218): Symfony/Component/Console/Application->doRun()
#39 C:/xamppnew/htdocs/SSP2-Assignment/Application/TyperDis/vendor/laravel/framework/src/Illuminate/Foundation/Console/Kernel.php(198): Symfony/Component/Console/Application->run()
#40 C:/xamppnew/htdocs/SSP2-Assignment/Application/TyperDis/vendor/laravel/framework/src/Illuminate/Foundation/Application.php(1242): Illuminate/Foundation/Console/Kernel->handle()
#41 C:/xamppnew/htdocs/SSP2-Assignment/Application/TyperDis/artisan(16): Illuminate/Foundation/Application->handleCommand()
#42 {main}
"} 
[2026-09-11 03:11:54] local.ERROR: SQLSTATE[HY000] [1045] Access denied for user 'root'@'localhost' (using password: YES) (Connection: mysql, Host: 127.0.0.1, Port: 3306, Database: mydatabase, SQL: select exists (select 1 from information_schema.tables where table_schema = schema() and table_name = 'migrations' and table_type in ('BASE TABLE', 'SYSTEM VERSIONED')) as `exists`) {"exception":"[object] (Illuminate\\Database\\QueryException(code: 1045): SQLSTATE[HY000] [1045] Access denied for user 'root'@'localhost' (using password: YES) (Connection: mysql, Host: 127.0.0.1, Port: 3306, Database: mydatabase, SQL: select exists (select 1 from information_schema.tables where table_schema = schema() and table_name = 'migrations' and table_type in ('BASE TABLE', 'SYSTEM VERSIONED')) as `exists`) at C:/xamppnew/htdocs/SSP2-Assignment/Application/TyperDis/vendor/laravel/framework/src/Illuminate/Database/Connection.php:857)
[stacktrace]
#0 C:/xamppnew/htdocs/SSP2-Assignment/Application/TyperDis/vendor/laravel/framework/src/Illuminate/Database/Connection.php(1038): Illuminate/Database/Connection->runQueryCallback()
#1 C:/xamppnew/htdocs/SSP2-Assignment/Application/TyperDis/vendor/laravel/framework/src/Illuminate/Database/Connection.php(1017): Illuminate/Database/Connection->tryAgainIfCausedByLostConnection()
#2 C:/xamppnew/htdocs/SSP2-Assignment/Application/TyperDis/vendor/laravel/framework/src/Illuminate/Database/Connection.php(815): Illuminate/Database/Connection->handleQueryException()
#3 C:/xamppnew/htdocs/SSP2-Assignment/Application/TyperDis/vendor/laravel/framework/src/Illuminate/Database/Connection.php(426): Illuminate/Database/Connection->run()
#4 C:/xamppnew/htdocs/SSP2-Assignment/Application/TyperDis/vendor/laravel/framework/src/Illuminate/Database/Connection.php(371): Illuminate/Database/Connection->select()
#5 C:/xamppnew/htdocs/SSP2-Assignment/Application/TyperDis/vendor/laravel/framework/src/Illuminate/Database/Connection.php(388): Illuminate/Database/Connection->selectOne()
#6 C:/xamppnew/htdocs/SSP2-Assignment/Application/TyperDis/vendor/laravel/framework/src/Illuminate/Database/Schema/Builder.php(176): Illuminate/Database/Connection->scalar()
#7 C:/xamppnew/htdocs/SSP2-Assignment/Application/TyperDis/vendor/laravel/framework/src/Illuminate/Database/Migrations/DatabaseMigrationRepository.php(185): Illuminate/Database/Schema/Builder->hasTable()
#8 C:/xamppnew/htdocs/SSP2-Assignment/Application/TyperDis/vendor/laravel/framework/src/Illuminate/Database/Migrations/Migrator.php(797): Illuminate/Database/Migrations/DatabaseMigrationRepository->repositoryExists()
#9 C:/xamppnew/htdocs/SSP2-Assignment/Application/TyperDis/vendor/laravel/framework/src/Illuminate/Database/Console/Migrations/MigrateCommand.php(166): Illuminate/Database/Migrations/Migrator->repositoryExists()
#10 C:/xamppnew/htdocs/SSP2-Assignment/Application/TyperDis/vendor/laravel/framework/src/Illuminate/Support/helpers.php(328): Illuminate/Database/Console/Migrations/MigrateCommand->{closure:Illuminate/Database/Console/Migrations/MigrateCommand::repositoryExists():166}()
#11 C:/xamppnew/htdocs/SSP2-Assignment/Application/TyperDis/vendor/laravel/framework/src/Illuminate/Database/Console/Migrations/MigrateCommand.php(166): retry()
#12 C:/xamppnew/htdocs/SSP2-Assignment/Application/TyperDis/vendor/laravel/framework/src/Illuminate/Database/Console/Migrations/MigrateCommand.php(142): Illuminate/Database/Console/Migrations/MigrateCommand->repositoryExists()
#13 C:/xamppnew/htdocs/SSP2-Assignment/Application/TyperDis/vendor/laravel/framework/src/Illuminate/Database/Console/Migrations/MigrateCommand.php(112): Illuminate/Database/Console/Migrations/MigrateCommand->prepareDatabase()
#14 C:/xamppnew/htdocs/SSP2-Assignment/Application/TyperDis/vendor/laravel/framework/src/Illuminate/Database/Migrations/Migrator.php(672): Illuminate/Database/Console/Migrations/MigrateCommand->{closure:Illuminate/Database/Console/Migrations/MigrateCommand::runMigrations():111}()
#15 C:/xamppnew/htdocs/SSP2-Assignment/Application/TyperDis/vendor/laravel/framework/src/Illuminate/Database/Console/Migrations/MigrateCommand.php(111): Illuminate/Database/Migrations/Migrator->usingConnection()
#16 C:/xamppnew/htdocs/SSP2-Assignment/Application/TyperDis/vendor/laravel/framework/src/Illuminate/Database/Console/Migrations/MigrateCommand.php(90): Illuminate/Database/Console/Migrations/MigrateCommand->runMigrations()
#17 C:/xamppnew/htdocs/SSP2-Assignment/Application/TyperDis/vendor/laravel/framework/src/Illuminate/Container/BoundMethod.php(36): Illuminate/Database/Console/Migrations/MigrateCommand->handle()
#18 C:/xamppnew/htdocs/SSP2-Assignment/Application/TyperDis/vendor/laravel/framework/src/Illuminate/Container/Util.php(43): Illuminate/Container/BoundMethod::{closure:Illuminate/Container/BoundMethod::call():35}()
#19 C:/xamppnew/htdocs/SSP2-Assignment/Application/TyperDis/vendor/laravel/framework/src/Illuminate/Container/BoundMethod.php(96): Illuminate/Container/Util::unwrapIfClosure()
#20 C:/xamppnew/htdocs/SSP2-Assignment/Application/TyperDis/vendor/laravel/framework/src/Illuminate/Container/BoundMethod.php(35): Illuminate/Container/BoundMethod::callBoundMethod()
#21 C:/xamppnew/htdocs/SSP2-Assignment/Application/TyperDis/vendor/laravel/framework/src/Illuminate/Container/Container.php(803): Illuminate/Container/BoundMethod::call()
#22 C:/xamppnew/htdocs/SSP2-Assignment/Application/TyperDis/vendor/laravel/framework/src/Illuminate/Console/Command.php(292): Illuminate/Container/Container->call()
#23 C:/xamppnew/htdocs/SSP2-Assignment/Application/TyperDis/vendor/symfony/console/Command/Command.php(285): Illuminate/Console/Command->execute()
#24 C:/xamppnew/htdocs/SSP2-Assignment/Application/TyperDis/vendor/laravel/framework/src/Illuminate/Console/Command.php(261): Symfony/Component/Console/Command/Command->run()
#25 C:/xamppnew/htdocs/SSP2-Assignment/Application/TyperDis/vendor/symfony/console/Application.php(1144): Illuminate/Console/Command->run()
#26 C:/xamppnew/htdocs/SSP2-Assignment/Application/TyperDis/vendor/symfony/console/Application.php(379): Symfony/Component/Console/Application->doRunCommand()
#27 C:/xamppnew/htdocs/SSP2-Assignment/Application/TyperDis/vendor/symfony/console/Application.php(218): Symfony/Component/Console/Application->doRun()
#28 C:/xamppnew/htdocs/SSP2-Assignment/Application/TyperDis/vendor/laravel/framework/src/Illuminate/Foundation/Console/Kernel.php(198): Symfony/Component/Console/Application->run()
#29 C:/xamppnew/htdocs/SSP2-Assignment/Application/TyperDis/vendor/laravel/framework/src/Illuminate/Foundation/Application.php(1242): Illuminate/Foundation/Console/Kernel->handle()
#30 C:/xamppnew/htdocs/SSP2-Assignment/Application/TyperDis/artisan(16): Illuminate/Foundation/Application->handleCommand()
#31 {main}

[previous exception] [object] (PDOException(code: 1045): SQLSTATE[HY000] [1045] Access denied for user 'root'@'localhost' (using password: YES) at C:/xamppnew/htdocs/SSP2-Assignment/Application/TyperDis/vendor/laravel/framework/src/Illuminate/Database/Connectors/Connector.php:67)
[stacktrace]
#0 C:/xamppnew/htdocs/SSP2-Assignment/Application/TyperDis/vendor/laravel/framework/src/Illuminate/Database/Connectors/Connector.php(67): PDO::connect()
#1 C:/xamppnew/htdocs/SSP2-Assignment/Application/TyperDis/vendor/laravel/framework/src/Illuminate/Database/Connectors/Connector.php(85): Illuminate/Database/Connectors/Connector->createPdoConnection()
#2 C:/xamppnew/htdocs/SSP2-Assignment/Application/TyperDis/vendor/laravel/framework/src/Illuminate/Database/Connectors/Connector.php(48): Illuminate/Database/Connectors/Connector->tryAgainIfCausedByLostConnection()
#3 C:/xamppnew/htdocs/SSP2-Assignment/Application/TyperDis/vendor/laravel/framework/src/Illuminate/Database/Connectors/MySqlConnector.php(24): Illuminate/Database/Connectors/Connector->createConnection()
#4 C:/xamppnew/htdocs/SSP2-Assignment/Application/TyperDis/vendor/laravel/framework/src/Illuminate/Database/Connectors/ConnectionFactory.php(220): Illuminate/Database/Connectors/MySqlConnector->connect()
#5 [internal function]: Illuminate/Database/Connectors/ConnectionFactory->{closure:Illuminate/Database/Connectors/ConnectionFactory::createPdoResolverWithHosts():213}()
#6 C:/xamppnew/htdocs/SSP2-Assignment/Application/TyperDis/vendor/laravel/framework/src/Illuminate/Database/Connection.php(1298): call_user_func()
#7 C:/xamppnew/htdocs/SSP2-Assignment/Application/TyperDis/vendor/laravel/framework/src/Illuminate/Database/Connection.php(1336): Illuminate/Database/Connection->getPdo()
#8 C:/xamppnew/htdocs/SSP2-Assignment/Application/TyperDis/vendor/laravel/framework/src/Illuminate/Database/Connection.php(542): Illuminate/Database/Connection->getReadPdo()
#9 C:/xamppnew/htdocs/SSP2-Assignment/Application/TyperDis/vendor/laravel/framework/src/Illuminate/Database/Connection.php(435): Illuminate/Database/Connection->getPdoForSelect()
#10 C:/xamppnew/htdocs/SSP2-Assignment/Application/TyperDis/vendor/laravel/framework/src/Illuminate/Database/Connection.php(846): Illuminate/Database/Connection->{closure:Illuminate/Database/Connection::select():426}()
#11 C:/xamppnew/htdocs/SSP2-Assignment/Application/TyperDis/vendor/laravel/framework/src/Illuminate/Database/Connection.php(1038): Illuminate/Database/Connection->runQueryCallback()
#12 C:/xamppnew/htdocs/SSP2-Assignment/Application/TyperDis/vendor/laravel/framework/src/Illuminate/Database/Connection.php(1017): Illuminate/Database/Connection->tryAgainIfCausedByLostConnection()
#13 C:/xamppnew/htdocs/SSP2-Assignment/Application/TyperDis/vendor/laravel/framework/src/Illuminate/Database/Connection.php(815): Illuminate/Database/Connection->handleQueryException()
#14 C:/xamppnew/htdocs/SSP2-Assignment/Application/TyperDis/vendor/laravel/framework/src/Illuminate/Database/Connection.php(426): Illuminate/Database/Connection->run()
#15 C:/xamppnew/htdocs/SSP2-Assignment/Application/TyperDis/vendor/laravel/framework/src/Illuminate/Database/Connection.php(371): Illuminate/Database/Connection->select()
#16 C:/xamppnew/htdocs/SSP2-Assignment/Application/TyperDis/vendor/laravel/framework/src/Illuminate/Database/Connection.php(388): Illuminate/Database/Connection->selectOne()
#17 C:/xamppnew/htdocs/SSP2-Assignment/Application/TyperDis/vendor/laravel/framework/src/Illuminate/Database/Schema/Builder.php(176): Illuminate/Database/Connection->scalar()
#18 C:/xamppnew/htdocs/SSP2-Assignment/Application/TyperDis/vendor/laravel/framework/src/Illuminate/Database/Migrations/DatabaseMigrationRepository.php(185): Illuminate/Database/Schema/Builder->hasTable()
#19 C:/xamppnew/htdocs/SSP2-Assignment/Application/TyperDis/vendor/laravel/framework/src/Illuminate/Database/Migrations/Migrator.php(797): Illuminate/Database/Migrations/DatabaseMigrationRepository->repositoryExists()
#20 C:/xamppnew/htdocs/SSP2-Assignment/Application/TyperDis/vendor/laravel/framework/src/Illuminate/Database/Console/Migrations/MigrateCommand.php(166): Illuminate/Database/Migrations/Migrator->repositoryExists()
#21 C:/xamppnew/htdocs/SSP2-Assignment/Application/TyperDis/vendor/laravel/framework/src/Illuminate/Support/helpers.php(328): Illuminate/Database/Console/Migrations/MigrateCommand->{closure:Illuminate/Database/Console/Migrations/MigrateCommand::repositoryExists():166}()
#22 C:/xamppnew/htdocs/SSP2-Assignment/Application/TyperDis/vendor/laravel/framework/src/Illuminate/Database/Console/Migrations/MigrateCommand.php(166): retry()
#23 C:/xamppnew/htdocs/SSP2-Assignment/Application/TyperDis/vendor/laravel/framework/src/Illuminate/Database/Console/Migrations/MigrateCommand.php(142): Illuminate/Database/Console/Migrations/MigrateCommand->repositoryExists()
#24 C:/xamppnew/htdocs/SSP2-Assignment/Application/TyperDis/vendor/laravel/framework/src/Illuminate/Database/Console/Migrations/MigrateCommand.php(112): Illuminate/Database/Console/Migrations/MigrateCommand->prepareDatabase()
#25 C:/xamppnew/htdocs/SSP2-Assignment/Application/TyperDis/vendor/laravel/framework/src/Illuminate/Database/Migrations/Migrator.php(672): Illuminate/Database/Console/Migrations/MigrateCommand->{closure:Illuminate/Database/Console/Migrations/MigrateCommand::runMigrations():111}()
#26 C:/xamppnew/htdocs/SSP2-Assignment/Application/TyperDis/vendor/laravel/framework/src/Illuminate/Database/Console/Migrations/MigrateCommand.php(111): Illuminate/Database/Migrations/Migrator->usingConnection()
#27 C:/xamppnew/htdocs/SSP2-Assignment/Application/TyperDis/vendor/laravel/framework/src/Illuminate/Database/Console/Migrations/MigrateCommand.php(90): Illuminate/Database/Console/Migrations/MigrateCommand->runMigrations()
#28 C:/xamppnew/htdocs/SSP2-Assignment/Application/TyperDis/vendor/laravel/framework/src/Illuminate/Container/BoundMethod.php(36): Illuminate/Database/Console/Migrations/MigrateCommand->handle()
#29 C:/xamppnew/htdocs/SSP2-Assignment/Application/TyperDis/vendor/laravel/framework/src/Illuminate/Container/Util.php(43): Illuminate/Container/BoundMethod::{closure:Illuminate/Container/BoundMethod::call():35}()
#30 C:/xamppnew/htdocs/SSP2-Assignment/Application/TyperDis/vendor/laravel/framework/src/Illuminate/Container/BoundMethod.php(96): Illuminate/Container/Util::unwrapIfClosure()
#31 C:/xamppnew/htdocs/SSP2-Assignment/Application/TyperDis/vendor/laravel/framework/src/Illuminate/Container/BoundMethod.php(35): Illuminate/Container/BoundMethod::callBoundMethod()
#32 C:/xamppnew/htdocs/SSP2-Assignment/Application/TyperDis/vendor/laravel/framework/src/Illuminate/Container/Container.php(803): Illuminate/Container/BoundMethod::call()
#33 C:/xamppnew/htdocs/SSP2-Assignment/Application/TyperDis/vendor/laravel/framework/src/Illuminate/Console/Command.php(292): Illuminate/Container/Container->call()
#34 C:/xamppnew/htdocs/SSP2-Assignment/Application/TyperDis/vendor/symfony/console/Command/Command.php(285): Illuminate/Console/Command->execute()
#35 C:/xamppnew/htdocs/SSP2-Assignment/Application/TyperDis/vendor/laravel/framework/src/Illuminate/Console/Command.php(261): Symfony/Component/Console/Command/Command->run()
#36 C:/xamppnew/htdocs/SSP2-Assignment/Application/TyperDis/vendor/symfony/console/Application.php(1144): Illuminate/Console/Command->run()
#37 C:/xamppnew/htdocs/SSP2-Assignment/Application/TyperDis/vendor/symfony/console/Application.php(379): Symfony/Component/Console/Application->doRunCommand()
#38 C:/xamppnew/htdocs/SSP2-Assignment/Application/TyperDis/vendor/symfony/console/Application.php(218): Symfony/Component/Console/Application->doRun()
#39 C:/xamppnew/htdocs/SSP2-Assignment/Application/TyperDis/vendor/laravel/framework/src/Illuminate/Foundation/Console/Kernel.php(198): Symfony/Component/Console/Application->run()
#40 C:/xamppnew/htdocs/SSP2-Assignment/Application/TyperDis/vendor/laravel/framework/src/Illuminate/Foundation/Application.php(1242): Illuminate/Foundation/Console/Kernel->handle()
#41 C:/xamppnew/htdocs/SSP2-Assignment/Application/TyperDis/artisan(16): Illuminate/Foundation/Application->handleCommand()
#42 {main}
"} 
[2026-09-11 03:24:10] local.ERROR: SQLSTATE[HY000] [1045] Access denied for user 'root'@'localhost' (using password: YES) (Connection: mysql, Host: 127.0.0.1, Port: 3306, Database: mydatabase, SQL: delete from `cache`) {"exception":"[object] (Illuminate\\Database\\QueryException(code: 1045): SQLSTATE[HY000] [1045] Access denied for user 'root'@'localhost' (using password: YES) (Connection: mysql, Host: 127.0.0.1, Port: 3306, Database: mydatabase, SQL: delete from `cache`) at C:/xamppnew/htdocs/SSP2-Assignment/Application/TyperDis/vendor/laravel/framework/src/Illuminate/Database/Connection.php:857)
[stacktrace]
#0 C:/xamppnew/htdocs/SSP2-Assignment/Application/TyperDis/vendor/laravel/framework/src/Illuminate/Database/Connection.php(1038): Illuminate/Database/Connection->runQueryCallback()
#1 C:/xamppnew/htdocs/SSP2-Assignment/Application/TyperDis/vendor/laravel/framework/src/Illuminate/Database/Connection.php(1017): Illuminate/Database/Connection->tryAgainIfCausedByLostConnection()
#2 C:/xamppnew/htdocs/SSP2-Assignment/Application/TyperDis/vendor/laravel/framework/src/Illuminate/Database/Connection.php(815): Illuminate/Database/Connection->handleQueryException()
#3 C:/xamppnew/htdocs/SSP2-Assignment/Application/TyperDis/vendor/laravel/framework/src/Illuminate/Database/Connection.php(614): Illuminate/Database/Connection->run()
#4 C:/xamppnew/htdocs/SSP2-Assignment/Application/TyperDis/vendor/laravel/framework/src/Illuminate/Database/Connection.php(578): Illuminate/Database/Connection->affectingStatement()
#5 C:/xamppnew/htdocs/SSP2-Assignment/Application/TyperDis/vendor/laravel/framework/src/Illuminate/Database/Query/Builder.php(4576): Illuminate/Database/Connection->delete()
#6 C:/xamppnew/htdocs/SSP2-Assignment/Application/TyperDis/vendor/laravel/framework/src/Illuminate/Cache/DatabaseStore.php(450): Illuminate/Database/Query/Builder->delete()
#7 C:/xamppnew/htdocs/SSP2-Assignment/Application/TyperDis/vendor/laravel/framework/src/Illuminate/Cache/Repository.php(1086): Illuminate/Cache/DatabaseStore->flush()
#8 C:/xamppnew/htdocs/SSP2-Assignment/Application/TyperDis/vendor/laravel/framework/src/Illuminate/Cache/Console/ClearCommand.php(81): Illuminate/Cache/Repository->__call()
#9 C:/xamppnew/htdocs/SSP2-Assignment/Application/TyperDis/vendor/laravel/framework/src/Illuminate/Container/BoundMethod.php(36): Illuminate/Cache/Console/ClearCommand->handle()
#10 C:/xamppnew/htdocs/SSP2-Assignment/Application/TyperDis/vendor/laravel/framework/src/Illuminate/Container/Util.php(43): Illuminate/Container/BoundMethod::{closure:Illuminate/Container/BoundMethod::call():35}()
#11 C:/xamppnew/htdocs/SSP2-Assignment/Application/TyperDis/vendor/laravel/framework/src/Illuminate/Container/BoundMethod.php(96): Illuminate/Container/Util::unwrapIfClosure()
#12 C:/xamppnew/htdocs/SSP2-Assignment/Application/TyperDis/vendor/laravel/framework/src/Illuminate/Container/BoundMethod.php(35): Illuminate/Container/BoundMethod::callBoundMethod()
#13 C:/xamppnew/htdocs/SSP2-Assignment/Application/TyperDis/vendor/laravel/framework/src/Illuminate/Container/Container.php(803): Illuminate/Container/BoundMethod::call()
#14 C:/xamppnew/htdocs/SSP2-Assignment/Application/TyperDis/vendor/laravel/framework/src/Illuminate/Console/Command.php(292): Illuminate/Container/Container->call()
#15 C:/xamppnew/htdocs/SSP2-Assignment/Application/TyperDis/vendor/symfony/console/Command/Command.php(285): Illuminate/Console/Command->execute()
#16 C:/xamppnew/htdocs/SSP2-Assignment/Application/TyperDis/vendor/laravel/framework/src/Illuminate/Console/Command.php(261): Symfony/Component/Console/Command/Command->run()
#17 C:/xamppnew/htdocs/SSP2-Assignment/Application/TyperDis/vendor/symfony/console/Application.php(1144): Illuminate/Console/Command->run()
#18 C:/xamppnew/htdocs/SSP2-Assignment/Application/TyperDis/vendor/symfony/console/Application.php(379): Symfony/Component/Console/Application->doRunCommand()
#19 C:/xamppnew/htdocs/SSP2-Assignment/Application/TyperDis/vendor/symfony/console/Application.php(218): Symfony/Component/Console/Application->doRun()
#20 C:/xamppnew/htdocs/SSP2-Assignment/Application/TyperDis/vendor/laravel/framework/src/Illuminate/Foundation/Console/Kernel.php(198): Symfony/Component/Console/Application->run()
#21 C:/xamppnew/htdocs/SSP2-Assignment/Application/TyperDis/vendor/laravel/framework/src/Illuminate/Foundation/Application.php(1242): Illuminate/Foundation/Console/Kernel->handle()
#22 C:/xamppnew/htdocs/SSP2-Assignment/Application/TyperDis/artisan(16): Illuminate/Foundation/Application->handleCommand()
#23 {main}

[previous exception] [object] (PDOException(code: 1045): SQLSTATE[HY000] [1045] Access denied for user 'root'@'localhost' (using password: YES) at C:/xamppnew/htdocs/SSP2-Assignment/Application/TyperDis/vendor/laravel/framework/src/Illuminate/Database/Connectors/Connector.php:67)
[stacktrace]
#0 C:/xamppnew/htdocs/SSP2-Assignment/Application/TyperDis/vendor/laravel/framework/src/Illuminate/Database/Connectors/Connector.php(67): PDO::connect()
#1 C:/xamppnew/htdocs/SSP2-Assignment/Application/TyperDis/vendor/laravel/framework/src/Illuminate/Database/Connectors/Connector.php(85): Illuminate/Database/Connectors/Connector->createPdoConnection()
#2 C:/xamppnew/htdocs/SSP2-Assignment/Application/TyperDis/vendor/laravel/framework/src/Illuminate/Database/Connectors/Connector.php(48): Illuminate/Database/Connectors/Connector->tryAgainIfCausedByLostConnection()
#3 C:/xamppnew/htdocs/SSP2-Assignment/Application/TyperDis/vendor/laravel/framework/src/Illuminate/Database/Connectors/MySqlConnector.php(24): Illuminate/Database/Connectors/Connector->createConnection()
#4 C:/xamppnew/htdocs/SSP2-Assignment/Application/TyperDis/vendor/laravel/framework/src/Illuminate/Database/Connectors/ConnectionFactory.php(220): Illuminate/Database/Connectors/MySqlConnector->connect()
#5 [internal function]: Illuminate/Database/Connectors/ConnectionFactory->{closure:Illuminate/Database/Connectors/ConnectionFactory::createPdoResolverWithHosts():213}()
#6 C:/xamppnew/htdocs/SSP2-Assignment/Application/TyperDis/vendor/laravel/framework/src/Illuminate/Database/Connection.php(1298): call_user_func()
#7 C:/xamppnew/htdocs/SSP2-Assignment/Application/TyperDis/vendor/laravel/framework/src/Illuminate/Database/Connection.php(622): Illuminate/Database/Connection->getPdo()
#8 C:/xamppnew/htdocs/SSP2-Assignment/Application/TyperDis/vendor/laravel/framework/src/Illuminate/Database/Connection.php(846): Illuminate/Database/Connection->{closure:Illuminate/Database/Connection::affectingStatement():614}()
#9 C:/xamppnew/htdocs/SSP2-Assignment/Application/TyperDis/vendor/laravel/framework/src/Illuminate/Database/Connection.php(1038): Illuminate/Database/Connection->runQueryCallback()
#10 C:/xamppnew/htdocs/SSP2-Assignment/Application/TyperDis/vendor/laravel/framework/src/Illuminate/Database/Connection.php(1017): Illuminate/Database/Connection->tryAgainIfCausedByLostConnection()
#11 C:/xamppnew/htdocs/SSP2-Assignment/Application/TyperDis/vendor/laravel/framework/src/Illuminate/Database/Connection.php(815): Illuminate/Database/Connection->handleQueryException()
#12 C:/xamppnew/htdocs/SSP2-Assignment/Application/TyperDis/vendor/laravel/framework/src/Illuminate/Database/Connection.php(614): Illuminate/Database/Connection->run()
#13 C:/xamppnew/htdocs/SSP2-Assignment/Application/TyperDis/vendor/laravel/framework/src/Illuminate/Database/Connection.php(578): Illuminate/Database/Connection->affectingStatement()
#14 C:/xamppnew/htdocs/SSP2-Assignment/Application/TyperDis/vendor/laravel/framework/src/Illuminate/Database/Query/Builder.php(4576): Illuminate/Database/Connection->delete()
#15 C:/xamppnew/htdocs/SSP2-Assignment/Application/TyperDis/vendor/laravel/framework/src/Illuminate/Cache/DatabaseStore.php(450): Illuminate/Database/Query/Builder->delete()
#16 C:/xamppnew/htdocs/SSP2-Assignment/Application/TyperDis/vendor/laravel/framework/src/Illuminate/Cache/Repository.php(1086): Illuminate/Cache/DatabaseStore->flush()
#17 C:/xamppnew/htdocs/SSP2-Assignment/Application/TyperDis/vendor/laravel/framework/src/Illuminate/Cache/Console/ClearCommand.php(81): Illuminate/Cache/Repository->__call()
#18 C:/xamppnew/htdocs/SSP2-Assignment/Application/TyperDis/vendor/laravel/framework/src/Illuminate/Container/BoundMethod.php(36): Illuminate/Cache/Console/ClearCommand->handle()
#19 C:/xamppnew/htdocs/SSP2-Assignment/Application/TyperDis/vendor/laravel/framework/src/Illuminate/Container/Util.php(43): Illuminate/Container/BoundMethod::{closure:Illuminate/Container/BoundMethod::call():35}()
#20 C:/xamppnew/htdocs/SSP2-Assignment/Application/TyperDis/vendor/laravel/framework/src/Illuminate/Container/BoundMethod.php(96): Illuminate/Container/Util::unwrapIfClosure()
#21 C:/xamppnew/htdocs/SSP2-Assignment/Application/TyperDis/vendor/laravel/framework/src/Illuminate/Container/BoundMethod.php(35): Illuminate/Container/BoundMethod::callBoundMethod()
#22 C:/xamppnew/htdocs/SSP2-Assignment/Application/TyperDis/vendor/laravel/framework/src/Illuminate/Container/Container.php(803): Illuminate/Container/BoundMethod::call()
#23 C:/xamppnew/htdocs/SSP2-Assignment/Application/TyperDis/vendor/laravel/framework/src/Illuminate/Console/Command.php(292): Illuminate/Container/Container->call()
#24 C:/xamppnew/htdocs/SSP2-Assignment/Application/TyperDis/vendor/symfony/console/Command/Command.php(285): Illuminate/Console/Command->execute()
#25 C:/xamppnew/htdocs/SSP2-Assignment/Application/TyperDis/vendor/laravel/framework/src/Illuminate/Console/Command.php(261): Symfony/Component/Console/Command/Command->run()
#26 C:/xamppnew/htdocs/SSP2-Assignment/Application/TyperDis/vendor/symfony/console/Application.php(1144): Illuminate/Console/Command->run()
#27 C:/xamppnew/htdocs/SSP2-Assignment/Application/TyperDis/vendor/symfony/console/Application.php(379): Symfony/Component/Console/Application->doRunCommand()
#28 C:/xamppnew/htdocs/SSP2-Assignment/Application/TyperDis/vendor/symfony/console/Application.php(218): Symfony/Component/Console/Application->doRun()
#29 C:/xamppnew/htdocs/SSP2-Assignment/Application/TyperDis/vendor/laravel/framework/src/Illuminate/Foundation/Console/Kernel.php(198): Symfony/Component/Console/Application->run()
#30 C:/xamppnew/htdocs/SSP2-Assignment/Application/TyperDis/vendor/laravel/framework/src/Illuminate/Foundation/Application.php(1242): Illuminate/Foundation/Console/Kernel->handle()
#31 C:/xamppnew/htdocs/SSP2-Assignment/Application/TyperDis/artisan(16): Illuminate/Foundation/Application->handleCommand()
#32 {main}
"} 
[2026-09-11 03:24:48] local.ERROR: SQLSTATE[HY000] [1045] Access denied for user 'root'@'localhost' (using password: YES) (Connection: mysql, Host: 127.0.0.1, Port: 3306, Database: mydatabase, SQL: select exists (select 1 from information_schema.tables where table_schema = schema() and table_name = 'migrations' and table_type in ('BASE TABLE', 'SYSTEM VERSIONED')) as `exists`) {"exception":"[object] (Illuminate\\Database\\QueryException(code: 1045): SQLSTATE[HY000] [1045] Access denied for user 'root'@'localhost' (using password: YES) (Connection: mysql, Host: 127.0.0.1, Port: 3306, Database: mydatabase, SQL: select exists (select 1 from information_schema.tables where table_schema = schema() and table_name = 'migrations' and table_type in ('BASE TABLE', 'SYSTEM VERSIONED')) as `exists`) at C:/xamppnew/htdocs/SSP2-Assignment/Application/TyperDis/vendor/laravel/framework/src/Illuminate/Database/Connection.php:857)
[stacktrace]
#0 C:/xamppnew/htdocs/SSP2-Assignment/Application/TyperDis/vendor/laravel/framework/src/Illuminate/Database/Connection.php(1038): Illuminate/Database/Connection->runQueryCallback()
#1 C:/xamppnew/htdocs/SSP2-Assignment/Application/TyperDis/vendor/laravel/framework/src/Illuminate/Database/Connection.php(1017): Illuminate/Database/Connection->tryAgainIfCausedByLostConnection()
#2 C:/xamppnew/htdocs/SSP2-Assignment/Application/TyperDis/vendor/laravel/framework/src/Illuminate/Database/Connection.php(815): Illuminate/Database/Connection->handleQueryException()
#3 C:/xamppnew/htdocs/SSP2-Assignment/Application/TyperDis/vendor/laravel/framework/src/Illuminate/Database/Connection.php(426): Illuminate/Database/Connection->run()
#4 C:/xamppnew/htdocs/SSP2-Assignment/Application/TyperDis/vendor/laravel/framework/src/Illuminate/Database/Connection.php(371): Illuminate/Database/Connection->select()
#5 C:/xamppnew/htdocs/SSP2-Assignment/Application/TyperDis/vendor/laravel/framework/src/Illuminate/Database/Connection.php(388): Illuminate/Database/Connection->selectOne()
#6 C:/xamppnew/htdocs/SSP2-Assignment/Application/TyperDis/vendor/laravel/framework/src/Illuminate/Database/Schema/Builder.php(176): Illuminate/Database/Connection->scalar()
#7 C:/xamppnew/htdocs/SSP2-Assignment/Application/TyperDis/vendor/laravel/framework/src/Illuminate/Database/Migrations/DatabaseMigrationRepository.php(185): Illuminate/Database/Schema/Builder->hasTable()
#8 C:/xamppnew/htdocs/SSP2-Assignment/Application/TyperDis/vendor/laravel/framework/src/Illuminate/Database/Migrations/Migrator.php(797): Illuminate/Database/Migrations/DatabaseMigrationRepository->repositoryExists()
#9 C:/xamppnew/htdocs/SSP2-Assignment/Application/TyperDis/vendor/laravel/framework/src/Illuminate/Database/Console/Migrations/MigrateCommand.php(166): Illuminate/Database/Migrations/Migrator->repositoryExists()
#10 C:/xamppnew/htdocs/SSP2-Assignment/Application/TyperDis/vendor/laravel/framework/src/Illuminate/Support/helpers.php(328): Illuminate/Database/Console/Migrations/MigrateCommand->{closure:Illuminate/Database/Console/Migrations/MigrateCommand::repositoryExists():166}()
#11 C:/xamppnew/htdocs/SSP2-Assignment/Application/TyperDis/vendor/laravel/framework/src/Illuminate/Database/Console/Migrations/MigrateCommand.php(166): retry()
#12 C:/xamppnew/htdocs/SSP2-Assignment/Application/TyperDis/vendor/laravel/framework/src/Illuminate/Database/Console/Migrations/MigrateCommand.php(142): Illuminate/Database/Console/Migrations/MigrateCommand->repositoryExists()
#13 C:/xamppnew/htdocs/SSP2-Assignment/Application/TyperDis/vendor/laravel/framework/src/Illuminate/Database/Console/Migrations/MigrateCommand.php(112): Illuminate/Database/Console/Migrations/MigrateCommand->prepareDatabase()
#14 C:/xamppnew/htdocs/SSP2-Assignment/Application/TyperDis/vendor/laravel/framework/src/Illuminate/Database/Migrations/Migrator.php(672): Illuminate/Database/Console/Migrations/MigrateCommand->{closure:Illuminate/Database/Console/Migrations/MigrateCommand::runMigrations():111}()
#15 C:/xamppnew/htdocs/SSP2-Assignment/Application/TyperDis/vendor/laravel/framework/src/Illuminate/Database/Console/Migrations/MigrateCommand.php(111): Illuminate/Database/Migrations/Migrator->usingConnection()
#16 C:/xamppnew/htdocs/SSP2-Assignment/Application/TyperDis/vendor/laravel/framework/src/Illuminate/Database/Console/Migrations/MigrateCommand.php(90): Illuminate/Database/Console/Migrations/MigrateCommand->runMigrations()
#17 C:/xamppnew/htdocs/SSP2-Assignment/Application/TyperDis/vendor/laravel/framework/src/Illuminate/Container/BoundMethod.php(36): Illuminate/Database/Console/Migrations/MigrateCommand->handle()
#18 C:/xamppnew/htdocs/SSP2-Assignment/Application/TyperDis/vendor/laravel/framework/src/Illuminate/Container/Util.php(43): Illuminate/Container/BoundMethod::{closure:Illuminate/Container/BoundMethod::call():35}()
#19 C:/xamppnew/htdocs/SSP2-Assignment/Application/TyperDis/vendor/laravel/framework/src/Illuminate/Container/BoundMethod.php(96): Illuminate/Container/Util::unwrapIfClosure()
#20 C:/xamppnew/htdocs/SSP2-Assignment/Application/TyperDis/vendor/laravel/framework/src/Illuminate/Container/BoundMethod.php(35): Illuminate/Container/BoundMethod::callBoundMethod()
#21 C:/xamppnew/htdocs/SSP2-Assignment/Application/TyperDis/vendor/laravel/framework/src/Illuminate/Container/Container.php(803): Illuminate/Container/BoundMethod::call()
#22 C:/xamppnew/htdocs/SSP2-Assignment/Application/TyperDis/vendor/laravel/framework/src/Illuminate/Console/Command.php(292): Illuminate/Container/Container->call()
#23 C:/xamppnew/htdocs/SSP2-Assignment/Application/TyperDis/vendor/symfony/console/Command/Command.php(285): Illuminate/Console/Command->execute()
#24 C:/xamppnew/htdocs/SSP2-Assignment/Application/TyperDis/vendor/laravel/framework/src/Illuminate/Console/Command.php(261): Symfony/Component/Console/Command/Command->run()
#25 C:/xamppnew/htdocs/SSP2-Assignment/Application/TyperDis/vendor/symfony/console/Application.php(1144): Illuminate/Console/Command->run()
#26 C:/xamppnew/htdocs/SSP2-Assignment/Application/TyperDis/vendor/symfony/console/Application.php(379): Symfony/Component/Console/Application->doRunCommand()
#27 C:/xamppnew/htdocs/SSP2-Assignment/Application/TyperDis/vendor/symfony/console/Application.php(218): Symfony/Component/Console/Application->doRun()
#28 C:/xamppnew/htdocs/SSP2-Assignment/Application/TyperDis/vendor/laravel/framework/src/Illuminate/Foundation/Console/Kernel.php(198): Symfony/Component/Console/Application->run()
#29 C:/xamppnew/htdocs/SSP2-Assignment/Application/TyperDis/vendor/laravel/framework/src/Illuminate/Foundation/Application.php(1242): Illuminate/Foundation/Console/Kernel->handle()
#30 C:/xamppnew/htdocs/SSP2-Assignment/Application/TyperDis/artisan(16): Illuminate/Foundation/Application->handleCommand()
#31 {main}

[previous exception] [object] (PDOException(code: 1045): SQLSTATE[HY000] [1045] Access denied for user 'root'@'localhost' (using password: YES) at C:/xamppnew/htdocs/SSP2-Assignment/Application/TyperDis/vendor/laravel/framework/src/Illuminate/Database/Connectors/Connector.php:67)
[stacktrace]
#0 C:/xamppnew/htdocs/SSP2-Assignment/Application/TyperDis/vendor/laravel/framework/src/Illuminate/Database/Connectors/Connector.php(67): PDO::connect()
#1 C:/xamppnew/htdocs/SSP2-Assignment/Application/TyperDis/vendor/laravel/framework/src/Illuminate/Database/Connectors/Connector.php(85): Illuminate/Database/Connectors/Connector->createPdoConnection()
#2 C:/xamppnew/htdocs/SSP2-Assignment/Application/TyperDis/vendor/laravel/framework/src/Illuminate/Database/Connectors/Connector.php(48): Illuminate/Database/Connectors/Connector->tryAgainIfCausedByLostConnection()
#3 C:/xamppnew/htdocs/SSP2-Assignment/Application/TyperDis/vendor/laravel/framework/src/Illuminate/Database/Connectors/MySqlConnector.php(24): Illuminate/Database/Connectors/Connector->createConnection()
#4 C:/xamppnew/htdocs/SSP2-Assignment/Application/TyperDis/vendor/laravel/framework/src/Illuminate/Database/Connectors/ConnectionFactory.php(220): Illuminate/Database/Connectors/MySqlConnector->connect()
#5 [internal function]: Illuminate/Database/Connectors/ConnectionFactory->{closure:Illuminate/Database/Connectors/ConnectionFactory::createPdoResolverWithHosts():213}()
#6 C:/xamppnew/htdocs/SSP2-Assignment/Application/TyperDis/vendor/laravel/framework/src/Illuminate/Database/Connection.php(1298): call_user_func()
#7 C:/xamppnew/htdocs/SSP2-Assignment/Application/TyperDis/vendor/laravel/framework/src/Illuminate/Database/Connection.php(1336): Illuminate/Database/Connection->getPdo()
#8 C:/xamppnew/htdocs/SSP2-Assignment/Application/TyperDis/vendor/laravel/framework/src/Illuminate/Database/Connection.php(542): Illuminate/Database/Connection->getReadPdo()
#9 C:/xamppnew/htdocs/SSP2-Assignment/Application/TyperDis/vendor/laravel/framework/src/Illuminate/Database/Connection.php(435): Illuminate/Database/Connection->getPdoForSelect()
#10 C:/xamppnew/htdocs/SSP2-Assignment/Application/TyperDis/vendor/laravel/framework/src/Illuminate/Database/Connection.php(846): Illuminate/Database/Connection->{closure:Illuminate/Database/Connection::select():426}()
#11 C:/xamppnew/htdocs/SSP2-Assignment/Application/TyperDis/vendor/laravel/framework/src/Illuminate/Database/Connection.php(1038): Illuminate/Database/Connection->runQueryCallback()
#12 C:/xamppnew/htdocs/SSP2-Assignment/Application/TyperDis/vendor/laravel/framework/src/Illuminate/Database/Connection.php(1017): Illuminate/Database/Connection->tryAgainIfCausedByLostConnection()
#13 C:/xamppnew/htdocs/SSP2-Assignment/Application/TyperDis/vendor/laravel/framework/src/Illuminate/Database/Connection.php(815): Illuminate/Database/Connection->handleQueryException()
#14 C:/xamppnew/htdocs/SSP2-Assignment/Application/TyperDis/vendor/laravel/framework/src/Illuminate/Database/Connection.php(426): Illuminate/Database/Connection->run()
#15 C:/xamppnew/htdocs/SSP2-Assignment/Application/TyperDis/vendor/laravel/framework/src/Illuminate/Database/Connection.php(371): Illuminate/Database/Connection->select()
#16 C:/xamppnew/htdocs/SSP2-Assignment/Application/TyperDis/vendor/laravel/framework/src/Illuminate/Database/Connection.php(388): Illuminate/Database/Connection->selectOne()
#17 C:/xamppnew/htdocs/SSP2-Assignment/Application/TyperDis/vendor/laravel/framework/src/Illuminate/Database/Schema/Builder.php(176): Illuminate/Database/Connection->scalar()
#18 C:/xamppnew/htdocs/SSP2-Assignment/Application/TyperDis/vendor/laravel/framework/src/Illuminate/Database/Migrations/DatabaseMigrationRepository.php(185): Illuminate/Database/Schema/Builder->hasTable()
#19 C:/xamppnew/htdocs/SSP2-Assignment/Application/TyperDis/vendor/laravel/framework/src/Illuminate/Database/Migrations/Migrator.php(797): Illuminate/Database/Migrations/DatabaseMigrationRepository->repositoryExists()
#20 C:/xamppnew/htdocs/SSP2-Assignment/Application/TyperDis/vendor/laravel/framework/src/Illuminate/Database/Console/Migrations/MigrateCommand.php(166): Illuminate/Database/Migrations/Migrator->repositoryExists()
#21 C:/xamppnew/htdocs/SSP2-Assignment/Application/TyperDis/vendor/laravel/framework/src/Illuminate/Support/helpers.php(328): Illuminate/Database/Console/Migrations/MigrateCommand->{closure:Illuminate/Database/Console/Migrations/MigrateCommand::repositoryExists():166}()
#22 C:/xamppnew/htdocs/SSP2-Assignment/Application/TyperDis/vendor/laravel/framework/src/Illuminate/Database/Console/Migrations/MigrateCommand.php(166): retry()
#23 C:/xamppnew/htdocs/SSP2-Assignment/Application/TyperDis/vendor/laravel/framework/src/Illuminate/Database/Console/Migrations/MigrateCommand.php(142): Illuminate/Database/Console/Migrations/MigrateCommand->repositoryExists()
#24 C:/xamppnew/htdocs/SSP2-Assignment/Application/TyperDis/vendor/laravel/framework/src/Illuminate/Database/Console/Migrations/MigrateCommand.php(112): Illuminate/Database/Console/Migrations/MigrateCommand->prepareDatabase()
#25 C:/xamppnew/htdocs/SSP2-Assignment/Application/TyperDis/vendor/laravel/framework/src/Illuminate/Database/Migrations/Migrator.php(672): Illuminate/Database/Console/Migrations/MigrateCommand->{closure:Illuminate/Database/Console/Migrations/MigrateCommand::runMigrations():111}()
#26 C:/xamppnew/htdocs/SSP2-Assignment/Application/TyperDis/vendor/laravel/framework/src/Illuminate/Database/Console/Migrations/MigrateCommand.php(111): Illuminate/Database/Migrations/Migrator->usingConnection()
#27 C:/xamppnew/htdocs/SSP2-Assignment/Application/TyperDis/vendor/laravel/framework/src/Illuminate/Database/Console/Migrations/MigrateCommand.php(90): Illuminate/Database/Console/Migrations/MigrateCommand->runMigrations()
#28 C:/xamppnew/htdocs/SSP2-Assignment/Application/TyperDis/vendor/laravel/framework/src/Illuminate/Container/BoundMethod.php(36): Illuminate/Database/Console/Migrations/MigrateCommand->handle()
#29 C:/xamppnew/htdocs/SSP2-Assignment/Application/TyperDis/vendor/laravel/framework/src/Illuminate/Container/Util.php(43): Illuminate/Container/BoundMethod::{closure:Illuminate/Container/BoundMethod::call():35}()
#30 C:/xamppnew/htdocs/SSP2-Assignment/Application/TyperDis/vendor/laravel/framework/src/Illuminate/Container/BoundMethod.php(96): Illuminate/Container/Util::unwrapIfClosure()
#31 C:/xamppnew/htdocs/SSP2-Assignment/Application/TyperDis/vendor/laravel/framework/src/Illuminate/Container/BoundMethod.php(35): Illuminate/Container/BoundMethod::callBoundMethod()
#32 C:/xamppnew/htdocs/SSP2-Assignment/Application/TyperDis/vendor/laravel/framework/src/Illuminate/Container/Container.php(803): Illuminate/Container/BoundMethod::call()
#33 C:/xamppnew/htdocs/SSP2-Assignment/Application/TyperDis/vendor/laravel/framework/src/Illuminate/Console/Command.php(292): Illuminate/Container/Container->call()
#34 C:/xamppnew/htdocs/SSP2-Assignment/Application/TyperDis/vendor/symfony/console/Command/Command.php(285): Illuminate/Console/Command->execute()
#35 C:/xamppnew/htdocs/SSP2-Assignment/Application/TyperDis/vendor/laravel/framework/src/Illuminate/Console/Command.php(261): Symfony/Component/Console/Command/Command->run()
#36 C:/xamppnew/htdocs/SSP2-Assignment/Application/TyperDis/vendor/symfony/console/Application.php(1144): Illuminate/Console/Command->run()
#37 C:/xamppnew/htdocs/SSP2-Assignment/Application/TyperDis/vendor/symfony/console/Application.php(379): Symfony/Component/Console/Application->doRunCommand()
#38 C:/xamppnew/htdocs/SSP2-Assignment/Application/TyperDis/vendor/symfony/console/Application.php(218): Symfony/Component/Console/Application->doRun()
#39 C:/xamppnew/htdocs/SSP2-Assignment/Application/TyperDis/vendor/laravel/framework/src/Illuminate/Foundation/Console/Kernel.php(198): Symfony/Component/Console/Application->run()
#40 C:/xamppnew/htdocs/SSP2-Assignment/Application/TyperDis/vendor/laravel/framework/src/Illuminate/Foundation/Application.php(1242): Illuminate/Foundation/Console/Kernel->handle()
#41 C:/xamppnew/htdocs/SSP2-Assignment/Application/TyperDis/artisan(16): Illuminate/Foundation/Application->handleCommand()
#42 {main}
"} 
[2026-09-11 03:28:27] local.ERROR: SQLSTATE[42S02]: Base table or view not found: 1146 Table 'mydatabase.cache' doesn't exist (Connection: mysql, Host: 127.0.0.1, Port: 3306, Database: mydatabase, SQL: delete from `cache`) {"exception":"[object] (Illuminate\\Database\\QueryException(code: 42S02): SQLSTATE[42S02]: Base table or view not found: 1146 Table 'mydatabase.cache' doesn't exist (Connection: mysql, Host: 127.0.0.1, Port: 3306, Database: mydatabase, SQL: delete from `cache`) at C:/xamppnew/htdocs/SSP2-Assignment/Application/TyperDis/vendor/laravel/framework/src/Illuminate/Database/Connection.php:857)
[stacktrace]
#0 C:/xamppnew/htdocs/SSP2-Assignment/Application/TyperDis/vendor/laravel/framework/src/Illuminate/Database/Connection.php(813): Illuminate/Database/Connection->runQueryCallback()
#1 C:/xamppnew/htdocs/SSP2-Assignment/Application/TyperDis/vendor/laravel/framework/src/Illuminate/Database/Connection.php(614): Illuminate/Database/Connection->run()
#2 C:/xamppnew/htdocs/SSP2-Assignment/Application/TyperDis/vendor/laravel/framework/src/Illuminate/Database/Connection.php(578): Illuminate/Database/Connection->affectingStatement()
#3 C:/xamppnew/htdocs/SSP2-Assignment/Application/TyperDis/vendor/laravel/framework/src/Illuminate/Database/Query/Builder.php(4576): Illuminate/Database/Connection->delete()
#4 C:/xamppnew/htdocs/SSP2-Assignment/Application/TyperDis/vendor/laravel/framework/src/Illuminate/Cache/DatabaseStore.php(450): Illuminate/Database/Query/Builder->delete()
#5 C:/xamppnew/htdocs/SSP2-Assignment/Application/TyperDis/vendor/laravel/framework/src/Illuminate/Cache/Repository.php(1086): Illuminate/Cache/DatabaseStore->flush()
#6 C:/xamppnew/htdocs/SSP2-Assignment/Application/TyperDis/vendor/laravel/framework/src/Illuminate/Cache/Console/ClearCommand.php(81): Illuminate/Cache/Repository->__call()
#7 C:/xamppnew/htdocs/SSP2-Assignment/Application/TyperDis/vendor/laravel/framework/src/Illuminate/Container/BoundMethod.php(36): Illuminate/Cache/Console/ClearCommand->handle()
#8 C:/xamppnew/htdocs/SSP2-Assignment/Application/TyperDis/vendor/laravel/framework/src/Illuminate/Container/Util.php(43): Illuminate/Container/BoundMethod::{closure:Illuminate/Container/BoundMethod::call():35}()
#9 C:/xamppnew/htdocs/SSP2-Assignment/Application/TyperDis/vendor/laravel/framework/src/Illuminate/Container/BoundMethod.php(96): Illuminate/Container/Util::unwrapIfClosure()
#10 C:/xamppnew/htdocs/SSP2-Assignment/Application/TyperDis/vendor/laravel/framework/src/Illuminate/Container/BoundMethod.php(35): Illuminate/Container/BoundMethod::callBoundMethod()
#11 C:/xamppnew/htdocs/SSP2-Assignment/Application/TyperDis/vendor/laravel/framework/src/Illuminate/Container/Container.php(803): Illuminate/Container/BoundMethod::call()
#12 C:/xamppnew/htdocs/SSP2-Assignment/Application/TyperDis/vendor/laravel/framework/src/Illuminate/Console/Command.php(292): Illuminate/Container/Container->call()
#13 C:/xamppnew/htdocs/SSP2-Assignment/Application/TyperDis/vendor/symfony/console/Command/Command.php(285): Illuminate/Console/Command->execute()
#14 C:/xamppnew/htdocs/SSP2-Assignment/Application/TyperDis/vendor/laravel/framework/src/Illuminate/Console/Command.php(261): Symfony/Component/Console/Command/Command->run()
#15 C:/xamppnew/htdocs/SSP2-Assignment/Application/TyperDis/vendor/symfony/console/Application.php(1144): Illuminate/Console/Command->run()
#16 C:/xamppnew/htdocs/SSP2-Assignment/Application/TyperDis/vendor/symfony/console/Application.php(379): Symfony/Component/Console/Application->doRunCommand()
#17 C:/xamppnew/htdocs/SSP2-Assignment/Application/TyperDis/vendor/symfony/console/Application.php(218): Symfony/Component/Console/Application->doRun()
#18 C:/xamppnew/htdocs/SSP2-Assignment/Application/TyperDis/vendor/laravel/framework/src/Illuminate/Foundation/Console/Kernel.php(198): Symfony/Component/Console/Application->run()
#19 C:/xamppnew/htdocs/SSP2-Assignment/Application/TyperDis/vendor/laravel/framework/src/Illuminate/Foundation/Application.php(1242): Illuminate/Foundation/Console/Kernel->handle()
#20 C:/xamppnew/htdocs/SSP2-Assignment/Application/TyperDis/artisan(16): Illuminate/Foundation/Application->handleCommand()
#21 {main}

[previous exception] [object] (PDOException(code: 42S02): SQLSTATE[42S02]: Base table or view not found: 1146 Table 'mydatabase.cache' doesn't exist at C:/xamppnew/htdocs/SSP2-Assignment/Application/TyperDis/vendor/laravel/framework/src/Illuminate/Database/Connection.php:622)
[stacktrace]
#0 C:/xamppnew/htdocs/SSP2-Assignment/Application/TyperDis/vendor/laravel/framework/src/Illuminate/Database/Connection.php(622): PDO->prepare()
#1 C:/xamppnew/htdocs/SSP2-Assignment/Application/TyperDis/vendor/laravel/framework/src/Illuminate/Database/Connection.php(846): Illuminate/Database/Connection->{closure:Illuminate/Database/Connection::affectingStatement():614}()
#2 C:/xamppnew/htdocs/SSP2-Assignment/Application/TyperDis/vendor/laravel/framework/src/Illuminate/Database/Connection.php(813): Illuminate/Database/Connection->runQueryCallback()
#3 C:/xamppnew/htdocs/SSP2-Assignment/Application/TyperDis/vendor/laravel/framework/src/Illuminate/Database/Connection.php(614): Illuminate/Database/Connection->run()
#4 C:/xamppnew/htdocs/SSP2-Assignment/Application/TyperDis/vendor/laravel/framework/src/Illuminate/Database/Connection.php(578): Illuminate/Database/Connection->affectingStatement()
#5 C:/xamppnew/htdocs/SSP2-Assignment/Application/TyperDis/vendor/laravel/framework/src/Illuminate/Database/Query/Builder.php(4576): Illuminate/Database/Connection->delete()
#6 C:/xamppnew/htdocs/SSP2-Assignment/Application/TyperDis/vendor/laravel/framework/src/Illuminate/Cache/DatabaseStore.php(450): Illuminate/Database/Query/Builder->delete()
#7 C:/xamppnew/htdocs/SSP2-Assignment/Application/TyperDis/vendor/laravel/framework/src/Illuminate/Cache/Repository.php(1086): Illuminate/Cache/DatabaseStore->flush()
#8 C:/xamppnew/htdocs/SSP2-Assignment/Application/TyperDis/vendor/laravel/framework/src/Illuminate/Cache/Console/ClearCommand.php(81): Illuminate/Cache/Repository->__call()
#9 C:/xamppnew/htdocs/SSP2-Assignment/Application/TyperDis/vendor/laravel/framework/src/Illuminate/Container/BoundMethod.php(36): Illuminate/Cache/Console/ClearCommand->handle()
#10 C:/xamppnew/htdocs/SSP2-Assignment/Application/TyperDis/vendor/laravel/framework/src/Illuminate/Container/Util.php(43): Illuminate/Container/BoundMethod::{closure:Illuminate/Container/BoundMethod::call():35}()
#11 C:/xamppnew/htdocs/SSP2-Assignment/Application/TyperDis/vendor/laravel/framework/src/Illuminate/Container/BoundMethod.php(96): Illuminate/Container/Util::unwrapIfClosure()
#12 C:/xamppnew/htdocs/SSP2-Assignment/Application/TyperDis/vendor/laravel/framework/src/Illuminate/Container/BoundMethod.php(35): Illuminate/Container/BoundMethod::callBoundMethod()
#13 C:/xamppnew/htdocs/SSP2-Assignment/Application/TyperDis/vendor/laravel/framework/src/Illuminate/Container/Container.php(803): Illuminate/Container/BoundMethod::call()
#14 C:/xamppnew/htdocs/SSP2-Assignment/Application/TyperDis/vendor/laravel/framework/src/Illuminate/Console/Command.php(292): Illuminate/Container/Container->call()
#15 C:/xamppnew/htdocs/SSP2-Assignment/Application/TyperDis/vendor/symfony/console/Command/Command.php(285): Illuminate/Console/Command->execute()
#16 C:/xamppnew/htdocs/SSP2-Assignment/Application/TyperDis/vendor/laravel/framework/src/Illuminate/Console/Command.php(261): Symfony/Component/Console/Command/Command->run()
#17 C:/xamppnew/htdocs/SSP2-Assignment/Application/TyperDis/vendor/symfony/console/Application.php(1144): Illuminate/Console/Command->run()
#18 C:/xamppnew/htdocs/SSP2-Assignment/Application/TyperDis/vendor/symfony/console/Application.php(379): Symfony/Component/Console/Application->doRunCommand()
#19 C:/xamppnew/htdocs/SSP2-Assignment/Application/TyperDis/vendor/symfony/console/Application.php(218): Symfony/Component/Console/Application->doRun()
#20 C:/xamppnew/htdocs/SSP2-Assignment/Application/TyperDis/vendor/laravel/framework/src/Illuminate/Foundation/Console/Kernel.php(198): Symfony/Component/Console/Application->run()
#21 C:/xamppnew/htdocs/SSP2-Assignment/Application/TyperDis/vendor/laravel/framework/src/Illuminate/Foundation/Application.php(1242): Illuminate/Foundation/Console/Kernel->handle()
#22 C:/xamppnew/htdocs/SSP2-Assignment/Application/TyperDis/artisan(16): Illuminate/Foundation/Application->handleCommand()
#23 {main}
"} 
[2026-09-11 03:30:00] local.ERROR: SQLSTATE[42S01]: Base table or view already exists: 1050 Table 'account' already exists (Connection: mysql, Host: 127.0.0.1, Port: 3306, Database: mydatabase, SQL: create table `account` (`id` bigint unsigned not null auto_increment primary key, `created_at` varchar(255) not null, `updated_at` varchar(255) not null, `email` varchar(255) not null, `password` varchar(255) not null, `user_id` bigint unsigned not null auto_increment primary key, `credit_id` bigint unsigned not null auto_increment primary key, `document_id` bigint unsigned not null auto_increment primary key) default character set utf8mb4 collate 'utf8mb4_unicode_ci') {"exception":"[object] (Illuminate\\Database\\QueryException(code: 42S01): SQLSTATE[42S01]: Base table or view already exists: 1050 Table 'account' already exists (Connection: mysql, Host: 127.0.0.1, Port: 3306, Database: mydatabase, SQL: create table `account` (`id` bigint unsigned not null auto_increment primary key, `created_at` varchar(255) not null, `updated_at` varchar(255) not null, `email` varchar(255) not null, `password` varchar(255) not null, `user_id` bigint unsigned not null auto_increment primary key, `credit_id` bigint unsigned not null auto_increment primary key, `document_id` bigint unsigned not null auto_increment primary key) default character set utf8mb4 collate 'utf8mb4_unicode_ci') at C:/xamppnew/htdocs/SSP2-Assignment/Application/TyperDis/vendor/laravel/framework/src/Illuminate/Database/Connection.php:857)
[stacktrace]
#0 C:/xamppnew/htdocs/SSP2-Assignment/Application/TyperDis/vendor/laravel/framework/src/Illuminate/Database/Connection.php(813): Illuminate/Database/Connection->runQueryCallback()
#1 C:/xamppnew/htdocs/SSP2-Assignment/Application/TyperDis/vendor/laravel/framework/src/Illuminate/Database/Connection.php(590): Illuminate/Database/Connection->run()
#2 C:/xamppnew/htdocs/SSP2-Assignment/Application/TyperDis/vendor/laravel/framework/src/Illuminate/Database/Schema/Blueprint.php(122): Illuminate/Database/Connection->statement()
#3 C:/xamppnew/htdocs/SSP2-Assignment/Application/TyperDis/vendor/laravel/framework/src/Illuminate/Database/Schema/Builder.php(702): Illuminate/Database/Schema/Blueprint->build()
#4 C:/xamppnew/htdocs/SSP2-Assignment/Application/TyperDis/vendor/laravel/framework/src/Illuminate/Database/Schema/Builder.php(520): Illuminate/Database/Schema/Builder->build()
#5 C:/xamppnew/htdocs/SSP2-Assignment/Application/TyperDis/vendor/laravel/framework/src/Illuminate/Support/Facades/Facade.php(364): Illuminate/Database/Schema/Builder->create()
#6 C:/xamppnew/htdocs/SSP2-Assignment/Application/TyperDis/database/migrations/2026_09_10_012944_create_account_table.php(14): Illuminate/Support/Facades/Facade::__callStatic()
#7 C:/xamppnew/htdocs/SSP2-Assignment/Application/TyperDis/vendor/laravel/framework/src/Illuminate/Database/Migrations/Migrator.php(517): Illuminate/Database/Migrations/Migration@anonymous->up()
#8 C:/xamppnew/htdocs/SSP2-Assignment/Application/TyperDis/vendor/laravel/framework/src/Illuminate/Database/Migrations/Migrator.php(442): Illuminate/Database/Migrations/Migrator->runMethod()
#9 C:/xamppnew/htdocs/SSP2-Assignment/Application/TyperDis/vendor/laravel/framework/src/Illuminate/Database/Migrations/Migrator.php(451): Illuminate/Database/Migrations/Migrator->{closure:Illuminate/Database/Migrations/Migrator::runMigration():438}()
#10 C:/xamppnew/htdocs/SSP2-Assignment/Application/TyperDis/vendor/laravel/framework/src/Illuminate/Database/Migrations/Migrator.php(253): Illuminate/Database/Migrations/Migrator->runMigration()
#11 C:/xamppnew/htdocs/SSP2-Assignment/Application/TyperDis/vendor/laravel/framework/src/Illuminate/Console/View/Components/Task.php(43): Illuminate/Database/Migrations/Migrator->{closure:Illuminate/Database/Migrations/Migrator::runUp():253}()
#12 C:/xamppnew/htdocs/SSP2-Assignment/Application/TyperDis/vendor/laravel/framework/src/Illuminate/Database/Migrations/Migrator.php(853): Illuminate/Console/View/Components/Task->render()
#13 C:/xamppnew/htdocs/SSP2-Assignment/Application/TyperDis/vendor/laravel/framework/src/Illuminate/Database/Migrations/Migrator.php(253): Illuminate/Database/Migrations/Migrator->write()
#14 C:/xamppnew/htdocs/SSP2-Assignment/Application/TyperDis/vendor/laravel/framework/src/Illuminate/Database/Migrations/Migrator.php(211): Illuminate/Database/Migrations/Migrator->runUp()
#15 C:/xamppnew/htdocs/SSP2-Assignment/Application/TyperDis/vendor/laravel/framework/src/Illuminate/Database/Migrations/Migrator.php(138): Illuminate/Database/Migrations/Migrator->runPending()
#16 C:/xamppnew/htdocs/SSP2-Assignment/Application/TyperDis/vendor/laravel/framework/src/Illuminate/Database/Console/Migrations/MigrateCommand.php(118): Illuminate/Database/Migrations/Migrator->run()
#17 C:/xamppnew/htdocs/SSP2-Assignment/Application/TyperDis/vendor/laravel/framework/src/Illuminate/Database/Migrations/Migrator.php(672): Illuminate/Database/Console/Migrations/MigrateCommand->{closure:Illuminate/Database/Console/Migrations/MigrateCommand::runMigrations():111}()
#18 C:/xamppnew/htdocs/SSP2-Assignment/Application/TyperDis/vendor/laravel/framework/src/Illuminate/Database/Console/Migrations/MigrateCommand.php(111): Illuminate/Database/Migrations/Migrator->usingConnection()
#19 C:/xamppnew/htdocs/SSP2-Assignment/Application/TyperDis/vendor/laravel/framework/src/Illuminate/Database/Console/Migrations/MigrateCommand.php(90): Illuminate/Database/Console/Migrations/MigrateCommand->runMigrations()
#20 C:/xamppnew/htdocs/SSP2-Assignment/Application/TyperDis/vendor/laravel/framework/src/Illuminate/Container/BoundMethod.php(36): Illuminate/Database/Console/Migrations/MigrateCommand->handle()
#21 C:/xamppnew/htdocs/SSP2-Assignment/Application/TyperDis/vendor/laravel/framework/src/Illuminate/Container/Util.php(43): Illuminate/Container/BoundMethod::{closure:Illuminate/Container/BoundMethod::call():35}()
#22 C:/xamppnew/htdocs/SSP2-Assignment/Application/TyperDis/vendor/laravel/framework/src/Illuminate/Container/BoundMethod.php(96): Illuminate/Container/Util::unwrapIfClosure()
#23 C:/xamppnew/htdocs/SSP2-Assignment/Application/TyperDis/vendor/laravel/framework/src/Illuminate/Container/BoundMethod.php(35): Illuminate/Container/BoundMethod::callBoundMethod()
#24 C:/xamppnew/htdocs/SSP2-Assignment/Application/TyperDis/vendor/laravel/framework/src/Illuminate/Container/Container.php(803): Illuminate/Container/BoundMethod::call()
#25 C:/xamppnew/htdocs/SSP2-Assignment/Application/TyperDis/vendor/laravel/framework/src/Illuminate/Console/Command.php(292): Illuminate/Container/Container->call()
#26 C:/xamppnew/htdocs/SSP2-Assignment/Application/TyperDis/vendor/symfony/console/Command/Command.php(285): Illuminate/Console/Command->execute()
#27 C:/xamppnew/htdocs/SSP2-Assignment/Application/TyperDis/vendor/laravel/framework/src/Illuminate/Console/Command.php(261): Symfony/Component/Console/Command/Command->run()
#28 C:/xamppnew/htdocs/SSP2-Assignment/Application/TyperDis/vendor/symfony/console/Application.php(1144): Illuminate/Console/Command->run()
#29 C:/xamppnew/htdocs/SSP2-Assignment/Application/TyperDis/vendor/symfony/console/Application.php(379): Symfony/Component/Console/Application->doRunCommand()
#30 C:/xamppnew/htdocs/SSP2-Assignment/Application/TyperDis/vendor/symfony/console/Application.php(218): Symfony/Component/Console/Application->doRun()
#31 C:/xamppnew/htdocs/SSP2-Assignment/Application/TyperDis/vendor/laravel/framework/src/Illuminate/Foundation/Console/Kernel.php(198): Symfony/Component/Console/Application->run()
#32 C:/xamppnew/htdocs/SSP2-Assignment/Application/TyperDis/vendor/laravel/framework/src/Illuminate/Foundation/Application.php(1242): Illuminate/Foundation/Console/Kernel->handle()
#33 C:/xamppnew/htdocs/SSP2-Assignment/Application/TyperDis/artisan(16): Illuminate/Foundation/Application->handleCommand()
#34 {main}

[previous exception] [object] (PDOException(code: 42S01): SQLSTATE[42S01]: Base table or view already exists: 1050 Table 'account' already exists at C:/xamppnew/htdocs/SSP2-Assignment/Application/TyperDis/vendor/laravel/framework/src/Illuminate/Database/Connection.php:601)
[stacktrace]
#0 C:/xamppnew/htdocs/SSP2-Assignment/Application/TyperDis/vendor/laravel/framework/src/Illuminate/Database/Connection.php(601): PDOStatement->execute()
#1 C:/xamppnew/htdocs/SSP2-Assignment/Application/TyperDis/vendor/laravel/framework/src/Illuminate/Database/Connection.php(846): Illuminate/Database/Connection->{closure:Illuminate/Database/Connection::statement():590}()
#2 C:/xamppnew/htdocs/SSP2-Assignment/Application/TyperDis/vendor/laravel/framework/src/Illuminate/Database/Connection.php(813): Illuminate/Database/Connection->runQueryCallback()
#3 C:/xamppnew/htdocs/SSP2-Assignment/Application/TyperDis/vendor/laravel/framework/src/Illuminate/Database/Connection.php(590): Illuminate/Database/Connection->run()
#4 C:/xamppnew/htdocs/SSP2-Assignment/Application/TyperDis/vendor/laravel/framework/src/Illuminate/Database/Schema/Blueprint.php(122): Illuminate/Database/Connection->statement()
#5 C:/xamppnew/htdocs/SSP2-Assignment/Application/TyperDis/vendor/laravel/framework/src/Illuminate/Database/Schema/Builder.php(702): Illuminate/Database/Schema/Blueprint->build()
#6 C:/xamppnew/htdocs/SSP2-Assignment/Application/TyperDis/vendor/laravel/framework/src/Illuminate/Database/Schema/Builder.php(520): Illuminate/Database/Schema/Builder->build()
#7 C:/xamppnew/htdocs/SSP2-Assignment/Application/TyperDis/vendor/laravel/framework/src/Illuminate/Support/Facades/Facade.php(364): Illuminate/Database/Schema/Builder->create()
#8 C:/xamppnew/htdocs/SSP2-Assignment/Application/TyperDis/database/migrations/2026_09_10_012944_create_account_table.php(14): Illuminate/Support/Facades/Facade::__callStatic()
#9 C:/xamppnew/htdocs/SSP2-Assignment/Application/TyperDis/vendor/laravel/framework/src/Illuminate/Database/Migrations/Migrator.php(517): Illuminate/Database/Migrations/Migration@anonymous->up()
#10 C:/xamppnew/htdocs/SSP2-Assignment/Application/TyperDis/vendor/laravel/framework/src/Illuminate/Database/Migrations/Migrator.php(442): Illuminate/Database/Migrations/Migrator->runMethod()
#11 C:/xamppnew/htdocs/SSP2-Assignment/Application/TyperDis/vendor/laravel/framework/src/Illuminate/Database/Migrations/Migrator.php(451): Illuminate/Database/Migrations/Migrator->{closure:Illuminate/Database/Migrations/Migrator::runMigration():438}()
#12 C:/xamppnew/htdocs/SSP2-Assignment/Application/TyperDis/vendor/laravel/framework/src/Illuminate/Database/Migrations/Migrator.php(253): Illuminate/Database/Migrations/Migrator->runMigration()
#13 C:/xamppnew/htdocs/SSP2-Assignment/Application/TyperDis/vendor/laravel/framework/src/Illuminate/Console/View/Components/Task.php(43): Illuminate/Database/Migrations/Migrator->{closure:Illuminate/Database/Migrations/Migrator::runUp():253}()
#14 C:/xamppnew/htdocs/SSP2-Assignment/Application/TyperDis/vendor/laravel/framework/src/Illuminate/Database/Migrations/Migrator.php(853): Illuminate/Console/View/Components/Task->render()
#15 C:/xamppnew/htdocs/SSP2-Assignment/Application/TyperDis/vendor/laravel/framework/src/Illuminate/Database/Migrations/Migrator.php(253): Illuminate/Database/Migrations/Migrator->write()
#16 C:/xamppnew/htdocs/SSP2-Assignment/Application/TyperDis/vendor/laravel/framework/src/Illuminate/Database/Migrations/Migrator.php(211): Illuminate/Database/Migrations/Migrator->runUp()
#17 C:/xamppnew/htdocs/SSP2-Assignment/Application/TyperDis/vendor/laravel/framework/src/Illuminate/Database/Migrations/Migrator.php(138): Illuminate/Database/Migrations/Migrator->runPending()
#18 C:/xamppnew/htdocs/SSP2-Assignment/Application/TyperDis/vendor/laravel/framework/src/Illuminate/Database/Console/Migrations/MigrateCommand.php(118): Illuminate/Database/Migrations/Migrator->run()
#19 C:/xamppnew/htdocs/SSP2-Assignment/Application/TyperDis/vendor/laravel/framework/src/Illuminate/Database/Migrations/Migrator.php(672): Illuminate/Database/Console/Migrations/MigrateCommand->{closure:Illuminate/Database/Console/Migrations/MigrateCommand::runMigrations():111}()
#20 C:/xamppnew/htdocs/SSP2-Assignment/Application/TyperDis/vendor/laravel/framework/src/Illuminate/Database/Console/Migrations/MigrateCommand.php(111): Illuminate/Database/Migrations/Migrator->usingConnection()
#21 C:/xamppnew/htdocs/SSP2-Assignment/Application/TyperDis/vendor/laravel/framework/src/Illuminate/Database/Console/Migrations/MigrateCommand.php(90): Illuminate/Database/Console/Migrations/MigrateCommand->runMigrations()
#22 C:/xamppnew/htdocs/SSP2-Assignment/Application/TyperDis/vendor/laravel/framework/src/Illuminate/Container/BoundMethod.php(36): Illuminate/Database/Console/Migrations/MigrateCommand->handle()
#23 C:/xamppnew/htdocs/SSP2-Assignment/Application/TyperDis/vendor/laravel/framework/src/Illuminate/Container/Util.php(43): Illuminate/Container/BoundMethod::{closure:Illuminate/Container/BoundMethod::call():35}()
#24 C:/xamppnew/htdocs/SSP2-Assignment/Application/TyperDis/vendor/laravel/framework/src/Illuminate/Container/BoundMethod.php(96): Illuminate/Container/Util::unwrapIfClosure()
#25 C:/xamppnew/htdocs/SSP2-Assignment/Application/TyperDis/vendor/laravel/framework/src/Illuminate/Container/BoundMethod.php(35): Illuminate/Container/BoundMethod::callBoundMethod()
#26 C:/xamppnew/htdocs/SSP2-Assignment/Application/TyperDis/vendor/laravel/framework/src/Illuminate/Container/Container.php(803): Illuminate/Container/BoundMethod::call()
#27 C:/xamppnew/htdocs/SSP2-Assignment/Application/TyperDis/vendor/laravel/framework/src/Illuminate/Console/Command.php(292): Illuminate/Container/Container->call()
#28 C:/xamppnew/htdocs/SSP2-Assignment/Application/TyperDis/vendor/symfony/console/Command/Command.php(285): Illuminate/Console/Command->execute()
#29 C:/xamppnew/htdocs/SSP2-Assignment/Application/TyperDis/vendor/laravel/framework/src/Illuminate/Console/Command.php(261): Symfony/Component/Console/Command/Command->run()
#30 C:/xamppnew/htdocs/SSP2-Assignment/Application/TyperDis/vendor/symfony/console/Application.php(1144): Illuminate/Console/Command->run()
#31 C:/xamppnew/htdocs/SSP2-Assignment/Application/TyperDis/vendor/symfony/console/Application.php(379): Symfony/Component/Console/Application->doRunCommand()
#32 C:/xamppnew/htdocs/SSP2-Assignment/Application/TyperDis/vendor/symfony/console/Application.php(218): Symfony/Component/Console/Application->doRun()
#33 C:/xamppnew/htdocs/SSP2-Assignment/Application/TyperDis/vendor/laravel/framework/src/Illuminate/Foundation/Console/Kernel.php(198): Symfony/Component/Console/Application->run()
#34 C:/xamppnew/htdocs/SSP2-Assignment/Application/TyperDis/vendor/laravel/framework/src/Illuminate/Foundation/Application.php(1242): Illuminate/Foundation/Console/Kernel->handle()
#35 C:/xamppnew/htdocs/SSP2-Assignment/Application/TyperDis/artisan(16): Illuminate/Foundation/Application->handleCommand()
#36 {main}
"} 
[2026-09-11 04:16:22] local.ERROR: SQLSTATE[42000]: Syntax error or access violation: 1075 Incorrect table definition; there can be only one auto column and it must be defined as a key (Connection: mysql, Host: 127.0.0.1, Port: 3306, Database: mydatabase, SQL: create table `account` (`id` bigint unsigned not null auto_increment primary key, `created_at` varchar(255) not null, `updated_at` varchar(255) not null, `email` varchar(255) not null, `password` varchar(255) not null, `user_id` bigint unsigned not null auto_increment primary key, `credit_id` bigint unsigned not null auto_increment primary key, `document_id` bigint unsigned not null auto_increment primary key) default character set utf8mb4 collate 'utf8mb4_unicode_ci') {"exception":"[object] (Illuminate\\Database\\QueryException(code: 42000): SQLSTATE[42000]: Syntax error or access violation: 1075 Incorrect table definition; there can be only one auto column and it must be defined as a key (Connection: mysql, Host: 127.0.0.1, Port: 3306, Database: mydatabase, SQL: create table `account` (`id` bigint unsigned not null auto_increment primary key, `created_at` varchar(255) not null, `updated_at` varchar(255) not null, `email` varchar(255) not null, `password` varchar(255) not null, `user_id` bigint unsigned not null auto_increment primary key, `credit_id` bigint unsigned not null auto_increment primary key, `document_id` bigint unsigned not null auto_increment primary key) default character set utf8mb4 collate 'utf8mb4_unicode_ci') at C:/xamppnew/htdocs/SSP2-Assignment/Application/TyperDis/vendor/laravel/framework/src/Illuminate/Database/Connection.php:857)
[stacktrace]
#0 C:/xamppnew/htdocs/SSP2-Assignment/Application/TyperDis/vendor/laravel/framework/src/Illuminate/Database/Connection.php(813): Illuminate/Database/Connection->runQueryCallback()
#1 C:/xamppnew/htdocs/SSP2-Assignment/Application/TyperDis/vendor/laravel/framework/src/Illuminate/Database/Connection.php(590): Illuminate/Database/Connection->run()
#2 C:/xamppnew/htdocs/SSP2-Assignment/Application/TyperDis/vendor/laravel/framework/src/Illuminate/Database/Schema/Blueprint.php(122): Illuminate/Database/Connection->statement()
#3 C:/xamppnew/htdocs/SSP2-Assignment/Application/TyperDis/vendor/laravel/framework/src/Illuminate/Database/Schema/Builder.php(702): Illuminate/Database/Schema/Blueprint->build()
#4 C:/xamppnew/htdocs/SSP2-Assignment/Application/TyperDis/vendor/laravel/framework/src/Illuminate/Database/Schema/Builder.php(520): Illuminate/Database/Schema/Builder->build()
#5 C:/xamppnew/htdocs/SSP2-Assignment/Application/TyperDis/vendor/laravel/framework/src/Illuminate/Support/Facades/Facade.php(364): Illuminate/Database/Schema/Builder->create()
#6 C:/xamppnew/htdocs/SSP2-Assignment/Application/TyperDis/database/migrations/2026_09_10_012944_create_account_table.php(14): Illuminate/Support/Facades/Facade::__callStatic()
#7 C:/xamppnew/htdocs/SSP2-Assignment/Application/TyperDis/vendor/laravel/framework/src/Illuminate/Database/Migrations/Migrator.php(517): Illuminate/Database/Migrations/Migration@anonymous->up()
#8 C:/xamppnew/htdocs/SSP2-Assignment/Application/TyperDis/vendor/laravel/framework/src/Illuminate/Database/Migrations/Migrator.php(442): Illuminate/Database/Migrations/Migrator->runMethod()
#9 C:/xamppnew/htdocs/SSP2-Assignment/Application/TyperDis/vendor/laravel/framework/src/Illuminate/Database/Migrations/Migrator.php(451): Illuminate/Database/Migrations/Migrator->{closure:Illuminate/Database/Migrations/Migrator::runMigration():438}()
#10 C:/xamppnew/htdocs/SSP2-Assignment/Application/TyperDis/vendor/laravel/framework/src/Illuminate/Database/Migrations/Migrator.php(253): Illuminate/Database/Migrations/Migrator->runMigration()
#11 C:/xamppnew/htdocs/SSP2-Assignment/Application/TyperDis/vendor/laravel/framework/src/Illuminate/Console/View/Components/Task.php(43): Illuminate/Database/Migrations/Migrator->{closure:Illuminate/Database/Migrations/Migrator::runUp():253}()
#12 C:/xamppnew/htdocs/SSP2-Assignment/Application/TyperDis/vendor/laravel/framework/src/Illuminate/Database/Migrations/Migrator.php(853): Illuminate/Console/View/Components/Task->render()
#13 C:/xamppnew/htdocs/SSP2-Assignment/Application/TyperDis/vendor/laravel/framework/src/Illuminate/Database/Migrations/Migrator.php(253): Illuminate/Database/Migrations/Migrator->write()
#14 C:/xamppnew/htdocs/SSP2-Assignment/Application/TyperDis/vendor/laravel/framework/src/Illuminate/Database/Migrations/Migrator.php(211): Illuminate/Database/Migrations/Migrator->runUp()
#15 C:/xamppnew/htdocs/SSP2-Assignment/Application/TyperDis/vendor/laravel/framework/src/Illuminate/Database/Migrations/Migrator.php(138): Illuminate/Database/Migrations/Migrator->runPending()
#16 C:/xamppnew/htdocs/SSP2-Assignment/Application/TyperDis/vendor/laravel/framework/src/Illuminate/Database/Console/Migrations/MigrateCommand.php(118): Illuminate/Database/Migrations/Migrator->run()
#17 C:/xamppnew/htdocs/SSP2-Assignment/Application/TyperDis/vendor/laravel/framework/src/Illuminate/Database/Migrations/Migrator.php(672): Illuminate/Database/Console/Migrations/MigrateCommand->{closure:Illuminate/Database/Console/Migrations/MigrateCommand::runMigrations():111}()
#18 C:/xamppnew/htdocs/SSP2-Assignment/Application/TyperDis/vendor/laravel/framework/src/Illuminate/Database/Console/Migrations/MigrateCommand.php(111): Illuminate/Database/Migrations/Migrator->usingConnection()
#19 C:/xamppnew/htdocs/SSP2-Assignment/Application/TyperDis/vendor/laravel/framework/src/Illuminate/Database/Console/Migrations/MigrateCommand.php(90): Illuminate/Database/Console/Migrations/MigrateCommand->runMigrations()
#20 C:/xamppnew/htdocs/SSP2-Assignment/Application/TyperDis/vendor/laravel/framework/src/Illuminate/Container/BoundMethod.php(36): Illuminate/Database/Console/Migrations/MigrateCommand->handle()
#21 C:/xamppnew/htdocs/SSP2-Assignment/Application/TyperDis/vendor/laravel/framework/src/Illuminate/Container/Util.php(43): Illuminate/Container/BoundMethod::{closure:Illuminate/Container/BoundMethod::call():35}()
#22 C:/xamppnew/htdocs/SSP2-Assignment/Application/TyperDis/vendor/laravel/framework/src/Illuminate/Container/BoundMethod.php(96): Illuminate/Container/Util::unwrapIfClosure()
#23 C:/xamppnew/htdocs/SSP2-Assignment/Application/TyperDis/vendor/laravel/framework/src/Illuminate/Container/BoundMethod.php(35): Illuminate/Container/BoundMethod::callBoundMethod()
#24 C:/xamppnew/htdocs/SSP2-Assignment/Application/TyperDis/vendor/laravel/framework/src/Illuminate/Container/Container.php(803): Illuminate/Container/BoundMethod::call()
#25 C:/xamppnew/htdocs/SSP2-Assignment/Application/TyperDis/vendor/laravel/framework/src/Illuminate/Console/Command.php(292): Illuminate/Container/Container->call()
#26 C:/xamppnew/htdocs/SSP2-Assignment/Application/TyperDis/vendor/symfony/console/Command/Command.php(285): Illuminate/Console/Command->execute()
#27 C:/xamppnew/htdocs/SSP2-Assignment/Application/TyperDis/vendor/laravel/framework/src/Illuminate/Console/Command.php(261): Symfony/Component/Console/Command/Command->run()
#28 C:/xamppnew/htdocs/SSP2-Assignment/Application/TyperDis/vendor/laravel/framework/src/Illuminate/Console/Concerns/CallsCommands.php(68): Illuminate/Console/Command->run()
#29 C:/xamppnew/htdocs/SSP2-Assignment/Application/TyperDis/vendor/laravel/framework/src/Illuminate/Console/Concerns/CallsCommands.php(29): Illuminate/Console/Command->runCommand()
#30 C:/xamppnew/htdocs/SSP2-Assignment/Application/TyperDis/vendor/laravel/framework/src/Illuminate/Database/Console/Migrations/FreshCommand.php(96): Illuminate/Console/Command->call()
#31 C:/xamppnew/htdocs/SSP2-Assignment/Application/TyperDis/vendor/laravel/framework/src/Illuminate/Container/BoundMethod.php(36): Illuminate/Database/Console/Migrations/FreshCommand->handle()
#32 C:/xamppnew/htdocs/SSP2-Assignment/Application/TyperDis/vendor/laravel/framework/src/Illuminate/Container/Util.php(43): Illuminate/Container/BoundMethod::{closure:Illuminate/Container/BoundMethod::call():35}()
#33 C:/xamppnew/htdocs/SSP2-Assignment/Application/TyperDis/vendor/laravel/framework/src/Illuminate/Container/BoundMethod.php(96): Illuminate/Container/Util::unwrapIfClosure()
#34 C:/xamppnew/htdocs/SSP2-Assignment/Application/TyperDis/vendor/laravel/framework/src/Illuminate/Container/BoundMethod.php(35): Illuminate/Container/BoundMethod::callBoundMethod()
#35 C:/xamppnew/htdocs/SSP2-Assignment/Application/TyperDis/vendor/laravel/framework/src/Illuminate/Container/Container.php(803): Illuminate/Container/BoundMethod::call()
#36 C:/xamppnew/htdocs/SSP2-Assignment/Application/TyperDis/vendor/laravel/framework/src/Illuminate/Console/Command.php(292): Illuminate/Container/Container->call()
#37 C:/xamppnew/htdocs/SSP2-Assignment/Application/TyperDis/vendor/symfony/console/Command/Command.php(285): Illuminate/Console/Command->execute()
#38 C:/xamppnew/htdocs/SSP2-Assignment/Application/TyperDis/vendor/laravel/framework/src/Illuminate/Console/Command.php(261): Symfony/Component/Console/Command/Command->run()
#39 C:/xamppnew/htdocs/SSP2-Assignment/Application/TyperDis/vendor/symfony/console/Application.php(1144): Illuminate/Console/Command->run()
#40 C:/xamppnew/htdocs/SSP2-Assignment/Application/TyperDis/vendor/symfony/console/Application.php(379): Symfony/Component/Console/Application->doRunCommand()
#41 C:/xamppnew/htdocs/SSP2-Assignment/Application/TyperDis/vendor/symfony/console/Application.php(218): Symfony/Component/Console/Application->doRun()
#42 C:/xamppnew/htdocs/SSP2-Assignment/Application/TyperDis/vendor/laravel/framework/src/Illuminate/Foundation/Console/Kernel.php(198): Symfony/Component/Console/Application->run()
#43 C:/xamppnew/htdocs/SSP2-Assignment/Application/TyperDis/vendor/laravel/framework/src/Illuminate/Foundation/Application.php(1242): Illuminate/Foundation/Console/Kernel->handle()
#44 C:/xamppnew/htdocs/SSP2-Assignment/Application/TyperDis/artisan(16): Illuminate/Foundation/Application->handleCommand()
#45 {main}

[previous exception] [object] (PDOException(code: 42000): SQLSTATE[42000]: Syntax error or access violation: 1075 Incorrect table definition; there can be only one auto column and it must be defined as a key at C:/xamppnew/htdocs/SSP2-Assignment/Application/TyperDis/vendor/laravel/framework/src/Illuminate/Database/Connection.php:601)
[stacktrace]
#0 C:/xamppnew/htdocs/SSP2-Assignment/Application/TyperDis/vendor/laravel/framework/src/Illuminate/Database/Connection.php(601): PDOStatement->execute()
#1 C:/xamppnew/htdocs/SSP2-Assignment/Application/TyperDis/vendor/laravel/framework/src/Illuminate/Database/Connection.php(846): Illuminate/Database/Connection->{closure:Illuminate/Database/Connection::statement():590}()
#2 C:/xamppnew/htdocs/SSP2-Assignment/Application/TyperDis/vendor/laravel/framework/src/Illuminate/Database/Connection.php(813): Illuminate/Database/Connection->runQueryCallback()
#3 C:/xamppnew/htdocs/SSP2-Assignment/Application/TyperDis/vendor/laravel/framework/src/Illuminate/Database/Connection.php(590): Illuminate/Database/Connection->run()
#4 C:/xamppnew/htdocs/SSP2-Assignment/Application/TyperDis/vendor/laravel/framework/src/Illuminate/Database/Schema/Blueprint.php(122): Illuminate/Database/Connection->statement()
#5 C:/xamppnew/htdocs/SSP2-Assignment/Application/TyperDis/vendor/laravel/framework/src/Illuminate/Database/Schema/Builder.php(702): Illuminate/Database/Schema/Blueprint->build()
#6 C:/xamppnew/htdocs/SSP2-Assignment/Application/TyperDis/vendor/laravel/framework/src/Illuminate/Database/Schema/Builder.php(520): Illuminate/Database/Schema/Builder->build()
#7 C:/xamppnew/htdocs/SSP2-Assignment/Application/TyperDis/vendor/laravel/framework/src/Illuminate/Support/Facades/Facade.php(364): Illuminate/Database/Schema/Builder->create()
#8 C:/xamppnew/htdocs/SSP2-Assignment/Application/TyperDis/database/migrations/2026_09_10_012944_create_account_table.php(14): Illuminate/Support/Facades/Facade::__callStatic()
#9 C:/xamppnew/htdocs/SSP2-Assignment/Application/TyperDis/vendor/laravel/framework/src/Illuminate/Database/Migrations/Migrator.php(517): Illuminate/Database/Migrations/Migration@anonymous->up()
#10 C:/xamppnew/htdocs/SSP2-Assignment/Application/TyperDis/vendor/laravel/framework/src/Illuminate/Database/Migrations/Migrator.php(442): Illuminate/Database/Migrations/Migrator->runMethod()
#11 C:/xamppnew/htdocs/SSP2-Assignment/Application/TyperDis/vendor/laravel/framework/src/Illuminate/Database/Migrations/Migrator.php(451): Illuminate/Database/Migrations/Migrator->{closure:Illuminate/Database/Migrations/Migrator::runMigration():438}()
#12 C:/xamppnew/htdocs/SSP2-Assignment/Application/TyperDis/vendor/laravel/framework/src/Illuminate/Database/Migrations/Migrator.php(253): Illuminate/Database/Migrations/Migrator->runMigration()
#13 C:/xamppnew/htdocs/SSP2-Assignment/Application/TyperDis/vendor/laravel/framework/src/Illuminate/Console/View/Components/Task.php(43): Illuminate/Database/Migrations/Migrator->{closure:Illuminate/Database/Migrations/Migrator::runUp():253}()
#14 C:/xamppnew/htdocs/SSP2-Assignment/Application/TyperDis/vendor/laravel/framework/src/Illuminate/Database/Migrations/Migrator.php(853): Illuminate/Console/View/Components/Task->render()
#15 C:/xamppnew/htdocs/SSP2-Assignment/Application/TyperDis/vendor/laravel/framework/src/Illuminate/Database/Migrations/Migrator.php(253): Illuminate/Database/Migrations/Migrator->write()
#16 C:/xamppnew/htdocs/SSP2-Assignment/Application/TyperDis/vendor/laravel/framework/src/Illuminate/Database/Migrations/Migrator.php(211): Illuminate/Database/Migrations/Migrator->runUp()
#17 C:/xamppnew/htdocs/SSP2-Assignment/Application/TyperDis/vendor/laravel/framework/src/Illuminate/Database/Migrations/Migrator.php(138): Illuminate/Database/Migrations/Migrator->runPending()
#18 C:/xamppnew/htdocs/SSP2-Assignment/Application/TyperDis/vendor/laravel/framework/src/Illuminate/Database/Console/Migrations/MigrateCommand.php(118): Illuminate/Database/Migrations/Migrator->run()
#19 C:/xamppnew/htdocs/SSP2-Assignment/Application/TyperDis/vendor/laravel/framework/src/Illuminate/Database/Migrations/Migrator.php(672): Illuminate/Database/Console/Migrations/MigrateCommand->{closure:Illuminate/Database/Console/Migrations/MigrateCommand::runMigrations():111}()
#20 C:/xamppnew/htdocs/SSP2-Assignment/Application/TyperDis/vendor/laravel/framework/src/Illuminate/Database/Console/Migrations/MigrateCommand.php(111): Illuminate/Database/Migrations/Migrator->usingConnection()
#21 C:/xamppnew/htdocs/SSP2-Assignment/Application/TyperDis/vendor/laravel/framework/src/Illuminate/Database/Console/Migrations/MigrateCommand.php(90): Illuminate/Database/Console/Migrations/MigrateCommand->runMigrations()
#22 C:/xamppnew/htdocs/SSP2-Assignment/Application/TyperDis/vendor/laravel/framework/src/Illuminate/Container/BoundMethod.php(36): Illuminate/Database/Console/Migrations/MigrateCommand->handle()
#23 C:/xamppnew/htdocs/SSP2-Assignment/Application/TyperDis/vendor/laravel/framework/src/Illuminate/Container/Util.php(43): Illuminate/Container/BoundMethod::{closure:Illuminate/Container/BoundMethod::call():35}()
#24 C:/xamppnew/htdocs/SSP2-Assignment/Application/TyperDis/vendor/laravel/framework/src/Illuminate/Container/BoundMethod.php(96): Illuminate/Container/Util::unwrapIfClosure()
#25 C:/xamppnew/htdocs/SSP2-Assignment/Application/TyperDis/vendor/laravel/framework/src/Illuminate/Container/BoundMethod.php(35): Illuminate/Container/BoundMethod::callBoundMethod()
#26 C:/xamppnew/htdocs/SSP2-Assignment/Application/TyperDis/vendor/laravel/framework/src/Illuminate/Container/Container.php(803): Illuminate/Container/BoundMethod::call()
#27 C:/xamppnew/htdocs/SSP2-Assignment/Application/TyperDis/vendor/laravel/framework/src/Illuminate/Console/Command.php(292): Illuminate/Container/Container->call()
#28 C:/xamppnew/htdocs/SSP2-Assignment/Application/TyperDis/vendor/symfony/console/Command/Command.php(285): Illuminate/Console/Command->execute()
#29 C:/xamppnew/htdocs/SSP2-Assignment/Application/TyperDis/vendor/laravel/framework/src/Illuminate/Console/Command.php(261): Symfony/Component/Console/Command/Command->run()
#30 C:/xamppnew/htdocs/SSP2-Assignment/Application/TyperDis/vendor/laravel/framework/src/Illuminate/Console/Concerns/CallsCommands.php(68): Illuminate/Console/Command->run()
#31 C:/xamppnew/htdocs/SSP2-Assignment/Application/TyperDis/vendor/laravel/framework/src/Illuminate/Console/Concerns/CallsCommands.php(29): Illuminate/Console/Command->runCommand()
#32 C:/xamppnew/htdocs/SSP2-Assignment/Application/TyperDis/vendor/laravel/framework/src/Illuminate/Database/Console/Migrations/FreshCommand.php(96): Illuminate/Console/Command->call()
#33 C:/xamppnew/htdocs/SSP2-Assignment/Application/TyperDis/vendor/laravel/framework/src/Illuminate/Container/BoundMethod.php(36): Illuminate/Database/Console/Migrations/FreshCommand->handle()
#34 C:/xamppnew/htdocs/SSP2-Assignment/Application/TyperDis/vendor/laravel/framework/src/Illuminate/Container/Util.php(43): Illuminate/Container/BoundMethod::{closure:Illuminate/Container/BoundMethod::call():35}()
#35 C:/xamppnew/htdocs/SSP2-Assignment/Application/TyperDis/vendor/laravel/framework/src/Illuminate/Container/BoundMethod.php(96): Illuminate/Container/Util::unwrapIfClosure()
#36 C:/xamppnew/htdocs/SSP2-Assignment/Application/TyperDis/vendor/laravel/framework/src/Illuminate/Container/BoundMethod.php(35): Illuminate/Container/BoundMethod::callBoundMethod()
#37 C:/xamppnew/htdocs/SSP2-Assignment/Application/TyperDis/vendor/laravel/framework/src/Illuminate/Container/Container.php(803): Illuminate/Container/BoundMethod::call()
#38 C:/xamppnew/htdocs/SSP2-Assignment/Application/TyperDis/vendor/laravel/framework/src/Illuminate/Console/Command.php(292): Illuminate/Container/Container->call()
#39 C:/xamppnew/htdocs/SSP2-Assignment/Application/TyperDis/vendor/symfony/console/Command/Command.php(285): Illuminate/Console/Command->execute()
#40 C:/xamppnew/htdocs/SSP2-Assignment/Application/TyperDis/vendor/laravel/framework/src/Illuminate/Console/Command.php(261): Symfony/Component/Console/Command/Command->run()
#41 C:/xamppnew/htdocs/SSP2-Assignment/Application/TyperDis/vendor/symfony/console/Application.php(1144): Illuminate/Console/Command->run()
#42 C:/xamppnew/htdocs/SSP2-Assignment/Application/TyperDis/vendor/symfony/console/Application.php(379): Symfony/Component/Console/Application->doRunCommand()
#43 C:/xamppnew/htdocs/SSP2-Assignment/Application/TyperDis/vendor/symfony/console/Application.php(218): Symfony/Component/Console/Application->doRun()
#44 C:/xamppnew/htdocs/SSP2-Assignment/Application/TyperDis/vendor/laravel/framework/src/Illuminate/Foundation/Console/Kernel.php(198): Symfony/Component/Console/Application->run()
#45 C:/xamppnew/htdocs/SSP2-Assignment/Application/TyperDis/vendor/laravel/framework/src/Illuminate/Foundation/Application.php(1242): Illuminate/Foundation/Console/Kernel->handle()
#46 C:/xamppnew/htdocs/SSP2-Assignment/Application/TyperDis/artisan(16): Illuminate/Foundation/Application->handleCommand()
#47 {main}
"} 
[2026-09-11 04:31:43] local.ERROR: SQLSTATE[42000]: Syntax error or access violation: 1075 Incorrect table definition; there can be only one auto column and it must be defined as a key (Connection: mysql, Host: 127.0.0.1, Port: 3306, Database: mydatabase, SQL: create table `account` (`id` bigint unsigned not null auto_increment primary key, `created_at` varchar(255) not null, `updated_at` varchar(255) not null, `email` varchar(255) not null, `password` varchar(255) not null, `user_id` bigint unsigned not null auto_increment primary key, `credit_id` bigint unsigned not null auto_increment primary key, `document_id` bigint unsigned not null auto_increment primary key) default character set utf8mb4 collate 'utf8mb4_unicode_ci') {"exception":"[object] (Illuminate\\Database\\QueryException(code: 42000): SQLSTATE[42000]: Syntax error or access violation: 1075 Incorrect table definition; there can be only one auto column and it must be defined as a key (Connection: mysql, Host: 127.0.0.1, Port: 3306, Database: mydatabase, SQL: create table `account` (`id` bigint unsigned not null auto_increment primary key, `created_at` varchar(255) not null, `updated_at` varchar(255) not null, `email` varchar(255) not null, `password` varchar(255) not null, `user_id` bigint unsigned not null auto_increment primary key, `credit_id` bigint unsigned not null auto_increment primary key, `document_id` bigint unsigned not null auto_increment primary key) default character set utf8mb4 collate 'utf8mb4_unicode_ci') at C:/xamppnew/htdocs/SSP2-Assignment/Application/TyperDis/vendor/laravel/framework/src/Illuminate/Database/Connection.php:857)
[stacktrace]
#0 C:/xamppnew/htdocs/SSP2-Assignment/Application/TyperDis/vendor/laravel/framework/src/Illuminate/Database/Connection.php(813): Illuminate/Database/Connection->runQueryCallback()
#1 C:/xamppnew/htdocs/SSP2-Assignment/Application/TyperDis/vendor/laravel/framework/src/Illuminate/Database/Connection.php(590): Illuminate/Database/Connection->run()
#2 C:/xamppnew/htdocs/SSP2-Assignment/Application/TyperDis/vendor/laravel/framework/src/Illuminate/Database/Schema/Blueprint.php(122): Illuminate/Database/Connection->statement()
#3 C:/xamppnew/htdocs/SSP2-Assignment/Application/TyperDis/vendor/laravel/framework/src/Illuminate/Database/Schema/Builder.php(702): Illuminate/Database/Schema/Blueprint->build()
#4 C:/xamppnew/htdocs/SSP2-Assignment/Application/TyperDis/vendor/laravel/framework/src/Illuminate/Database/Schema/Builder.php(520): Illuminate/Database/Schema/Builder->build()
#5 C:/xamppnew/htdocs/SSP2-Assignment/Application/TyperDis/vendor/laravel/framework/src/Illuminate/Support/Facades/Facade.php(364): Illuminate/Database/Schema/Builder->create()
#6 C:/xamppnew/htdocs/SSP2-Assignment/Application/TyperDis/database/migrations/2026_09_10_012944_create_account_table.php(14): Illuminate/Support/Facades/Facade::__callStatic()
#7 C:/xamppnew/htdocs/SSP2-Assignment/Application/TyperDis/vendor/laravel/framework/src/Illuminate/Database/Migrations/Migrator.php(517): Illuminate/Database/Migrations/Migration@anonymous->up()
#8 C:/xamppnew/htdocs/SSP2-Assignment/Application/TyperDis/vendor/laravel/framework/src/Illuminate/Database/Migrations/Migrator.php(442): Illuminate/Database/Migrations/Migrator->runMethod()
#9 C:/xamppnew/htdocs/SSP2-Assignment/Application/TyperDis/vendor/laravel/framework/src/Illuminate/Database/Migrations/Migrator.php(451): Illuminate/Database/Migrations/Migrator->{closure:Illuminate/Database/Migrations/Migrator::runMigration():438}()
#10 C:/xamppnew/htdocs/SSP2-Assignment/Application/TyperDis/vendor/laravel/framework/src/Illuminate/Database/Migrations/Migrator.php(253): Illuminate/Database/Migrations/Migrator->runMigration()
#11 C:/xamppnew/htdocs/SSP2-Assignment/Application/TyperDis/vendor/laravel/framework/src/Illuminate/Console/View/Components/Task.php(43): Illuminate/Database/Migrations/Migrator->{closure:Illuminate/Database/Migrations/Migrator::runUp():253}()
#12 C:/xamppnew/htdocs/SSP2-Assignment/Application/TyperDis/vendor/laravel/framework/src/Illuminate/Database/Migrations/Migrator.php(853): Illuminate/Console/View/Components/Task->render()
#13 C:/xamppnew/htdocs/SSP2-Assignment/Application/TyperDis/vendor/laravel/framework/src/Illuminate/Database/Migrations/Migrator.php(253): Illuminate/Database/Migrations/Migrator->write()
#14 C:/xamppnew/htdocs/SSP2-Assignment/Application/TyperDis/vendor/laravel/framework/src/Illuminate/Database/Migrations/Migrator.php(211): Illuminate/Database/Migrations/Migrator->runUp()
#15 C:/xamppnew/htdocs/SSP2-Assignment/Application/TyperDis/vendor/laravel/framework/src/Illuminate/Database/Migrations/Migrator.php(138): Illuminate/Database/Migrations/Migrator->runPending()
#16 C:/xamppnew/htdocs/SSP2-Assignment/Application/TyperDis/vendor/laravel/framework/src/Illuminate/Database/Console/Migrations/MigrateCommand.php(118): Illuminate/Database/Migrations/Migrator->run()
#17 C:/xamppnew/htdocs/SSP2-Assignment/Application/TyperDis/vendor/laravel/framework/src/Illuminate/Database/Migrations/Migrator.php(672): Illuminate/Database/Console/Migrations/MigrateCommand->{closure:Illuminate/Database/Console/Migrations/MigrateCommand::runMigrations():111}()
#18 C:/xamppnew/htdocs/SSP2-Assignment/Application/TyperDis/vendor/laravel/framework/src/Illuminate/Database/Console/Migrations/MigrateCommand.php(111): Illuminate/Database/Migrations/Migrator->usingConnection()
#19 C:/xamppnew/htdocs/SSP2-Assignment/Application/TyperDis/vendor/laravel/framework/src/Illuminate/Database/Console/Migrations/MigrateCommand.php(90): Illuminate/Database/Console/Migrations/MigrateCommand->runMigrations()
#20 C:/xamppnew/htdocs/SSP2-Assignment/Application/TyperDis/vendor/laravel/framework/src/Illuminate/Container/BoundMethod.php(36): Illuminate/Database/Console/Migrations/MigrateCommand->handle()
#21 C:/xamppnew/htdocs/SSP2-Assignment/Application/TyperDis/vendor/laravel/framework/src/Illuminate/Container/Util.php(43): Illuminate/Container/BoundMethod::{closure:Illuminate/Container/BoundMethod::call():35}()
#22 C:/xamppnew/htdocs/SSP2-Assignment/Application/TyperDis/vendor/laravel/framework/src/Illuminate/Container/BoundMethod.php(96): Illuminate/Container/Util::unwrapIfClosure()
#23 C:/xamppnew/htdocs/SSP2-Assignment/Application/TyperDis/vendor/laravel/framework/src/Illuminate/Container/BoundMethod.php(35): Illuminate/Container/BoundMethod::callBoundMethod()
#24 C:/xamppnew/htdocs/SSP2-Assignment/Application/TyperDis/vendor/laravel/framework/src/Illuminate/Container/Container.php(803): Illuminate/Container/BoundMethod::call()
#25 C:/xamppnew/htdocs/SSP2-Assignment/Application/TyperDis/vendor/laravel/framework/src/Illuminate/Console/Command.php(292): Illuminate/Container/Container->call()
#26 C:/xamppnew/htdocs/SSP2-Assignment/Application/TyperDis/vendor/symfony/console/Command/Command.php(285): Illuminate/Console/Command->execute()
#27 C:/xamppnew/htdocs/SSP2-Assignment/Application/TyperDis/vendor/laravel/framework/src/Illuminate/Console/Command.php(261): Symfony/Component/Console/Command/Command->run()
#28 C:/xamppnew/htdocs/SSP2-Assignment/Application/TyperDis/vendor/laravel/framework/src/Illuminate/Console/Concerns/CallsCommands.php(68): Illuminate/Console/Command->run()
#29 C:/xamppnew/htdocs/SSP2-Assignment/Application/TyperDis/vendor/laravel/framework/src/Illuminate/Console/Concerns/CallsCommands.php(29): Illuminate/Console/Command->runCommand()
#30 C:/xamppnew/htdocs/SSP2-Assignment/Application/TyperDis/vendor/laravel/framework/src/Illuminate/Database/Console/Migrations/FreshCommand.php(96): Illuminate/Console/Command->call()
#31 C:/xamppnew/htdocs/SSP2-Assignment/Application/TyperDis/vendor/laravel/framework/src/Illuminate/Container/BoundMethod.php(36): Illuminate/Database/Console/Migrations/FreshCommand->handle()
#32 C:/xamppnew/htdocs/SSP2-Assignment/Application/TyperDis/vendor/laravel/framework/src/Illuminate/Container/Util.php(43): Illuminate/Container/BoundMethod::{closure:Illuminate/Container/BoundMethod::call():35}()
#33 C:/xamppnew/htdocs/SSP2-Assignment/Application/TyperDis/vendor/laravel/framework/src/Illuminate/Container/BoundMethod.php(96): Illuminate/Container/Util::unwrapIfClosure()
#34 C:/xamppnew/htdocs/SSP2-Assignment/Application/TyperDis/vendor/laravel/framework/src/Illuminate/Container/BoundMethod.php(35): Illuminate/Container/BoundMethod::callBoundMethod()
#35 C:/xamppnew/htdocs/SSP2-Assignment/Application/TyperDis/vendor/laravel/framework/src/Illuminate/Container/Container.php(803): Illuminate/Container/BoundMethod::call()
#36 C:/xamppnew/htdocs/SSP2-Assignment/Application/TyperDis/vendor/laravel/framework/src/Illuminate/Console/Command.php(292): Illuminate/Container/Container->call()
#37 C:/xamppnew/htdocs/SSP2-Assignment/Application/TyperDis/vendor/symfony/console/Command/Command.php(285): Illuminate/Console/Command->execute()
#38 C:/xamppnew/htdocs/SSP2-Assignment/Application/TyperDis/vendor/laravel/framework/src/Illuminate/Console/Command.php(261): Symfony/Component/Console/Command/Command->run()
#39 C:/xamppnew/htdocs/SSP2-Assignment/Application/TyperDis/vendor/symfony/console/Application.php(1144): Illuminate/Console/Command->run()
#40 C:/xamppnew/htdocs/SSP2-Assignment/Application/TyperDis/vendor/symfony/console/Application.php(379): Symfony/Component/Console/Application->doRunCommand()
#41 C:/xamppnew/htdocs/SSP2-Assignment/Application/TyperDis/vendor/symfony/console/Application.php(218): Symfony/Component/Console/Application->doRun()
#42 C:/xamppnew/htdocs/SSP2-Assignment/Application/TyperDis/vendor/laravel/framework/src/Illuminate/Foundation/Console/Kernel.php(198): Symfony/Component/Console/Application->run()
#43 C:/xamppnew/htdocs/SSP2-Assignment/Application/TyperDis/vendor/laravel/framework/src/Illuminate/Foundation/Application.php(1242): Illuminate/Foundation/Console/Kernel->handle()
#44 C:/xamppnew/htdocs/SSP2-Assignment/Application/TyperDis/artisan(16): Illuminate/Foundation/Application->handleCommand()
#45 {main}

[previous exception] [object] (PDOException(code: 42000): SQLSTATE[42000]: Syntax error or access violation: 1075 Incorrect table definition; there can be only one auto column and it must be defined as a key at C:/xamppnew/htdocs/SSP2-Assignment/Application/TyperDis/vendor/laravel/framework/src/Illuminate/Database/Connection.php:601)
[stacktrace]
#0 C:/xamppnew/htdocs/SSP2-Assignment/Application/TyperDis/vendor/laravel/framework/src/Illuminate/Database/Connection.php(601): PDOStatement->execute()
#1 C:/xamppnew/htdocs/SSP2-Assignment/Application/TyperDis/vendor/laravel/framework/src/Illuminate/Database/Connection.php(846): Illuminate/Database/Connection->{closure:Illuminate/Database/Connection::statement():590}()
#2 C:/xamppnew/htdocs/SSP2-Assignment/Application/TyperDis/vendor/laravel/framework/src/Illuminate/Database/Connection.php(813): Illuminate/Database/Connection->runQueryCallback()
#3 C:/xamppnew/htdocs/SSP2-Assignment/Application/TyperDis/vendor/laravel/framework/src/Illuminate/Database/Connection.php(590): Illuminate/Database/Connection->run()
#4 C:/xamppnew/htdocs/SSP2-Assignment/Application/TyperDis/vendor/laravel/framework/src/Illuminate/Database/Schema/Blueprint.php(122): Illuminate/Database/Connection->statement()
#5 C:/xamppnew/htdocs/SSP2-Assignment/Application/TyperDis/vendor/laravel/framework/src/Illuminate/Database/Schema/Builder.php(702): Illuminate/Database/Schema/Blueprint->build()
#6 C:/xamppnew/htdocs/SSP2-Assignment/Application/TyperDis/vendor/laravel/framework/src/Illuminate/Database/Schema/Builder.php(520): Illuminate/Database/Schema/Builder->build()
#7 C:/xamppnew/htdocs/SSP2-Assignment/Application/TyperDis/vendor/laravel/framework/src/Illuminate/Support/Facades/Facade.php(364): Illuminate/Database/Schema/Builder->create()
#8 C:/xamppnew/htdocs/SSP2-Assignment/Application/TyperDis/database/migrations/2026_09_10_012944_create_account_table.php(14): Illuminate/Support/Facades/Facade::__callStatic()
#9 C:/xamppnew/htdocs/SSP2-Assignment/Application/TyperDis/vendor/laravel/framework/src/Illuminate/Database/Migrations/Migrator.php(517): Illuminate/Database/Migrations/Migration@anonymous->up()
#10 C:/xamppnew/htdocs/SSP2-Assignment/Application/TyperDis/vendor/laravel/framework/src/Illuminate/Database/Migrations/Migrator.php(442): Illuminate/Database/Migrations/Migrator->runMethod()
#11 C:/xamppnew/htdocs/SSP2-Assignment/Application/TyperDis/vendor/laravel/framework/src/Illuminate/Database/Migrations/Migrator.php(451): Illuminate/Database/Migrations/Migrator->{closure:Illuminate/Database/Migrations/Migrator::runMigration():438}()
#12 C:/xamppnew/htdocs/SSP2-Assignment/Application/TyperDis/vendor/laravel/framework/src/Illuminate/Database/Migrations/Migrator.php(253): Illuminate/Database/Migrations/Migrator->runMigration()
#13 C:/xamppnew/htdocs/SSP2-Assignment/Application/TyperDis/vendor/laravel/framework/src/Illuminate/Console/View/Components/Task.php(43): Illuminate/Database/Migrations/Migrator->{closure:Illuminate/Database/Migrations/Migrator::runUp():253}()
#14 C:/xamppnew/htdocs/SSP2-Assignment/Application/TyperDis/vendor/laravel/framework/src/Illuminate/Database/Migrations/Migrator.php(853): Illuminate/Console/View/Components/Task->render()
#15 C:/xamppnew/htdocs/SSP2-Assignment/Application/TyperDis/vendor/laravel/framework/src/Illuminate/Database/Migrations/Migrator.php(253): Illuminate/Database/Migrations/Migrator->write()
#16 C:/xamppnew/htdocs/SSP2-Assignment/Application/TyperDis/vendor/laravel/framework/src/Illuminate/Database/Migrations/Migrator.php(211): Illuminate/Database/Migrations/Migrator->runUp()
#17 C:/xamppnew/htdocs/SSP2-Assignment/Application/TyperDis/vendor/laravel/framework/src/Illuminate/Database/Migrations/Migrator.php(138): Illuminate/Database/Migrations/Migrator->runPending()
#18 C:/xamppnew/htdocs/SSP2-Assignment/Application/TyperDis/vendor/laravel/framework/src/Illuminate/Database/Console/Migrations/MigrateCommand.php(118): Illuminate/Database/Migrations/Migrator->run()
#19 C:/xamppnew/htdocs/SSP2-Assignment/Application/TyperDis/vendor/laravel/framework/src/Illuminate/Database/Migrations/Migrator.php(672): Illuminate/Database/Console/Migrations/MigrateCommand->{closure:Illuminate/Database/Console/Migrations/MigrateCommand::runMigrations():111}()
#20 C:/xamppnew/htdocs/SSP2-Assignment/Application/TyperDis/vendor/laravel/framework/src/Illuminate/Database/Console/Migrations/MigrateCommand.php(111): Illuminate/Database/Migrations/Migrator->usingConnection()
#21 C:/xamppnew/htdocs/SSP2-Assignment/Application/TyperDis/vendor/laravel/framework/src/Illuminate/Database/Console/Migrations/MigrateCommand.php(90): Illuminate/Database/Console/Migrations/MigrateCommand->runMigrations()
#22 C:/xamppnew/htdocs/SSP2-Assignment/Application/TyperDis/vendor/laravel/framework/src/Illuminate/Container/BoundMethod.php(36): Illuminate/Database/Console/Migrations/MigrateCommand->handle()
#23 C:/xamppnew/htdocs/SSP2-Assignment/Application/TyperDis/vendor/laravel/framework/src/Illuminate/Container/Util.php(43): Illuminate/Container/BoundMethod::{closure:Illuminate/Container/BoundMethod::call():35}()
#24 C:/xamppnew/htdocs/SSP2-Assignment/Application/TyperDis/vendor/laravel/framework/src/Illuminate/Container/BoundMethod.php(96): Illuminate/Container/Util::unwrapIfClosure()
#25 C:/xamppnew/htdocs/SSP2-Assignment/Application/TyperDis/vendor/laravel/framework/src/Illuminate/Container/BoundMethod.php(35): Illuminate/Container/BoundMethod::callBoundMethod()
#26 C:/xamppnew/htdocs/SSP2-Assignment/Application/TyperDis/vendor/laravel/framework/src/Illuminate/Container/Container.php(803): Illuminate/Container/BoundMethod::call()
#27 C:/xamppnew/htdocs/SSP2-Assignment/Application/TyperDis/vendor/laravel/framework/src/Illuminate/Console/Command.php(292): Illuminate/Container/Container->call()
#28 C:/xamppnew/htdocs/SSP2-Assignment/Application/TyperDis/vendor/symfony/console/Command/Command.php(285): Illuminate/Console/Command->execute()
#29 C:/xamppnew/htdocs/SSP2-Assignment/Application/TyperDis/vendor/laravel/framework/src/Illuminate/Console/Command.php(261): Symfony/Component/Console/Command/Command->run()
#30 C:/xamppnew/htdocs/SSP2-Assignment/Application/TyperDis/vendor/laravel/framework/src/Illuminate/Console/Concerns/CallsCommands.php(68): Illuminate/Console/Command->run()
#31 C:/xamppnew/htdocs/SSP2-Assignment/Application/TyperDis/vendor/laravel/framework/src/Illuminate/Console/Concerns/CallsCommands.php(29): Illuminate/Console/Command->runCommand()
#32 C:/xamppnew/htdocs/SSP2-Assignment/Application/TyperDis/vendor/laravel/framework/src/Illuminate/Database/Console/Migrations/FreshCommand.php(96): Illuminate/Console/Command->call()
#33 C:/xamppnew/htdocs/SSP2-Assignment/Application/TyperDis/vendor/laravel/framework/src/Illuminate/Container/BoundMethod.php(36): Illuminate/Database/Console/Migrations/FreshCommand->handle()
#34 C:/xamppnew/htdocs/SSP2-Assignment/Application/TyperDis/vendor/laravel/framework/src/Illuminate/Container/Util.php(43): Illuminate/Container/BoundMethod::{closure:Illuminate/Container/BoundMethod::call():35}()
#35 C:/xamppnew/htdocs/SSP2-Assignment/Application/TyperDis/vendor/laravel/framework/src/Illuminate/Container/BoundMethod.php(96): Illuminate/Container/Util::unwrapIfClosure()
#36 C:/xamppnew/htdocs/SSP2-Assignment/Application/TyperDis/vendor/laravel/framework/src/Illuminate/Container/BoundMethod.php(35): Illuminate/Container/BoundMethod::callBoundMethod()
#37 C:/xamppnew/htdocs/SSP2-Assignment/Application/TyperDis/vendor/laravel/framework/src/Illuminate/Container/Container.php(803): Illuminate/Container/BoundMethod::call()
#38 C:/xamppnew/htdocs/SSP2-Assignment/Application/TyperDis/vendor/laravel/framework/src/Illuminate/Console/Command.php(292): Illuminate/Container/Container->call()
#39 C:/xamppnew/htdocs/SSP2-Assignment/Application/TyperDis/vendor/symfony/console/Command/Command.php(285): Illuminate/Console/Command->execute()
#40 C:/xamppnew/htdocs/SSP2-Assignment/Application/TyperDis/vendor/laravel/framework/src/Illuminate/Console/Command.php(261): Symfony/Component/Console/Command/Command->run()
#41 C:/xamppnew/htdocs/SSP2-Assignment/Application/TyperDis/vendor/symfony/console/Application.php(1144): Illuminate/Console/Command->run()
#42 C:/xamppnew/htdocs/SSP2-Assignment/Application/TyperDis/vendor/symfony/console/Application.php(379): Symfony/Component/Console/Application->doRunCommand()
#43 C:/xamppnew/htdocs/SSP2-Assignment/Application/TyperDis/vendor/symfony/console/Application.php(218): Symfony/Component/Console/Application->doRun()
#44 C:/xamppnew/htdocs/SSP2-Assignment/Application/TyperDis/vendor/laravel/framework/src/Illuminate/Foundation/Console/Kernel.php(198): Symfony/Component/Console/Application->run()
#45 C:/xamppnew/htdocs/SSP2-Assignment/Application/TyperDis/vendor/laravel/framework/src/Illuminate/Foundation/Application.php(1242): Illuminate/Foundation/Console/Kernel->handle()
#46 C:/xamppnew/htdocs/SSP2-Assignment/Application/TyperDis/artisan(16): Illuminate/Foundation/Application->handleCommand()
#47 {main}
"} 
[2026-09-11 04:41:50] local.ERROR: SQLSTATE[42000]: Syntax error or access violation: 1075 Incorrect table definition; there can be only one auto column and it must be defined as a key (Connection: mysql, Host: 127.0.0.1, Port: 3306, Database: mydatabase, SQL: create table `account` (`id` bigint unsigned not null auto_increment primary key, `created_at` varchar(255) not null, `updated_at` varchar(255) not null, `email` varchar(255) not null, `password` varchar(255) not null, `user_id` bigint unsigned not null auto_increment primary key, `credit_id` bigint unsigned not null auto_increment primary key, `document_id` bigint unsigned not null auto_increment primary key) default character set utf8mb4 collate 'utf8mb4_unicode_ci') {"exception":"[object] (Illuminate\\Database\\QueryException(code: 42000): SQLSTATE[42000]: Syntax error or access violation: 1075 Incorrect table definition; there can be only one auto column and it must be defined as a key (Connection: mysql, Host: 127.0.0.1, Port: 3306, Database: mydatabase, SQL: create table `account` (`id` bigint unsigned not null auto_increment primary key, `created_at` varchar(255) not null, `updated_at` varchar(255) not null, `email` varchar(255) not null, `password` varchar(255) not null, `user_id` bigint unsigned not null auto_increment primary key, `credit_id` bigint unsigned not null auto_increment primary key, `document_id` bigint unsigned not null auto_increment primary key) default character set utf8mb4 collate 'utf8mb4_unicode_ci') at C:/xamppnew/htdocs/SSP2-Assignment/Application/TyperDis/vendor/laravel/framework/src/Illuminate/Database/Connection.php:857)
[stacktrace]
#0 C:/xamppnew/htdocs/SSP2-Assignment/Application/TyperDis/vendor/laravel/framework/src/Illuminate/Database/Connection.php(813): Illuminate/Database/Connection->runQueryCallback()
#1 C:/xamppnew/htdocs/SSP2-Assignment/Application/TyperDis/vendor/laravel/framework/src/Illuminate/Database/Connection.php(590): Illuminate/Database/Connection->run()
#2 C:/xamppnew/htdocs/SSP2-Assignment/Application/TyperDis/vendor/laravel/framework/src/Illuminate/Database/Schema/Blueprint.php(122): Illuminate/Database/Connection->statement()
#3 C:/xamppnew/htdocs/SSP2-Assignment/Application/TyperDis/vendor/laravel/framework/src/Illuminate/Database/Schema/Builder.php(702): Illuminate/Database/Schema/Blueprint->build()
#4 C:/xamppnew/htdocs/SSP2-Assignment/Application/TyperDis/vendor/laravel/framework/src/Illuminate/Database/Schema/Builder.php(520): Illuminate/Database/Schema/Builder->build()
#5 C:/xamppnew/htdocs/SSP2-Assignment/Application/TyperDis/vendor/laravel/framework/src/Illuminate/Support/Facades/Facade.php(364): Illuminate/Database/Schema/Builder->create()
#6 C:/xamppnew/htdocs/SSP2-Assignment/Application/TyperDis/database/migrations/2026_09_10_012944_create_account_table.php(14): Illuminate/Support/Facades/Facade::__callStatic()
#7 C:/xamppnew/htdocs/SSP2-Assignment/Application/TyperDis/vendor/laravel/framework/src/Illuminate/Database/Migrations/Migrator.php(517): Illuminate/Database/Migrations/Migration@anonymous->up()
#8 C:/xamppnew/htdocs/SSP2-Assignment/Application/TyperDis/vendor/laravel/framework/src/Illuminate/Database/Migrations/Migrator.php(442): Illuminate/Database/Migrations/Migrator->runMethod()
#9 C:/xamppnew/htdocs/SSP2-Assignment/Application/TyperDis/vendor/laravel/framework/src/Illuminate/Database/Migrations/Migrator.php(451): Illuminate/Database/Migrations/Migrator->{closure:Illuminate/Database/Migrations/Migrator::runMigration():438}()
#10 C:/xamppnew/htdocs/SSP2-Assignment/Application/TyperDis/vendor/laravel/framework/src/Illuminate/Database/Migrations/Migrator.php(253): Illuminate/Database/Migrations/Migrator->runMigration()
#11 C:/xamppnew/htdocs/SSP2-Assignment/Application/TyperDis/vendor/laravel/framework/src/Illuminate/Console/View/Components/Task.php(43): Illuminate/Database/Migrations/Migrator->{closure:Illuminate/Database/Migrations/Migrator::runUp():253}()
#12 C:/xamppnew/htdocs/SSP2-Assignment/Application/TyperDis/vendor/laravel/framework/src/Illuminate/Database/Migrations/Migrator.php(853): Illuminate/Console/View/Components/Task->render()
#13 C:/xamppnew/htdocs/SSP2-Assignment/Application/TyperDis/vendor/laravel/framework/src/Illuminate/Database/Migrations/Migrator.php(253): Illuminate/Database/Migrations/Migrator->write()
#14 C:/xamppnew/htdocs/SSP2-Assignment/Application/TyperDis/vendor/laravel/framework/src/Illuminate/Database/Migrations/Migrator.php(211): Illuminate/Database/Migrations/Migrator->runUp()
#15 C:/xamppnew/htdocs/SSP2-Assignment/Application/TyperDis/vendor/laravel/framework/src/Illuminate/Database/Migrations/Migrator.php(138): Illuminate/Database/Migrations/Migrator->runPending()
#16 C:/xamppnew/htdocs/SSP2-Assignment/Application/TyperDis/vendor/laravel/framework/src/Illuminate/Database/Console/Migrations/MigrateCommand.php(118): Illuminate/Database/Migrations/Migrator->run()
#17 C:/xamppnew/htdocs/SSP2-Assignment/Application/TyperDis/vendor/laravel/framework/src/Illuminate/Database/Migrations/Migrator.php(672): Illuminate/Database/Console/Migrations/MigrateCommand->{closure:Illuminate/Database/Console/Migrations/MigrateCommand::runMigrations():111}()
#18 C:/xamppnew/htdocs/SSP2-Assignment/Application/TyperDis/vendor/laravel/framework/src/Illuminate/Database/Console/Migrations/MigrateCommand.php(111): Illuminate/Database/Migrations/Migrator->usingConnection()
#19 C:/xamppnew/htdocs/SSP2-Assignment/Application/TyperDis/vendor/laravel/framework/src/Illuminate/Database/Console/Migrations/MigrateCommand.php(90): Illuminate/Database/Console/Migrations/MigrateCommand->runMigrations()
#20 C:/xamppnew/htdocs/SSP2-Assignment/Application/TyperDis/vendor/laravel/framework/src/Illuminate/Container/BoundMethod.php(36): Illuminate/Database/Console/Migrations/MigrateCommand->handle()
#21 C:/xamppnew/htdocs/SSP2-Assignment/Application/TyperDis/vendor/laravel/framework/src/Illuminate/Container/Util.php(43): Illuminate/Container/BoundMethod::{closure:Illuminate/Container/BoundMethod::call():35}()
#22 C:/xamppnew/htdocs/SSP2-Assignment/Application/TyperDis/vendor/laravel/framework/src/Illuminate/Container/BoundMethod.php(96): Illuminate/Container/Util::unwrapIfClosure()
#23 C:/xamppnew/htdocs/SSP2-Assignment/Application/TyperDis/vendor/laravel/framework/src/Illuminate/Container/BoundMethod.php(35): Illuminate/Container/BoundMethod::callBoundMethod()
#24 C:/xamppnew/htdocs/SSP2-Assignment/Application/TyperDis/vendor/laravel/framework/src/Illuminate/Container/Container.php(803): Illuminate/Container/BoundMethod::call()
#25 C:/xamppnew/htdocs/SSP2-Assignment/Application/TyperDis/vendor/laravel/framework/src/Illuminate/Console/Command.php(292): Illuminate/Container/Container->call()
#26 C:/xamppnew/htdocs/SSP2-Assignment/Application/TyperDis/vendor/symfony/console/Command/Command.php(285): Illuminate/Console/Command->execute()
#27 C:/xamppnew/htdocs/SSP2-Assignment/Application/TyperDis/vendor/laravel/framework/src/Illuminate/Console/Command.php(261): Symfony/Component/Console/Command/Command->run()
#28 C:/xamppnew/htdocs/SSP2-Assignment/Application/TyperDis/vendor/laravel/framework/src/Illuminate/Console/Concerns/CallsCommands.php(68): Illuminate/Console/Command->run()
#29 C:/xamppnew/htdocs/SSP2-Assignment/Application/TyperDis/vendor/laravel/framework/src/Illuminate/Console/Concerns/CallsCommands.php(29): Illuminate/Console/Command->runCommand()
#30 C:/xamppnew/htdocs/SSP2-Assignment/Application/TyperDis/vendor/laravel/framework/src/Illuminate/Database/Console/Migrations/FreshCommand.php(96): Illuminate/Console/Command->call()
#31 C:/xamppnew/htdocs/SSP2-Assignment/Application/TyperDis/vendor/laravel/framework/src/Illuminate/Container/BoundMethod.php(36): Illuminate/Database/Console/Migrations/FreshCommand->handle()
#32 C:/xamppnew/htdocs/SSP2-Assignment/Application/TyperDis/vendor/laravel/framework/src/Illuminate/Container/Util.php(43): Illuminate/Container/BoundMethod::{closure:Illuminate/Container/BoundMethod::call():35}()
#33 C:/xamppnew/htdocs/SSP2-Assignment/Application/TyperDis/vendor/laravel/framework/src/Illuminate/Container/BoundMethod.php(96): Illuminate/Container/Util::unwrapIfClosure()
#34 C:/xamppnew/htdocs/SSP2-Assignment/Application/TyperDis/vendor/laravel/framework/src/Illuminate/Container/BoundMethod.php(35): Illuminate/Container/BoundMethod::callBoundMethod()
#35 C:/xamppnew/htdocs/SSP2-Assignment/Application/TyperDis/vendor/laravel/framework/src/Illuminate/Container/Container.php(803): Illuminate/Container/BoundMethod::call()
#36 C:/xamppnew/htdocs/SSP2-Assignment/Application/TyperDis/vendor/laravel/framework/src/Illuminate/Console/Command.php(292): Illuminate/Container/Container->call()
#37 C:/xamppnew/htdocs/SSP2-Assignment/Application/TyperDis/vendor/symfony/console/Command/Command.php(285): Illuminate/Console/Command->execute()
#38 C:/xamppnew/htdocs/SSP2-Assignment/Application/TyperDis/vendor/laravel/framework/src/Illuminate/Console/Command.php(261): Symfony/Component/Console/Command/Command->run()
#39 C:/xamppnew/htdocs/SSP2-Assignment/Application/TyperDis/vendor/symfony/console/Application.php(1144): Illuminate/Console/Command->run()
#40 C:/xamppnew/htdocs/SSP2-Assignment/Application/TyperDis/vendor/symfony/console/Application.php(379): Symfony/Component/Console/Application->doRunCommand()
#41 C:/xamppnew/htdocs/SSP2-Assignment/Application/TyperDis/vendor/symfony/console/Application.php(218): Symfony/Component/Console/Application->doRun()
#42 C:/xamppnew/htdocs/SSP2-Assignment/Application/TyperDis/vendor/laravel/framework/src/Illuminate/Foundation/Console/Kernel.php(198): Symfony/Component/Console/Application->run()
#43 C:/xamppnew/htdocs/SSP2-Assignment/Application/TyperDis/vendor/laravel/framework/src/Illuminate/Foundation/Application.php(1242): Illuminate/Foundation/Console/Kernel->handle()
#44 C:/xamppnew/htdocs/SSP2-Assignment/Application/TyperDis/artisan(16): Illuminate/Foundation/Application->handleCommand()
#45 {main}

[previous exception] [object] (PDOException(code: 42000): SQLSTATE[42000]: Syntax error or access violation: 1075 Incorrect table definition; there can be only one auto column and it must be defined as a key at C:/xamppnew/htdocs/SSP2-Assignment/Application/TyperDis/vendor/laravel/framework/src/Illuminate/Database/Connection.php:601)
[stacktrace]
#0 C:/xamppnew/htdocs/SSP2-Assignment/Application/TyperDis/vendor/laravel/framework/src/Illuminate/Database/Connection.php(601): PDOStatement->execute()
#1 C:/xamppnew/htdocs/SSP2-Assignment/Application/TyperDis/vendor/laravel/framework/src/Illuminate/Database/Connection.php(846): Illuminate/Database/Connection->{closure:Illuminate/Database/Connection::statement():590}()
#2 C:/xamppnew/htdocs/SSP2-Assignment/Application/TyperDis/vendor/laravel/framework/src/Illuminate/Database/Connection.php(813): Illuminate/Database/Connection->runQueryCallback()
#3 C:/xamppnew/htdocs/SSP2-Assignment/Application/TyperDis/vendor/laravel/framework/src/Illuminate/Database/Connection.php(590): Illuminate/Database/Connection->run()
#4 C:/xamppnew/htdocs/SSP2-Assignment/Application/TyperDis/vendor/laravel/framework/src/Illuminate/Database/Schema/Blueprint.php(122): Illuminate/Database/Connection->statement()
#5 C:/xamppnew/htdocs/SSP2-Assignment/Application/TyperDis/vendor/laravel/framework/src/Illuminate/Database/Schema/Builder.php(702): Illuminate/Database/Schema/Blueprint->build()
#6 C:/xamppnew/htdocs/SSP2-Assignment/Application/TyperDis/vendor/laravel/framework/src/Illuminate/Database/Schema/Builder.php(520): Illuminate/Database/Schema/Builder->build()
#7 C:/xamppnew/htdocs/SSP2-Assignment/Application/TyperDis/vendor/laravel/framework/src/Illuminate/Support/Facades/Facade.php(364): Illuminate/Database/Schema/Builder->create()
#8 C:/xamppnew/htdocs/SSP2-Assignment/Application/TyperDis/database/migrations/2026_09_10_012944_create_account_table.php(14): Illuminate/Support/Facades/Facade::__callStatic()
#9 C:/xamppnew/htdocs/SSP2-Assignment/Application/TyperDis/vendor/laravel/framework/src/Illuminate/Database/Migrations/Migrator.php(517): Illuminate/Database/Migrations/Migration@anonymous->up()
#10 C:/xamppnew/htdocs/SSP2-Assignment/Application/TyperDis/vendor/laravel/framework/src/Illuminate/Database/Migrations/Migrator.php(442): Illuminate/Database/Migrations/Migrator->runMethod()
#11 C:/xamppnew/htdocs/SSP2-Assignment/Application/TyperDis/vendor/laravel/framework/src/Illuminate/Database/Migrations/Migrator.php(451): Illuminate/Database/Migrations/Migrator->{closure:Illuminate/Database/Migrations/Migrator::runMigration():438}()
#12 C:/xamppnew/htdocs/SSP2-Assignment/Application/TyperDis/vendor/laravel/framework/src/Illuminate/Database/Migrations/Migrator.php(253): Illuminate/Database/Migrations/Migrator->runMigration()
#13 C:/xamppnew/htdocs/SSP2-Assignment/Application/TyperDis/vendor/laravel/framework/src/Illuminate/Console/View/Components/Task.php(43): Illuminate/Database/Migrations/Migrator->{closure:Illuminate/Database/Migrations/Migrator::runUp():253}()
#14 C:/xamppnew/htdocs/SSP2-Assignment/Application/TyperDis/vendor/laravel/framework/src/Illuminate/Database/Migrations/Migrator.php(853): Illuminate/Console/View/Components/Task->render()
#15 C:/xamppnew/htdocs/SSP2-Assignment/Application/TyperDis/vendor/laravel/framework/src/Illuminate/Database/Migrations/Migrator.php(253): Illuminate/Database/Migrations/Migrator->write()
#16 C:/xamppnew/htdocs/SSP2-Assignment/Application/TyperDis/vendor/laravel/framework/src/Illuminate/Database/Migrations/Migrator.php(211): Illuminate/Database/Migrations/Migrator->runUp()
#17 C:/xamppnew/htdocs/SSP2-Assignment/Application/TyperDis/vendor/laravel/framework/src/Illuminate/Database/Migrations/Migrator.php(138): Illuminate/Database/Migrations/Migrator->runPending()
#18 C:/xamppnew/htdocs/SSP2-Assignment/Application/TyperDis/vendor/laravel/framework/src/Illuminate/Database/Console/Migrations/MigrateCommand.php(118): Illuminate/Database/Migrations/Migrator->run()
#19 C:/xamppnew/htdocs/SSP2-Assignment/Application/TyperDis/vendor/laravel/framework/src/Illuminate/Database/Migrations/Migrator.php(672): Illuminate/Database/Console/Migrations/MigrateCommand->{closure:Illuminate/Database/Console/Migrations/MigrateCommand::runMigrations():111}()
#20 C:/xamppnew/htdocs/SSP2-Assignment/Application/TyperDis/vendor/laravel/framework/src/Illuminate/Database/Console/Migrations/MigrateCommand.php(111): Illuminate/Database/Migrations/Migrator->usingConnection()
#21 C:/xamppnew/htdocs/SSP2-Assignment/Application/TyperDis/vendor/laravel/framework/src/Illuminate/Database/Console/Migrations/MigrateCommand.php(90): Illuminate/Database/Console/Migrations/MigrateCommand->runMigrations()
#22 C:/xamppnew/htdocs/SSP2-Assignment/Application/TyperDis/vendor/laravel/framework/src/Illuminate/Container/BoundMethod.php(36): Illuminate/Database/Console/Migrations/MigrateCommand->handle()
#23 C:/xamppnew/htdocs/SSP2-Assignment/Application/TyperDis/vendor/laravel/framework/src/Illuminate/Container/Util.php(43): Illuminate/Container/BoundMethod::{closure:Illuminate/Container/BoundMethod::call():35}()
#24 C:/xamppnew/htdocs/SSP2-Assignment/Application/TyperDis/vendor/laravel/framework/src/Illuminate/Container/BoundMethod.php(96): Illuminate/Container/Util::unwrapIfClosure()
#25 C:/xamppnew/htdocs/SSP2-Assignment/Application/TyperDis/vendor/laravel/framework/src/Illuminate/Container/BoundMethod.php(35): Illuminate/Container/BoundMethod::callBoundMethod()
#26 C:/xamppnew/htdocs/SSP2-Assignment/Application/TyperDis/vendor/laravel/framework/src/Illuminate/Container/Container.php(803): Illuminate/Container/BoundMethod::call()
#27 C:/xamppnew/htdocs/SSP2-Assignment/Application/TyperDis/vendor/laravel/framework/src/Illuminate/Console/Command.php(292): Illuminate/Container/Container->call()
#28 C:/xamppnew/htdocs/SSP2-Assignment/Application/TyperDis/vendor/symfony/console/Command/Command.php(285): Illuminate/Console/Command->execute()
#29 C:/xamppnew/htdocs/SSP2-Assignment/Application/TyperDis/vendor/laravel/framework/src/Illuminate/Console/Command.php(261): Symfony/Component/Console/Command/Command->run()
#30 C:/xamppnew/htdocs/SSP2-Assignment/Application/TyperDis/vendor/laravel/framework/src/Illuminate/Console/Concerns/CallsCommands.php(68): Illuminate/Console/Command->run()
#31 C:/xamppnew/htdocs/SSP2-Assignment/Application/TyperDis/vendor/laravel/framework/src/Illuminate/Console/Concerns/CallsCommands.php(29): Illuminate/Console/Command->runCommand()
#32 C:/xamppnew/htdocs/SSP2-Assignment/Application/TyperDis/vendor/laravel/framework/src/Illuminate/Database/Console/Migrations/FreshCommand.php(96): Illuminate/Console/Command->call()
#33 C:/xamppnew/htdocs/SSP2-Assignment/Application/TyperDis/vendor/laravel/framework/src/Illuminate/Container/BoundMethod.php(36): Illuminate/Database/Console/Migrations/FreshCommand->handle()
#34 C:/xamppnew/htdocs/SSP2-Assignment/Application/TyperDis/vendor/laravel/framework/src/Illuminate/Container/Util.php(43): Illuminate/Container/BoundMethod::{closure:Illuminate/Container/BoundMethod::call():35}()
#35 C:/xamppnew/htdocs/SSP2-Assignment/Application/TyperDis/vendor/laravel/framework/src/Illuminate/Container/BoundMethod.php(96): Illuminate/Container/Util::unwrapIfClosure()
#36 C:/xamppnew/htdocs/SSP2-Assignment/Application/TyperDis/vendor/laravel/framework/src/Illuminate/Container/BoundMethod.php(35): Illuminate/Container/BoundMethod::callBoundMethod()
#37 C:/xamppnew/htdocs/SSP2-Assignment/Application/TyperDis/vendor/laravel/framework/src/Illuminate/Container/Container.php(803): Illuminate/Container/BoundMethod::call()
#38 C:/xamppnew/htdocs/SSP2-Assignment/Application/TyperDis/vendor/laravel/framework/src/Illuminate/Console/Command.php(292): Illuminate/Container/Container->call()
#39 C:/xamppnew/htdocs/SSP2-Assignment/Application/TyperDis/vendor/symfony/console/Command/Command.php(285): Illuminate/Console/Command->execute()
#40 C:/xamppnew/htdocs/SSP2-Assignment/Application/TyperDis/vendor/laravel/framework/src/Illuminate/Console/Command.php(261): Symfony/Component/Console/Command/Command->run()
#41 C:/xamppnew/htdocs/SSP2-Assignment/Application/TyperDis/vendor/symfony/console/Application.php(1144): Illuminate/Console/Command->run()
#42 C:/xamppnew/htdocs/SSP2-Assignment/Application/TyperDis/vendor/symfony/console/Application.php(379): Symfony/Component/Console/Application->doRunCommand()
#43 C:/xamppnew/htdocs/SSP2-Assignment/Application/TyperDis/vendor/symfony/console/Application.php(218): Symfony/Component/Console/Application->doRun()
#44 C:/xamppnew/htdocs/SSP2-Assignment/Application/TyperDis/vendor/laravel/framework/src/Illuminate/Foundation/Console/Kernel.php(198): Symfony/Component/Console/Application->run()
#45 C:/xamppnew/htdocs/SSP2-Assignment/Application/TyperDis/vendor/laravel/framework/src/Illuminate/Foundation/Application.php(1242): Illuminate/Foundation/Console/Kernel->handle()
#46 C:/xamppnew/htdocs/SSP2-Assignment/Application/TyperDis/artisan(16): Illuminate/Foundation/Application->handleCommand()
#47 {main}
"} 
[2026-09-11 04:49:41] local.ERROR: SQLSTATE[42000]: Syntax error or access violation: 1067 Invalid default value for 'updated_at' (Connection: mysql, Host: 127.0.0.1, Port: 3306, Database: mydatabase, SQL: create table `account` (`id` bigint unsigned not null auto_increment primary key, `created_at` timestamp not null, `updated_at` timestamp not null, `email` varchar(255) not null, `password` varchar(255) not null, `user_id` bigint unsigned not null) default character set utf8mb4 collate 'utf8mb4_unicode_ci') {"exception":"[object] (Illuminate\\Database\\QueryException(code: 42000): SQLSTATE[42000]: Syntax error or access violation: 1067 Invalid default value for 'updated_at' (Connection: mysql, Host: 127.0.0.1, Port: 3306, Database: mydatabase, SQL: create table `account` (`id` bigint unsigned not null auto_increment primary key, `created_at` timestamp not null, `updated_at` timestamp not null, `email` varchar(255) not null, `password` varchar(255) not null, `user_id` bigint unsigned not null) default character set utf8mb4 collate 'utf8mb4_unicode_ci') at C:/xamppnew/htdocs/SSP2-Assignment/Application/TyperDis/vendor/laravel/framework/src/Illuminate/Database/Connection.php:857)
[stacktrace]
#0 C:/xamppnew/htdocs/SSP2-Assignment/Application/TyperDis/vendor/laravel/framework/src/Illuminate/Database/Connection.php(813): Illuminate/Database/Connection->runQueryCallback()
#1 C:/xamppnew/htdocs/SSP2-Assignment/Application/TyperDis/vendor/laravel/framework/src/Illuminate/Database/Connection.php(590): Illuminate/Database/Connection->run()
#2 C:/xamppnew/htdocs/SSP2-Assignment/Application/TyperDis/vendor/laravel/framework/src/Illuminate/Database/Schema/Blueprint.php(122): Illuminate/Database/Connection->statement()
#3 C:/xamppnew/htdocs/SSP2-Assignment/Application/TyperDis/vendor/laravel/framework/src/Illuminate/Database/Schema/Builder.php(702): Illuminate/Database/Schema/Blueprint->build()
#4 C:/xamppnew/htdocs/SSP2-Assignment/Application/TyperDis/vendor/laravel/framework/src/Illuminate/Database/Schema/Builder.php(520): Illuminate/Database/Schema/Builder->build()
#5 C:/xamppnew/htdocs/SSP2-Assignment/Application/TyperDis/vendor/laravel/framework/src/Illuminate/Support/Facades/Facade.php(364): Illuminate/Database/Schema/Builder->create()
#6 C:/xamppnew/htdocs/SSP2-Assignment/Application/TyperDis/database/migrations/2026_09_10_012944_create_account_table.php(14): Illuminate/Support/Facades/Facade::__callStatic()
#7 C:/xamppnew/htdocs/SSP2-Assignment/Application/TyperDis/vendor/laravel/framework/src/Illuminate/Database/Migrations/Migrator.php(517): Illuminate/Database/Migrations/Migration@anonymous->up()
#8 C:/xamppnew/htdocs/SSP2-Assignment/Application/TyperDis/vendor/laravel/framework/src/Illuminate/Database/Migrations/Migrator.php(442): Illuminate/Database/Migrations/Migrator->runMethod()
#9 C:/xamppnew/htdocs/SSP2-Assignment/Application/TyperDis/vendor/laravel/framework/src/Illuminate/Database/Migrations/Migrator.php(451): Illuminate/Database/Migrations/Migrator->{closure:Illuminate/Database/Migrations/Migrator::runMigration():438}()
#10 C:/xamppnew/htdocs/SSP2-Assignment/Application/TyperDis/vendor/laravel/framework/src/Illuminate/Database/Migrations/Migrator.php(253): Illuminate/Database/Migrations/Migrator->runMigration()
#11 C:/xamppnew/htdocs/SSP2-Assignment/Application/TyperDis/vendor/laravel/framework/src/Illuminate/Console/View/Components/Task.php(43): Illuminate/Database/Migrations/Migrator->{closure:Illuminate/Database/Migrations/Migrator::runUp():253}()
#12 C:/xamppnew/htdocs/SSP2-Assignment/Application/TyperDis/vendor/laravel/framework/src/Illuminate/Database/Migrations/Migrator.php(853): Illuminate/Console/View/Components/Task->render()
#13 C:/xamppnew/htdocs/SSP2-Assignment/Application/TyperDis/vendor/laravel/framework/src/Illuminate/Database/Migrations/Migrator.php(253): Illuminate/Database/Migrations/Migrator->write()
#14 C:/xamppnew/htdocs/SSP2-Assignment/Application/TyperDis/vendor/laravel/framework/src/Illuminate/Database/Migrations/Migrator.php(211): Illuminate/Database/Migrations/Migrator->runUp()
#15 C:/xamppnew/htdocs/SSP2-Assignment/Application/TyperDis/vendor/laravel/framework/src/Illuminate/Database/Migrations/Migrator.php(138): Illuminate/Database/Migrations/Migrator->runPending()
#16 C:/xamppnew/htdocs/SSP2-Assignment/Application/TyperDis/vendor/laravel/framework/src/Illuminate/Database/Console/Migrations/MigrateCommand.php(118): Illuminate/Database/Migrations/Migrator->run()
#17 C:/xamppnew/htdocs/SSP2-Assignment/Application/TyperDis/vendor/laravel/framework/src/Illuminate/Database/Migrations/Migrator.php(672): Illuminate/Database/Console/Migrations/MigrateCommand->{closure:Illuminate/Database/Console/Migrations/MigrateCommand::runMigrations():111}()
#18 C:/xamppnew/htdocs/SSP2-Assignment/Application/TyperDis/vendor/laravel/framework/src/Illuminate/Database/Console/Migrations/MigrateCommand.php(111): Illuminate/Database/Migrations/Migrator->usingConnection()
#19 C:/xamppnew/htdocs/SSP2-Assignment/Application/TyperDis/vendor/laravel/framework/src/Illuminate/Database/Console/Migrations/MigrateCommand.php(90): Illuminate/Database/Console/Migrations/MigrateCommand->runMigrations()
#20 C:/xamppnew/htdocs/SSP2-Assignment/Application/TyperDis/vendor/laravel/framework/src/Illuminate/Container/BoundMethod.php(36): Illuminate/Database/Console/Migrations/MigrateCommand->handle()
#21 C:/xamppnew/htdocs/SSP2-Assignment/Application/TyperDis/vendor/laravel/framework/src/Illuminate/Container/Util.php(43): Illuminate/Container/BoundMethod::{closure:Illuminate/Container/BoundMethod::call():35}()
#22 C:/xamppnew/htdocs/SSP2-Assignment/Application/TyperDis/vendor/laravel/framework/src/Illuminate/Container/BoundMethod.php(96): Illuminate/Container/Util::unwrapIfClosure()
#23 C:/xamppnew/htdocs/SSP2-Assignment/Application/TyperDis/vendor/laravel/framework/src/Illuminate/Container/BoundMethod.php(35): Illuminate/Container/BoundMethod::callBoundMethod()
#24 C:/xamppnew/htdocs/SSP2-Assignment/Application/TyperDis/vendor/laravel/framework/src/Illuminate/Container/Container.php(803): Illuminate/Container/BoundMethod::call()
#25 C:/xamppnew/htdocs/SSP2-Assignment/Application/TyperDis/vendor/laravel/framework/src/Illuminate/Console/Command.php(292): Illuminate/Container/Container->call()
#26 C:/xamppnew/htdocs/SSP2-Assignment/Application/TyperDis/vendor/symfony/console/Command/Command.php(285): Illuminate/Console/Command->execute()
#27 C:/xamppnew/htdocs/SSP2-Assignment/Application/TyperDis/vendor/laravel/framework/src/Illuminate/Console/Command.php(261): Symfony/Component/Console/Command/Command->run()
#28 C:/xamppnew/htdocs/SSP2-Assignment/Application/TyperDis/vendor/laravel/framework/src/Illuminate/Console/Concerns/CallsCommands.php(68): Illuminate/Console/Command->run()
#29 C:/xamppnew/htdocs/SSP2-Assignment/Application/TyperDis/vendor/laravel/framework/src/Illuminate/Console/Concerns/CallsCommands.php(29): Illuminate/Console/Command->runCommand()
#30 C:/xamppnew/htdocs/SSP2-Assignment/Application/TyperDis/vendor/laravel/framework/src/Illuminate/Database/Console/Migrations/FreshCommand.php(96): Illuminate/Console/Command->call()
#31 C:/xamppnew/htdocs/SSP2-Assignment/Application/TyperDis/vendor/laravel/framework/src/Illuminate/Container/BoundMethod.php(36): Illuminate/Database/Console/Migrations/FreshCommand->handle()
#32 C:/xamppnew/htdocs/SSP2-Assignment/Application/TyperDis/vendor/laravel/framework/src/Illuminate/Container/Util.php(43): Illuminate/Container/BoundMethod::{closure:Illuminate/Container/BoundMethod::call():35}()
#33 C:/xamppnew/htdocs/SSP2-Assignment/Application/TyperDis/vendor/laravel/framework/src/Illuminate/Container/BoundMethod.php(96): Illuminate/Container/Util::unwrapIfClosure()
#34 C:/xamppnew/htdocs/SSP2-Assignment/Application/TyperDis/vendor/laravel/framework/src/Illuminate/Container/BoundMethod.php(35): Illuminate/Container/BoundMethod::callBoundMethod()
#35 C:/xamppnew/htdocs/SSP2-Assignment/Application/TyperDis/vendor/laravel/framework/src/Illuminate/Container/Container.php(803): Illuminate/Container/BoundMethod::call()
#36 C:/xamppnew/htdocs/SSP2-Assignment/Application/TyperDis/vendor/laravel/framework/src/Illuminate/Console/Command.php(292): Illuminate/Container/Container->call()
#37 C:/xamppnew/htdocs/SSP2-Assignment/Application/TyperDis/vendor/symfony/console/Command/Command.php(285): Illuminate/Console/Command->execute()
#38 C:/xamppnew/htdocs/SSP2-Assignment/Application/TyperDis/vendor/laravel/framework/src/Illuminate/Console/Command.php(261): Symfony/Component/Console/Command/Command->run()
#39 C:/xamppnew/htdocs/SSP2-Assignment/Application/TyperDis/vendor/symfony/console/Application.php(1144): Illuminate/Console/Command->run()
#40 C:/xamppnew/htdocs/SSP2-Assignment/Application/TyperDis/vendor/symfony/console/Application.php(379): Symfony/Component/Console/Application->doRunCommand()
#41 C:/xamppnew/htdocs/SSP2-Assignment/Application/TyperDis/vendor/symfony/console/Application.php(218): Symfony/Component/Console/Application->doRun()
#42 C:/xamppnew/htdocs/SSP2-Assignment/Application/TyperDis/vendor/laravel/framework/src/Illuminate/Foundation/Console/Kernel.php(198): Symfony/Component/Console/Application->run()
#43 C:/xamppnew/htdocs/SSP2-Assignment/Application/TyperDis/vendor/laravel/framework/src/Illuminate/Foundation/Application.php(1242): Illuminate/Foundation/Console/Kernel->handle()
#44 C:/xamppnew/htdocs/SSP2-Assignment/Application/TyperDis/artisan(16): Illuminate/Foundation/Application->handleCommand()
#45 {main}

[previous exception] [object] (PDOException(code: 42000): SQLSTATE[42000]: Syntax error or access violation: 1067 Invalid default value for 'updated_at' at C:/xamppnew/htdocs/SSP2-Assignment/Application/TyperDis/vendor/laravel/framework/src/Illuminate/Database/Connection.php:601)
[stacktrace]
#0 C:/xamppnew/htdocs/SSP2-Assignment/Application/TyperDis/vendor/laravel/framework/src/Illuminate/Database/Connection.php(601): PDOStatement->execute()
#1 C:/xamppnew/htdocs/SSP2-Assignment/Application/TyperDis/vendor/laravel/framework/src/Illuminate/Database/Connection.php(846): Illuminate/Database/Connection->{closure:Illuminate/Database/Connection::statement():590}()
#2 C:/xamppnew/htdocs/SSP2-Assignment/Application/TyperDis/vendor/laravel/framework/src/Illuminate/Database/Connection.php(813): Illuminate/Database/Connection->runQueryCallback()
#3 C:/xamppnew/htdocs/SSP2-Assignment/Application/TyperDis/vendor/laravel/framework/src/Illuminate/Database/Connection.php(590): Illuminate/Database/Connection->run()
#4 C:/xamppnew/htdocs/SSP2-Assignment/Application/TyperDis/vendor/laravel/framework/src/Illuminate/Database/Schema/Blueprint.php(122): Illuminate/Database/Connection->statement()
#5 C:/xamppnew/htdocs/SSP2-Assignment/Application/TyperDis/vendor/laravel/framework/src/Illuminate/Database/Schema/Builder.php(702): Illuminate/Database/Schema/Blueprint->build()
#6 C:/xamppnew/htdocs/SSP2-Assignment/Application/TyperDis/vendor/laravel/framework/src/Illuminate/Database/Schema/Builder.php(520): Illuminate/Database/Schema/Builder->build()
#7 C:/xamppnew/htdocs/SSP2-Assignment/Application/TyperDis/vendor/laravel/framework/src/Illuminate/Support/Facades/Facade.php(364): Illuminate/Database/Schema/Builder->create()
#8 C:/xamppnew/htdocs/SSP2-Assignment/Application/TyperDis/database/migrations/2026_09_10_012944_create_account_table.php(14): Illuminate/Support/Facades/Facade::__callStatic()
#9 C:/xamppnew/htdocs/SSP2-Assignment/Application/TyperDis/vendor/laravel/framework/src/Illuminate/Database/Migrations/Migrator.php(517): Illuminate/Database/Migrations/Migration@anonymous->up()
#10 C:/xamppnew/htdocs/SSP2-Assignment/Application/TyperDis/vendor/laravel/framework/src/Illuminate/Database/Migrations/Migrator.php(442): Illuminate/Database/Migrations/Migrator->runMethod()
#11 C:/xamppnew/htdocs/SSP2-Assignment/Application/TyperDis/vendor/laravel/framework/src/Illuminate/Database/Migrations/Migrator.php(451): Illuminate/Database/Migrations/Migrator->{closure:Illuminate/Database/Migrations/Migrator::runMigration():438}()
#12 C:/xamppnew/htdocs/SSP2-Assignment/Application/TyperDis/vendor/laravel/framework/src/Illuminate/Database/Migrations/Migrator.php(253): Illuminate/Database/Migrations/Migrator->runMigration()
#13 C:/xamppnew/htdocs/SSP2-Assignment/Application/TyperDis/vendor/laravel/framework/src/Illuminate/Console/View/Components/Task.php(43): Illuminate/Database/Migrations/Migrator->{closure:Illuminate/Database/Migrations/Migrator::runUp():253}()
#14 C:/xamppnew/htdocs/SSP2-Assignment/Application/TyperDis/vendor/laravel/framework/src/Illuminate/Database/Migrations/Migrator.php(853): Illuminate/Console/View/Components/Task->render()
#15 C:/xamppnew/htdocs/SSP2-Assignment/Application/TyperDis/vendor/laravel/framework/src/Illuminate/Database/Migrations/Migrator.php(253): Illuminate/Database/Migrations/Migrator->write()
#16 C:/xamppnew/htdocs/SSP2-Assignment/Application/TyperDis/vendor/laravel/framework/src/Illuminate/Database/Migrations/Migrator.php(211): Illuminate/Database/Migrations/Migrator->runUp()
#17 C:/xamppnew/htdocs/SSP2-Assignment/Application/TyperDis/vendor/laravel/framework/src/Illuminate/Database/Migrations/Migrator.php(138): Illuminate/Database/Migrations/Migrator->runPending()
#18 C:/xamppnew/htdocs/SSP2-Assignment/Application/TyperDis/vendor/laravel/framework/src/Illuminate/Database/Console/Migrations/MigrateCommand.php(118): Illuminate/Database/Migrations/Migrator->run()
#19 C:/xamppnew/htdocs/SSP2-Assignment/Application/TyperDis/vendor/laravel/framework/src/Illuminate/Database/Migrations/Migrator.php(672): Illuminate/Database/Console/Migrations/MigrateCommand->{closure:Illuminate/Database/Console/Migrations/MigrateCommand::runMigrations():111}()
#20 C:/xamppnew/htdocs/SSP2-Assignment/Application/TyperDis/vendor/laravel/framework/src/Illuminate/Database/Console/Migrations/MigrateCommand.php(111): Illuminate/Database/Migrations/Migrator->usingConnection()
#21 C:/xamppnew/htdocs/SSP2-Assignment/Application/TyperDis/vendor/laravel/framework/src/Illuminate/Database/Console/Migrations/MigrateCommand.php(90): Illuminate/Database/Console/Migrations/MigrateCommand->runMigrations()
#22 C:/xamppnew/htdocs/SSP2-Assignment/Application/TyperDis/vendor/laravel/framework/src/Illuminate/Container/BoundMethod.php(36): Illuminate/Database/Console/Migrations/MigrateCommand->handle()
#23 C:/xamppnew/htdocs/SSP2-Assignment/Application/TyperDis/vendor/laravel/framework/src/Illuminate/Container/Util.php(43): Illuminate/Container/BoundMethod::{closure:Illuminate/Container/BoundMethod::call():35}()
#24 C:/xamppnew/htdocs/SSP2-Assignment/Application/TyperDis/vendor/laravel/framework/src/Illuminate/Container/BoundMethod.php(96): Illuminate/Container/Util::unwrapIfClosure()
#25 C:/xamppnew/htdocs/SSP2-Assignment/Application/TyperDis/vendor/laravel/framework/src/Illuminate/Container/BoundMethod.php(35): Illuminate/Container/BoundMethod::callBoundMethod()
#26 C:/xamppnew/htdocs/SSP2-Assignment/Application/TyperDis/vendor/laravel/framework/src/Illuminate/Container/Container.php(803): Illuminate/Container/BoundMethod::call()
#27 C:/xamppnew/htdocs/SSP2-Assignment/Application/TyperDis/vendor/laravel/framework/src/Illuminate/Console/Command.php(292): Illuminate/Container/Container->call()
#28 C:/xamppnew/htdocs/SSP2-Assignment/Application/TyperDis/vendor/symfony/console/Command/Command.php(285): Illuminate/Console/Command->execute()
#29 C:/xamppnew/htdocs/SSP2-Assignment/Application/TyperDis/vendor/laravel/framework/src/Illuminate/Console/Command.php(261): Symfony/Component/Console/Command/Command->run()
#30 C:/xamppnew/htdocs/SSP2-Assignment/Application/TyperDis/vendor/laravel/framework/src/Illuminate/Console/Concerns/CallsCommands.php(68): Illuminate/Console/Command->run()
#31 C:/xamppnew/htdocs/SSP2-Assignment/Application/TyperDis/vendor/laravel/framework/src/Illuminate/Console/Concerns/CallsCommands.php(29): Illuminate/Console/Command->runCommand()
#32 C:/xamppnew/htdocs/SSP2-Assignment/Application/TyperDis/vendor/laravel/framework/src/Illuminate/Database/Console/Migrations/FreshCommand.php(96): Illuminate/Console/Command->call()
#33 C:/xamppnew/htdocs/SSP2-Assignment/Application/TyperDis/vendor/laravel/framework/src/Illuminate/Container/BoundMethod.php(36): Illuminate/Database/Console/Migrations/FreshCommand->handle()
#34 C:/xamppnew/htdocs/SSP2-Assignment/Application/TyperDis/vendor/laravel/framework/src/Illuminate/Container/Util.php(43): Illuminate/Container/BoundMethod::{closure:Illuminate/Container/BoundMethod::call():35}()
#35 C:/xamppnew/htdocs/SSP2-Assignment/Application/TyperDis/vendor/laravel/framework/src/Illuminate/Container/BoundMethod.php(96): Illuminate/Container/Util::unwrapIfClosure()
#36 C:/xamppnew/htdocs/SSP2-Assignment/Application/TyperDis/vendor/laravel/framework/src/Illuminate/Container/BoundMethod.php(35): Illuminate/Container/BoundMethod::callBoundMethod()
#37 C:/xamppnew/htdocs/SSP2-Assignment/Application/TyperDis/vendor/laravel/framework/src/Illuminate/Container/Container.php(803): Illuminate/Container/BoundMethod::call()
#38 C:/xamppnew/htdocs/SSP2-Assignment/Application/TyperDis/vendor/laravel/framework/src/Illuminate/Console/Command.php(292): Illuminate/Container/Container->call()
#39 C:/xamppnew/htdocs/SSP2-Assignment/Application/TyperDis/vendor/symfony/console/Command/Command.php(285): Illuminate/Console/Command->execute()
#40 C:/xamppnew/htdocs/SSP2-Assignment/Application/TyperDis/vendor/laravel/framework/src/Illuminate/Console/Command.php(261): Symfony/Component/Console/Command/Command->run()
#41 C:/xamppnew/htdocs/SSP2-Assignment/Application/TyperDis/vendor/symfony/console/Application.php(1144): Illuminate/Console/Command->run()
#42 C:/xamppnew/htdocs/SSP2-Assignment/Application/TyperDis/vendor/symfony/console/Application.php(379): Symfony/Component/Console/Application->doRunCommand()
#43 C:/xamppnew/htdocs/SSP2-Assignment/Application/TyperDis/vendor/symfony/console/Application.php(218): Symfony/Component/Console/Application->doRun()
#44 C:/xamppnew/htdocs/SSP2-Assignment/Application/TyperDis/vendor/laravel/framework/src/Illuminate/Foundation/Console/Kernel.php(198): Symfony/Component/Console/Application->run()
#45 C:/xamppnew/htdocs/SSP2-Assignment/Application/TyperDis/vendor/laravel/framework/src/Illuminate/Foundation/Application.php(1242): Illuminate/Foundation/Console/Kernel->handle()
#46 C:/xamppnew/htdocs/SSP2-Assignment/Application/TyperDis/artisan(16): Illuminate/Foundation/Application->handleCommand()
#47 {main}
"} 
[2026-09-11 04:52:38] local.ERROR: SQLSTATE[42000]: Syntax error or access violation: 1067 Invalid default value for 'updated_at' (Connection: mysql, Host: 127.0.0.1, Port: 3306, Database: mydatabase, SQL: create table `account` (`account_id` bigint unsigned not null auto_increment primary key, `created_at` timestamp not null, `updated_at` timestamp not null, `email` varchar(255) not null, `password` varchar(255) not null, `user_id` bigint unsigned not null) default character set utf8mb4 collate 'utf8mb4_unicode_ci') {"exception":"[object] (Illuminate\\Database\\QueryException(code: 42000): SQLSTATE[42000]: Syntax error or access violation: 1067 Invalid default value for 'updated_at' (Connection: mysql, Host: 127.0.0.1, Port: 3306, Database: mydatabase, SQL: create table `account` (`account_id` bigint unsigned not null auto_increment primary key, `created_at` timestamp not null, `updated_at` timestamp not null, `email` varchar(255) not null, `password` varchar(255) not null, `user_id` bigint unsigned not null) default character set utf8mb4 collate 'utf8mb4_unicode_ci') at C:/xamppnew/htdocs/SSP2-Assignment/Application/TyperDis/vendor/laravel/framework/src/Illuminate/Database/Connection.php:857)
[stacktrace]
#0 C:/xamppnew/htdocs/SSP2-Assignment/Application/TyperDis/vendor/laravel/framework/src/Illuminate/Database/Connection.php(813): Illuminate/Database/Connection->runQueryCallback()
#1 C:/xamppnew/htdocs/SSP2-Assignment/Application/TyperDis/vendor/laravel/framework/src/Illuminate/Database/Connection.php(590): Illuminate/Database/Connection->run()
#2 C:/xamppnew/htdocs/SSP2-Assignment/Application/TyperDis/vendor/laravel/framework/src/Illuminate/Database/Schema/Blueprint.php(122): Illuminate/Database/Connection->statement()
#3 C:/xamppnew/htdocs/SSP2-Assignment/Application/TyperDis/vendor/laravel/framework/src/Illuminate/Database/Schema/Builder.php(702): Illuminate/Database/Schema/Blueprint->build()
#4 C:/xamppnew/htdocs/SSP2-Assignment/Application/TyperDis/vendor/laravel/framework/src/Illuminate/Database/Schema/Builder.php(520): Illuminate/Database/Schema/Builder->build()
#5 C:/xamppnew/htdocs/SSP2-Assignment/Application/TyperDis/vendor/laravel/framework/src/Illuminate/Support/Facades/Facade.php(364): Illuminate/Database/Schema/Builder->create()
#6 C:/xamppnew/htdocs/SSP2-Assignment/Application/TyperDis/database/migrations/2026_09_10_012944_create_account_table.php(14): Illuminate/Support/Facades/Facade::__callStatic()
#7 C:/xamppnew/htdocs/SSP2-Assignment/Application/TyperDis/vendor/laravel/framework/src/Illuminate/Database/Migrations/Migrator.php(517): Illuminate/Database/Migrations/Migration@anonymous->up()
#8 C:/xamppnew/htdocs/SSP2-Assignment/Application/TyperDis/vendor/laravel/framework/src/Illuminate/Database/Migrations/Migrator.php(442): Illuminate/Database/Migrations/Migrator->runMethod()
#9 C:/xamppnew/htdocs/SSP2-Assignment/Application/TyperDis/vendor/laravel/framework/src/Illuminate/Database/Migrations/Migrator.php(451): Illuminate/Database/Migrations/Migrator->{closure:Illuminate/Database/Migrations/Migrator::runMigration():438}()
#10 C:/xamppnew/htdocs/SSP2-Assignment/Application/TyperDis/vendor/laravel/framework/src/Illuminate/Database/Migrations/Migrator.php(253): Illuminate/Database/Migrations/Migrator->runMigration()
#11 C:/xamppnew/htdocs/SSP2-Assignment/Application/TyperDis/vendor/laravel/framework/src/Illuminate/Console/View/Components/Task.php(43): Illuminate/Database/Migrations/Migrator->{closure:Illuminate/Database/Migrations/Migrator::runUp():253}()
#12 C:/xamppnew/htdocs/SSP2-Assignment/Application/TyperDis/vendor/laravel/framework/src/Illuminate/Database/Migrations/Migrator.php(853): Illuminate/Console/View/Components/Task->render()
#13 C:/xamppnew/htdocs/SSP2-Assignment/Application/TyperDis/vendor/laravel/framework/src/Illuminate/Database/Migrations/Migrator.php(253): Illuminate/Database/Migrations/Migrator->write()
#14 C:/xamppnew/htdocs/SSP2-Assignment/Application/TyperDis/vendor/laravel/framework/src/Illuminate/Database/Migrations/Migrator.php(211): Illuminate/Database/Migrations/Migrator->runUp()
#15 C:/xamppnew/htdocs/SSP2-Assignment/Application/TyperDis/vendor/laravel/framework/src/Illuminate/Database/Migrations/Migrator.php(138): Illuminate/Database/Migrations/Migrator->runPending()
#16 C:/xamppnew/htdocs/SSP2-Assignment/Application/TyperDis/vendor/laravel/framework/src/Illuminate/Database/Console/Migrations/MigrateCommand.php(118): Illuminate/Database/Migrations/Migrator->run()
#17 C:/xamppnew/htdocs/SSP2-Assignment/Application/TyperDis/vendor/laravel/framework/src/Illuminate/Database/Migrations/Migrator.php(672): Illuminate/Database/Console/Migrations/MigrateCommand->{closure:Illuminate/Database/Console/Migrations/MigrateCommand::runMigrations():111}()
#18 C:/xamppnew/htdocs/SSP2-Assignment/Application/TyperDis/vendor/laravel/framework/src/Illuminate/Database/Console/Migrations/MigrateCommand.php(111): Illuminate/Database/Migrations/Migrator->usingConnection()
#19 C:/xamppnew/htdocs/SSP2-Assignment/Application/TyperDis/vendor/laravel/framework/src/Illuminate/Database/Console/Migrations/MigrateCommand.php(90): Illuminate/Database/Console/Migrations/MigrateCommand->runMigrations()
#20 C:/xamppnew/htdocs/SSP2-Assignment/Application/TyperDis/vendor/laravel/framework/src/Illuminate/Container/BoundMethod.php(36): Illuminate/Database/Console/Migrations/MigrateCommand->handle()
#21 C:/xamppnew/htdocs/SSP2-Assignment/Application/TyperDis/vendor/laravel/framework/src/Illuminate/Container/Util.php(43): Illuminate/Container/BoundMethod::{closure:Illuminate/Container/BoundMethod::call():35}()
#22 C:/xamppnew/htdocs/SSP2-Assignment/Application/TyperDis/vendor/laravel/framework/src/Illuminate/Container/BoundMethod.php(96): Illuminate/Container/Util::unwrapIfClosure()
#23 C:/xamppnew/htdocs/SSP2-Assignment/Application/TyperDis/vendor/laravel/framework/src/Illuminate/Container/BoundMethod.php(35): Illuminate/Container/BoundMethod::callBoundMethod()
#24 C:/xamppnew/htdocs/SSP2-Assignment/Application/TyperDis/vendor/laravel/framework/src/Illuminate/Container/Container.php(803): Illuminate/Container/BoundMethod::call()
#25 C:/xamppnew/htdocs/SSP2-Assignment/Application/TyperDis/vendor/laravel/framework/src/Illuminate/Console/Command.php(292): Illuminate/Container/Container->call()
#26 C:/xamppnew/htdocs/SSP2-Assignment/Application/TyperDis/vendor/symfony/console/Command/Command.php(285): Illuminate/Console/Command->execute()
#27 C:/xamppnew/htdocs/SSP2-Assignment/Application/TyperDis/vendor/laravel/framework/src/Illuminate/Console/Command.php(261): Symfony/Component/Console/Command/Command->run()
#28 C:/xamppnew/htdocs/SSP2-Assignment/Application/TyperDis/vendor/laravel/framework/src/Illuminate/Console/Concerns/CallsCommands.php(68): Illuminate/Console/Command->run()
#29 C:/xamppnew/htdocs/SSP2-Assignment/Application/TyperDis/vendor/laravel/framework/src/Illuminate/Console/Concerns/CallsCommands.php(29): Illuminate/Console/Command->runCommand()
#30 C:/xamppnew/htdocs/SSP2-Assignment/Application/TyperDis/vendor/laravel/framework/src/Illuminate/Database/Console/Migrations/FreshCommand.php(96): Illuminate/Console/Command->call()
#31 C:/xamppnew/htdocs/SSP2-Assignment/Application/TyperDis/vendor/laravel/framework/src/Illuminate/Container/BoundMethod.php(36): Illuminate/Database/Console/Migrations/FreshCommand->handle()
#32 C:/xamppnew/htdocs/SSP2-Assignment/Application/TyperDis/vendor/laravel/framework/src/Illuminate/Container/Util.php(43): Illuminate/Container/BoundMethod::{closure:Illuminate/Container/BoundMethod::call():35}()
#33 C:/xamppnew/htdocs/SSP2-Assignment/Application/TyperDis/vendor/laravel/framework/src/Illuminate/Container/BoundMethod.php(96): Illuminate/Container/Util::unwrapIfClosure()
#34 C:/xamppnew/htdocs/SSP2-Assignment/Application/TyperDis/vendor/laravel/framework/src/Illuminate/Container/BoundMethod.php(35): Illuminate/Container/BoundMethod::callBoundMethod()
#35 C:/xamppnew/htdocs/SSP2-Assignment/Application/TyperDis/vendor/laravel/framework/src/Illuminate/Container/Container.php(803): Illuminate/Container/BoundMethod::call()
#36 C:/xamppnew/htdocs/SSP2-Assignment/Application/TyperDis/vendor/laravel/framework/src/Illuminate/Console/Command.php(292): Illuminate/Container/Container->call()
#37 C:/xamppnew/htdocs/SSP2-Assignment/Application/TyperDis/vendor/symfony/console/Command/Command.php(285): Illuminate/Console/Command->execute()
#38 C:/xamppnew/htdocs/SSP2-Assignment/Application/TyperDis/vendor/laravel/framework/src/Illuminate/Console/Command.php(261): Symfony/Component/Console/Command/Command->run()
#39 C:/xamppnew/htdocs/SSP2-Assignment/Application/TyperDis/vendor/symfony/console/Application.php(1144): Illuminate/Console/Command->run()
#40 C:/xamppnew/htdocs/SSP2-Assignment/Application/TyperDis/vendor/symfony/console/Application.php(379): Symfony/Component/Console/Application->doRunCommand()
#41 C:/xamppnew/htdocs/SSP2-Assignment/Application/TyperDis/vendor/symfony/console/Application.php(218): Symfony/Component/Console/Application->doRun()
#42 C:/xamppnew/htdocs/SSP2-Assignment/Application/TyperDis/vendor/laravel/framework/src/Illuminate/Foundation/Console/Kernel.php(198): Symfony/Component/Console/Application->run()
#43 C:/xamppnew/htdocs/SSP2-Assignment/Application/TyperDis/vendor/laravel/framework/src/Illuminate/Foundation/Application.php(1242): Illuminate/Foundation/Console/Kernel->handle()
#44 C:/xamppnew/htdocs/SSP2-Assignment/Application/TyperDis/artisan(16): Illuminate/Foundation/Application->handleCommand()
#45 {main}

[previous exception] [object] (PDOException(code: 42000): SQLSTATE[42000]: Syntax error or access violation: 1067 Invalid default value for 'updated_at' at C:/xamppnew/htdocs/SSP2-Assignment/Application/TyperDis/vendor/laravel/framework/src/Illuminate/Database/Connection.php:601)
[stacktrace]
#0 C:/xamppnew/htdocs/SSP2-Assignment/Application/TyperDis/vendor/laravel/framework/src/Illuminate/Database/Connection.php(601): PDOStatement->execute()
#1 C:/xamppnew/htdocs/SSP2-Assignment/Application/TyperDis/vendor/laravel/framework/src/Illuminate/Database/Connection.php(846): Illuminate/Database/Connection->{closure:Illuminate/Database/Connection::statement():590}()
#2 C:/xamppnew/htdocs/SSP2-Assignment/Application/TyperDis/vendor/laravel/framework/src/Illuminate/Database/Connection.php(813): Illuminate/Database/Connection->runQueryCallback()
#3 C:/xamppnew/htdocs/SSP2-Assignment/Application/TyperDis/vendor/laravel/framework/src/Illuminate/Database/Connection.php(590): Illuminate/Database/Connection->run()
#4 C:/xamppnew/htdocs/SSP2-Assignment/Application/TyperDis/vendor/laravel/framework/src/Illuminate/Database/Schema/Blueprint.php(122): Illuminate/Database/Connection->statement()
#5 C:/xamppnew/htdocs/SSP2-Assignment/Application/TyperDis/vendor/laravel/framework/src/Illuminate/Database/Schema/Builder.php(702): Illuminate/Database/Schema/Blueprint->build()
#6 C:/xamppnew/htdocs/SSP2-Assignment/Application/TyperDis/vendor/laravel/framework/src/Illuminate/Database/Schema/Builder.php(520): Illuminate/Database/Schema/Builder->build()
#7 C:/xamppnew/htdocs/SSP2-Assignment/Application/TyperDis/vendor/laravel/framework/src/Illuminate/Support/Facades/Facade.php(364): Illuminate/Database/Schema/Builder->create()
#8 C:/xamppnew/htdocs/SSP2-Assignment/Application/TyperDis/database/migrations/2026_09_10_012944_create_account_table.php(14): Illuminate/Support/Facades/Facade::__callStatic()
#9 C:/xamppnew/htdocs/SSP2-Assignment/Application/TyperDis/vendor/laravel/framework/src/Illuminate/Database/Migrations/Migrator.php(517): Illuminate/Database/Migrations/Migration@anonymous->up()
#10 C:/xamppnew/htdocs/SSP2-Assignment/Application/TyperDis/vendor/laravel/framework/src/Illuminate/Database/Migrations/Migrator.php(442): Illuminate/Database/Migrations/Migrator->runMethod()
#11 C:/xamppnew/htdocs/SSP2-Assignment/Application/TyperDis/vendor/laravel/framework/src/Illuminate/Database/Migrations/Migrator.php(451): Illuminate/Database/Migrations/Migrator->{closure:Illuminate/Database/Migrations/Migrator::runMigration():438}()
#12 C:/xamppnew/htdocs/SSP2-Assignment/Application/TyperDis/vendor/laravel/framework/src/Illuminate/Database/Migrations/Migrator.php(253): Illuminate/Database/Migrations/Migrator->runMigration()
#13 C:/xamppnew/htdocs/SSP2-Assignment/Application/TyperDis/vendor/laravel/framework/src/Illuminate/Console/View/Components/Task.php(43): Illuminate/Database/Migrations/Migrator->{closure:Illuminate/Database/Migrations/Migrator::runUp():253}()
#14 C:/xamppnew/htdocs/SSP2-Assignment/Application/TyperDis/vendor/laravel/framework/src/Illuminate/Database/Migrations/Migrator.php(853): Illuminate/Console/View/Components/Task->render()
#15 C:/xamppnew/htdocs/SSP2-Assignment/Application/TyperDis/vendor/laravel/framework/src/Illuminate/Database/Migrations/Migrator.php(253): Illuminate/Database/Migrations/Migrator->write()
#16 C:/xamppnew/htdocs/SSP2-Assignment/Application/TyperDis/vendor/laravel/framework/src/Illuminate/Database/Migrations/Migrator.php(211): Illuminate/Database/Migrations/Migrator->runUp()
#17 C:/xamppnew/htdocs/SSP2-Assignment/Application/TyperDis/vendor/laravel/framework/src/Illuminate/Database/Migrations/Migrator.php(138): Illuminate/Database/Migrations/Migrator->runPending()
#18 C:/xamppnew/htdocs/SSP2-Assignment/Application/TyperDis/vendor/laravel/framework/src/Illuminate/Database/Console/Migrations/MigrateCommand.php(118): Illuminate/Database/Migrations/Migrator->run()
#19 C:/xamppnew/htdocs/SSP2-Assignment/Application/TyperDis/vendor/laravel/framework/src/Illuminate/Database/Migrations/Migrator.php(672): Illuminate/Database/Console/Migrations/MigrateCommand->{closure:Illuminate/Database/Console/Migrations/MigrateCommand::runMigrations():111}()
#20 C:/xamppnew/htdocs/SSP2-Assignment/Application/TyperDis/vendor/laravel/framework/src/Illuminate/Database/Console/Migrations/MigrateCommand.php(111): Illuminate/Database/Migrations/Migrator->usingConnection()
#21 C:/xamppnew/htdocs/SSP2-Assignment/Application/TyperDis/vendor/laravel/framework/src/Illuminate/Database/Console/Migrations/MigrateCommand.php(90): Illuminate/Database/Console/Migrations/MigrateCommand->runMigrations()
#22 C:/xamppnew/htdocs/SSP2-Assignment/Application/TyperDis/vendor/laravel/framework/src/Illuminate/Container/BoundMethod.php(36): Illuminate/Database/Console/Migrations/MigrateCommand->handle()
#23 C:/xamppnew/htdocs/SSP2-Assignment/Application/TyperDis/vendor/laravel/framework/src/Illuminate/Container/Util.php(43): Illuminate/Container/BoundMethod::{closure:Illuminate/Container/BoundMethod::call():35}()
#24 C:/xamppnew/htdocs/SSP2-Assignment/Application/TyperDis/vendor/laravel/framework/src/Illuminate/Container/BoundMethod.php(96): Illuminate/Container/Util::unwrapIfClosure()
#25 C:/xamppnew/htdocs/SSP2-Assignment/Application/TyperDis/vendor/laravel/framework/src/Illuminate/Container/BoundMethod.php(35): Illuminate/Container/BoundMethod::callBoundMethod()
#26 C:/xamppnew/htdocs/SSP2-Assignment/Application/TyperDis/vendor/laravel/framework/src/Illuminate/Container/Container.php(803): Illuminate/Container/BoundMethod::call()
#27 C:/xamppnew/htdocs/SSP2-Assignment/Application/TyperDis/vendor/laravel/framework/src/Illuminate/Console/Command.php(292): Illuminate/Container/Container->call()
#28 C:/xamppnew/htdocs/SSP2-Assignment/Application/TyperDis/vendor/symfony/console/Command/Command.php(285): Illuminate/Console/Command->execute()
#29 C:/xamppnew/htdocs/SSP2-Assignment/Application/TyperDis/vendor/laravel/framework/src/Illuminate/Console/Command.php(261): Symfony/Component/Console/Command/Command->run()
#30 C:/xamppnew/htdocs/SSP2-Assignment/Application/TyperDis/vendor/laravel/framework/src/Illuminate/Console/Concerns/CallsCommands.php(68): Illuminate/Console/Command->run()
#31 C:/xamppnew/htdocs/SSP2-Assignment/Application/TyperDis/vendor/laravel/framework/src/Illuminate/Console/Concerns/CallsCommands.php(29): Illuminate/Console/Command->runCommand()
#32 C:/xamppnew/htdocs/SSP2-Assignment/Application/TyperDis/vendor/laravel/framework/src/Illuminate/Database/Console/Migrations/FreshCommand.php(96): Illuminate/Console/Command->call()
#33 C:/xamppnew/htdocs/SSP2-Assignment/Application/TyperDis/vendor/laravel/framework/src/Illuminate/Container/BoundMethod.php(36): Illuminate/Database/Console/Migrations/FreshCommand->handle()
#34 C:/xamppnew/htdocs/SSP2-Assignment/Application/TyperDis/vendor/laravel/framework/src/Illuminate/Container/Util.php(43): Illuminate/Container/BoundMethod::{closure:Illuminate/Container/BoundMethod::call():35}()
#35 C:/xamppnew/htdocs/SSP2-Assignment/Application/TyperDis/vendor/laravel/framework/src/Illuminate/Container/BoundMethod.php(96): Illuminate/Container/Util::unwrapIfClosure()
#36 C:/xamppnew/htdocs/SSP2-Assignment/Application/TyperDis/vendor/laravel/framework/src/Illuminate/Container/BoundMethod.php(35): Illuminate/Container/BoundMethod::callBoundMethod()
#37 C:/xamppnew/htdocs/SSP2-Assignment/Application/TyperDis/vendor/laravel/framework/src/Illuminate/Container/Container.php(803): Illuminate/Container/BoundMethod::call()
#38 C:/xamppnew/htdocs/SSP2-Assignment/Application/TyperDis/vendor/laravel/framework/src/Illuminate/Console/Command.php(292): Illuminate/Container/Container->call()
#39 C:/xamppnew/htdocs/SSP2-Assignment/Application/TyperDis/vendor/symfony/console/Command/Command.php(285): Illuminate/Console/Command->execute()
#40 C:/xamppnew/htdocs/SSP2-Assignment/Application/TyperDis/vendor/laravel/framework/src/Illuminate/Console/Command.php(261): Symfony/Component/Console/Command/Command->run()
#41 C:/xamppnew/htdocs/SSP2-Assignment/Application/TyperDis/vendor/symfony/console/Application.php(1144): Illuminate/Console/Command->run()
#42 C:/xamppnew/htdocs/SSP2-Assignment/Application/TyperDis/vendor/symfony/console/Application.php(379): Symfony/Component/Console/Application->doRunCommand()
#43 C:/xamppnew/htdocs/SSP2-Assignment/Application/TyperDis/vendor/symfony/console/Application.php(218): Symfony/Component/Console/Application->doRun()
#44 C:/xamppnew/htdocs/SSP2-Assignment/Application/TyperDis/vendor/laravel/framework/src/Illuminate/Foundation/Console/Kernel.php(198): Symfony/Component/Console/Application->run()
#45 C:/xamppnew/htdocs/SSP2-Assignment/Application/TyperDis/vendor/laravel/framework/src/Illuminate/Foundation/Application.php(1242): Illuminate/Foundation/Console/Kernel->handle()
#46 C:/xamppnew/htdocs/SSP2-Assignment/Application/TyperDis/artisan(16): Illuminate/Foundation/Application->handleCommand()
#47 {main}
"} 
[2026-09-11 04:58:27] local.ERROR: SQLSTATE[HY000]: General error: 1005 Can't create table `mydatabase`.`account` (errno: 150 "Foreign key constraint is incorrectly formed") (Connection: mysql, Host: 127.0.0.1, Port: 3306, Database: mydatabase, SQL: alter table `account` add constraint `account_user_id_foreign` foreign key (`user_id`) references `user` (`user_id`)) {"exception":"[object] (Illuminate\\Database\\QueryException(code: HY000): SQLSTATE[HY000]: General error: 1005 Can't create table `mydatabase`.`account` (errno: 150 \"Foreign key constraint is incorrectly formed\") (Connection: mysql, Host: 127.0.0.1, Port: 3306, Database: mydatabase, SQL: alter table `account` add constraint `account_user_id_foreign` foreign key (`user_id`) references `user` (`user_id`)) at C:/xamppnew/htdocs/SSP2-Assignment/Application/TyperDis/vendor/laravel/framework/src/Illuminate/Database/Connection.php:857)
[stacktrace]
#0 C:/xamppnew/htdocs/SSP2-Assignment/Application/TyperDis/vendor/laravel/framework/src/Illuminate/Database/Connection.php(813): Illuminate/Database/Connection->runQueryCallback()
#1 C:/xamppnew/htdocs/SSP2-Assignment/Application/TyperDis/vendor/laravel/framework/src/Illuminate/Database/Connection.php(590): Illuminate/Database/Connection->run()
#2 C:/xamppnew/htdocs/SSP2-Assignment/Application/TyperDis/vendor/laravel/framework/src/Illuminate/Database/Schema/Blueprint.php(122): Illuminate/Database/Connection->statement()
#3 C:/xamppnew/htdocs/SSP2-Assignment/Application/TyperDis/vendor/laravel/framework/src/Illuminate/Database/Schema/Builder.php(702): Illuminate/Database/Schema/Blueprint->build()
#4 C:/xamppnew/htdocs/SSP2-Assignment/Application/TyperDis/vendor/laravel/framework/src/Illuminate/Database/Schema/Builder.php(520): Illuminate/Database/Schema/Builder->build()
#5 C:/xamppnew/htdocs/SSP2-Assignment/Application/TyperDis/vendor/laravel/framework/src/Illuminate/Support/Facades/Facade.php(364): Illuminate/Database/Schema/Builder->create()
#6 C:/xamppnew/htdocs/SSP2-Assignment/Application/TyperDis/database/migrations/2026_09_10_012944_create_account_table.php(14): Illuminate/Support/Facades/Facade::__callStatic()
#7 C:/xamppnew/htdocs/SSP2-Assignment/Application/TyperDis/vendor/laravel/framework/src/Illuminate/Database/Migrations/Migrator.php(517): Illuminate/Database/Migrations/Migration@anonymous->up()
#8 C:/xamppnew/htdocs/SSP2-Assignment/Application/TyperDis/vendor/laravel/framework/src/Illuminate/Database/Migrations/Migrator.php(442): Illuminate/Database/Migrations/Migrator->runMethod()
#9 C:/xamppnew/htdocs/SSP2-Assignment/Application/TyperDis/vendor/laravel/framework/src/Illuminate/Database/Migrations/Migrator.php(451): Illuminate/Database/Migrations/Migrator->{closure:Illuminate/Database/Migrations/Migrator::runMigration():438}()
#10 C:/xamppnew/htdocs/SSP2-Assignment/Application/TyperDis/vendor/laravel/framework/src/Illuminate/Database/Migrations/Migrator.php(253): Illuminate/Database/Migrations/Migrator->runMigration()
#11 C:/xamppnew/htdocs/SSP2-Assignment/Application/TyperDis/vendor/laravel/framework/src/Illuminate/Console/View/Components/Task.php(43): Illuminate/Database/Migrations/Migrator->{closure:Illuminate/Database/Migrations/Migrator::runUp():253}()
#12 C:/xamppnew/htdocs/SSP2-Assignment/Application/TyperDis/vendor/laravel/framework/src/Illuminate/Database/Migrations/Migrator.php(853): Illuminate/Console/View/Components/Task->render()
#13 C:/xamppnew/htdocs/SSP2-Assignment/Application/TyperDis/vendor/laravel/framework/src/Illuminate/Database/Migrations/Migrator.php(253): Illuminate/Database/Migrations/Migrator->write()
#14 C:/xamppnew/htdocs/SSP2-Assignment/Application/TyperDis/vendor/laravel/framework/src/Illuminate/Database/Migrations/Migrator.php(211): Illuminate/Database/Migrations/Migrator->runUp()
#15 C:/xamppnew/htdocs/SSP2-Assignment/Application/TyperDis/vendor/laravel/framework/src/Illuminate/Database/Migrations/Migrator.php(138): Illuminate/Database/Migrations/Migrator->runPending()
#16 C:/xamppnew/htdocs/SSP2-Assignment/Application/TyperDis/vendor/laravel/framework/src/Illuminate/Database/Console/Migrations/MigrateCommand.php(118): Illuminate/Database/Migrations/Migrator->run()
#17 C:/xamppnew/htdocs/SSP2-Assignment/Application/TyperDis/vendor/laravel/framework/src/Illuminate/Database/Migrations/Migrator.php(672): Illuminate/Database/Console/Migrations/MigrateCommand->{closure:Illuminate/Database/Console/Migrations/MigrateCommand::runMigrations():111}()
#18 C:/xamppnew/htdocs/SSP2-Assignment/Application/TyperDis/vendor/laravel/framework/src/Illuminate/Database/Console/Migrations/MigrateCommand.php(111): Illuminate/Database/Migrations/Migrator->usingConnection()
#19 C:/xamppnew/htdocs/SSP2-Assignment/Application/TyperDis/vendor/laravel/framework/src/Illuminate/Database/Console/Migrations/MigrateCommand.php(90): Illuminate/Database/Console/Migrations/MigrateCommand->runMigrations()
#20 C:/xamppnew/htdocs/SSP2-Assignment/Application/TyperDis/vendor/laravel/framework/src/Illuminate/Container/BoundMethod.php(36): Illuminate/Database/Console/Migrations/MigrateCommand->handle()
#21 C:/xamppnew/htdocs/SSP2-Assignment/Application/TyperDis/vendor/laravel/framework/src/Illuminate/Container/Util.php(43): Illuminate/Container/BoundMethod::{closure:Illuminate/Container/BoundMethod::call():35}()
#22 C:/xamppnew/htdocs/SSP2-Assignment/Application/TyperDis/vendor/laravel/framework/src/Illuminate/Container/BoundMethod.php(96): Illuminate/Container/Util::unwrapIfClosure()
#23 C:/xamppnew/htdocs/SSP2-Assignment/Application/TyperDis/vendor/laravel/framework/src/Illuminate/Container/BoundMethod.php(35): Illuminate/Container/BoundMethod::callBoundMethod()
#24 C:/xamppnew/htdocs/SSP2-Assignment/Application/TyperDis/vendor/laravel/framework/src/Illuminate/Container/Container.php(803): Illuminate/Container/BoundMethod::call()
#25 C:/xamppnew/htdocs/SSP2-Assignment/Application/TyperDis/vendor/laravel/framework/src/Illuminate/Console/Command.php(292): Illuminate/Container/Container->call()
#26 C:/xamppnew/htdocs/SSP2-Assignment/Application/TyperDis/vendor/symfony/console/Command/Command.php(285): Illuminate/Console/Command->execute()
#27 C:/xamppnew/htdocs/SSP2-Assignment/Application/TyperDis/vendor/laravel/framework/src/Illuminate/Console/Command.php(261): Symfony/Component/Console/Command/Command->run()
#28 C:/xamppnew/htdocs/SSP2-Assignment/Application/TyperDis/vendor/laravel/framework/src/Illuminate/Console/Concerns/CallsCommands.php(68): Illuminate/Console/Command->run()
#29 C:/xamppnew/htdocs/SSP2-Assignment/Application/TyperDis/vendor/laravel/framework/src/Illuminate/Console/Concerns/CallsCommands.php(29): Illuminate/Console/Command->runCommand()
#30 C:/xamppnew/htdocs/SSP2-Assignment/Application/TyperDis/vendor/laravel/framework/src/Illuminate/Database/Console/Migrations/FreshCommand.php(96): Illuminate/Console/Command->call()
#31 C:/xamppnew/htdocs/SSP2-Assignment/Application/TyperDis/vendor/laravel/framework/src/Illuminate/Container/BoundMethod.php(36): Illuminate/Database/Console/Migrations/FreshCommand->handle()
#32 C:/xamppnew/htdocs/SSP2-Assignment/Application/TyperDis/vendor/laravel/framework/src/Illuminate/Container/Util.php(43): Illuminate/Container/BoundMethod::{closure:Illuminate/Container/BoundMethod::call():35}()
#33 C:/xamppnew/htdocs/SSP2-Assignment/Application/TyperDis/vendor/laravel/framework/src/Illuminate/Container/BoundMethod.php(96): Illuminate/Container/Util::unwrapIfClosure()
#34 C:/xamppnew/htdocs/SSP2-Assignment/Application/TyperDis/vendor/laravel/framework/src/Illuminate/Container/BoundMethod.php(35): Illuminate/Container/BoundMethod::callBoundMethod()
#35 C:/xamppnew/htdocs/SSP2-Assignment/Application/TyperDis/vendor/laravel/framework/src/Illuminate/Container/Container.php(803): Illuminate/Container/BoundMethod::call()
#36 C:/xamppnew/htdocs/SSP2-Assignment/Application/TyperDis/vendor/laravel/framework/src/Illuminate/Console/Command.php(292): Illuminate/Container/Container->call()
#37 C:/xamppnew/htdocs/SSP2-Assignment/Application/TyperDis/vendor/symfony/console/Command/Command.php(285): Illuminate/Console/Command->execute()
#38 C:/xamppnew/htdocs/SSP2-Assignment/Application/TyperDis/vendor/laravel/framework/src/Illuminate/Console/Command.php(261): Symfony/Component/Console/Command/Command->run()
#39 C:/xamppnew/htdocs/SSP2-Assignment/Application/TyperDis/vendor/symfony/console/Application.php(1144): Illuminate/Console/Command->run()
#40 C:/xamppnew/htdocs/SSP2-Assignment/Application/TyperDis/vendor/symfony/console/Application.php(379): Symfony/Component/Console/Application->doRunCommand()
#41 C:/xamppnew/htdocs/SSP2-Assignment/Application/TyperDis/vendor/symfony/console/Application.php(218): Symfony/Component/Console/Application->doRun()
#42 C:/xamppnew/htdocs/SSP2-Assignment/Application/TyperDis/vendor/laravel/framework/src/Illuminate/Foundation/Console/Kernel.php(198): Symfony/Component/Console/Application->run()
#43 C:/xamppnew/htdocs/SSP2-Assignment/Application/TyperDis/vendor/laravel/framework/src/Illuminate/Foundation/Application.php(1242): Illuminate/Foundation/Console/Kernel->handle()
#44 C:/xamppnew/htdocs/SSP2-Assignment/Application/TyperDis/artisan(16): Illuminate/Foundation/Application->handleCommand()
#45 {main}

[previous exception] [object] (PDOException(code: HY000): SQLSTATE[HY000]: General error: 1005 Can't create table `mydatabase`.`account` (errno: 150 \"Foreign key constraint is incorrectly formed\") at C:/xamppnew/htdocs/SSP2-Assignment/Application/TyperDis/vendor/laravel/framework/src/Illuminate/Database/Connection.php:601)
[stacktrace]
#0 C:/xamppnew/htdocs/SSP2-Assignment/Application/TyperDis/vendor/laravel/framework/src/Illuminate/Database/Connection.php(601): PDOStatement->execute()
#1 C:/xamppnew/htdocs/SSP2-Assignment/Application/TyperDis/vendor/laravel/framework/src/Illuminate/Database/Connection.php(846): Illuminate/Database/Connection->{closure:Illuminate/Database/Connection::statement():590}()
#2 C:/xamppnew/htdocs/SSP2-Assignment/Application/TyperDis/vendor/laravel/framework/src/Illuminate/Database/Connection.php(813): Illuminate/Database/Connection->runQueryCallback()
#3 C:/xamppnew/htdocs/SSP2-Assignment/Application/TyperDis/vendor/laravel/framework/src/Illuminate/Database/Connection.php(590): Illuminate/Database/Connection->run()
#4 C:/xamppnew/htdocs/SSP2-Assignment/Application/TyperDis/vendor/laravel/framework/src/Illuminate/Database/Schema/Blueprint.php(122): Illuminate/Database/Connection->statement()
#5 C:/xamppnew/htdocs/SSP2-Assignment/Application/TyperDis/vendor/laravel/framework/src/Illuminate/Database/Schema/Builder.php(702): Illuminate/Database/Schema/Blueprint->build()
#6 C:/xamppnew/htdocs/SSP2-Assignment/Application/TyperDis/vendor/laravel/framework/src/Illuminate/Database/Schema/Builder.php(520): Illuminate/Database/Schema/Builder->build()
#7 C:/xamppnew/htdocs/SSP2-Assignment/Application/TyperDis/vendor/laravel/framework/src/Illuminate/Support/Facades/Facade.php(364): Illuminate/Database/Schema/Builder->create()
#8 C:/xamppnew/htdocs/SSP2-Assignment/Application/TyperDis/database/migrations/2026_09_10_012944_create_account_table.php(14): Illuminate/Support/Facades/Facade::__callStatic()
#9 C:/xamppnew/htdocs/SSP2-Assignment/Application/TyperDis/vendor/laravel/framework/src/Illuminate/Database/Migrations/Migrator.php(517): Illuminate/Database/Migrations/Migration@anonymous->up()
#10 C:/xamppnew/htdocs/SSP2-Assignment/Application/TyperDis/vendor/laravel/framework/src/Illuminate/Database/Migrations/Migrator.php(442): Illuminate/Database/Migrations/Migrator->runMethod()
#11 C:/xamppnew/htdocs/SSP2-Assignment/Application/TyperDis/vendor/laravel/framework/src/Illuminate/Database/Migrations/Migrator.php(451): Illuminate/Database/Migrations/Migrator->{closure:Illuminate/Database/Migrations/Migrator::runMigration():438}()
#12 C:/xamppnew/htdocs/SSP2-Assignment/Application/TyperDis/vendor/laravel/framework/src/Illuminate/Database/Migrations/Migrator.php(253): Illuminate/Database/Migrations/Migrator->runMigration()
#13 C:/xamppnew/htdocs/SSP2-Assignment/Application/TyperDis/vendor/laravel/framework/src/Illuminate/Console/View/Components/Task.php(43): Illuminate/Database/Migrations/Migrator->{closure:Illuminate/Database/Migrations/Migrator::runUp():253}()
#14 C:/xamppnew/htdocs/SSP2-Assignment/Application/TyperDis/vendor/laravel/framework/src/Illuminate/Database/Migrations/Migrator.php(853): Illuminate/Console/View/Components/Task->render()
#15 C:/xamppnew/htdocs/SSP2-Assignment/Application/TyperDis/vendor/laravel/framework/src/Illuminate/Database/Migrations/Migrator.php(253): Illuminate/Database/Migrations/Migrator->write()
#16 C:/xamppnew/htdocs/SSP2-Assignment/Application/TyperDis/vendor/laravel/framework/src/Illuminate/Database/Migrations/Migrator.php(211): Illuminate/Database/Migrations/Migrator->runUp()
#17 C:/xamppnew/htdocs/SSP2-Assignment/Application/TyperDis/vendor/laravel/framework/src/Illuminate/Database/Migrations/Migrator.php(138): Illuminate/Database/Migrations/Migrator->runPending()
#18 C:/xamppnew/htdocs/SSP2-Assignment/Application/TyperDis/vendor/laravel/framework/src/Illuminate/Database/Console/Migrations/MigrateCommand.php(118): Illuminate/Database/Migrations/Migrator->run()
#19 C:/xamppnew/htdocs/SSP2-Assignment/Application/TyperDis/vendor/laravel/framework/src/Illuminate/Database/Migrations/Migrator.php(672): Illuminate/Database/Console/Migrations/MigrateCommand->{closure:Illuminate/Database/Console/Migrations/MigrateCommand::runMigrations():111}()
#20 C:/xamppnew/htdocs/SSP2-Assignment/Application/TyperDis/vendor/laravel/framework/src/Illuminate/Database/Console/Migrations/MigrateCommand.php(111): Illuminate/Database/Migrations/Migrator->usingConnection()
#21 C:/xamppnew/htdocs/SSP2-Assignment/Application/TyperDis/vendor/laravel/framework/src/Illuminate/Database/Console/Migrations/MigrateCommand.php(90): Illuminate/Database/Console/Migrations/MigrateCommand->runMigrations()
#22 C:/xamppnew/htdocs/SSP2-Assignment/Application/TyperDis/vendor/laravel/framework/src/Illuminate/Container/BoundMethod.php(36): Illuminate/Database/Console/Migrations/MigrateCommand->handle()
#23 C:/xamppnew/htdocs/SSP2-Assignment/Application/TyperDis/vendor/laravel/framework/src/Illuminate/Container/Util.php(43): Illuminate/Container/BoundMethod::{closure:Illuminate/Container/BoundMethod::call():35}()
#24 C:/xamppnew/htdocs/SSP2-Assignment/Application/TyperDis/vendor/laravel/framework/src/Illuminate/Container/BoundMethod.php(96): Illuminate/Container/Util::unwrapIfClosure()
#25 C:/xamppnew/htdocs/SSP2-Assignment/Application/TyperDis/vendor/laravel/framework/src/Illuminate/Container/BoundMethod.php(35): Illuminate/Container/BoundMethod::callBoundMethod()
#26 C:/xamppnew/htdocs/SSP2-Assignment/Application/TyperDis/vendor/laravel/framework/src/Illuminate/Container/Container.php(803): Illuminate/Container/BoundMethod::call()
#27 C:/xamppnew/htdocs/SSP2-Assignment/Application/TyperDis/vendor/laravel/framework/src/Illuminate/Console/Command.php(292): Illuminate/Container/Container->call()
#28 C:/xamppnew/htdocs/SSP2-Assignment/Application/TyperDis/vendor/symfony/console/Command/Command.php(285): Illuminate/Console/Command->execute()
#29 C:/xamppnew/htdocs/SSP2-Assignment/Application/TyperDis/vendor/laravel/framework/src/Illuminate/Console/Command.php(261): Symfony/Component/Console/Command/Command->run()
#30 C:/xamppnew/htdocs/SSP2-Assignment/Application/TyperDis/vendor/laravel/framework/src/Illuminate/Console/Concerns/CallsCommands.php(68): Illuminate/Console/Command->run()
#31 C:/xamppnew/htdocs/SSP2-Assignment/Application/TyperDis/vendor/laravel/framework/src/Illuminate/Console/Concerns/CallsCommands.php(29): Illuminate/Console/Command->runCommand()
#32 C:/xamppnew/htdocs/SSP2-Assignment/Application/TyperDis/vendor/laravel/framework/src/Illuminate/Database/Console/Migrations/FreshCommand.php(96): Illuminate/Console/Command->call()
#33 C:/xamppnew/htdocs/SSP2-Assignment/Application/TyperDis/vendor/laravel/framework/src/Illuminate/Container/BoundMethod.php(36): Illuminate/Database/Console/Migrations/FreshCommand->handle()
#34 C:/xamppnew/htdocs/SSP2-Assignment/Application/TyperDis/vendor/laravel/framework/src/Illuminate/Container/Util.php(43): Illuminate/Container/BoundMethod::{closure:Illuminate/Container/BoundMethod::call():35}()
#35 C:/xamppnew/htdocs/SSP2-Assignment/Application/TyperDis/vendor/laravel/framework/src/Illuminate/Container/BoundMethod.php(96): Illuminate/Container/Util::unwrapIfClosure()
#36 C:/xamppnew/htdocs/SSP2-Assignment/Application/TyperDis/vendor/laravel/framework/src/Illuminate/Container/BoundMethod.php(35): Illuminate/Container/BoundMethod::callBoundMethod()
#37 C:/xamppnew/htdocs/SSP2-Assignment/Application/TyperDis/vendor/laravel/framework/src/Illuminate/Container/Container.php(803): Illuminate/Container/BoundMethod::call()
#38 C:/xamppnew/htdocs/SSP2-Assignment/Application/TyperDis/vendor/laravel/framework/src/Illuminate/Console/Command.php(292): Illuminate/Container/Container->call()
#39 C:/xamppnew/htdocs/SSP2-Assignment/Application/TyperDis/vendor/symfony/console/Command/Command.php(285): Illuminate/Console/Command->execute()
#40 C:/xamppnew/htdocs/SSP2-Assignment/Application/TyperDis/vendor/laravel/framework/src/Illuminate/Console/Command.php(261): Symfony/Component/Console/Command/Command->run()
#41 C:/xamppnew/htdocs/SSP2-Assignment/Application/TyperDis/vendor/symfony/console/Application.php(1144): Illuminate/Console/Command->run()
#42 C:/xamppnew/htdocs/SSP2-Assignment/Application/TyperDis/vendor/symfony/console/Application.php(379): Symfony/Component/Console/Application->doRunCommand()
#43 C:/xamppnew/htdocs/SSP2-Assignment/Application/TyperDis/vendor/symfony/console/Application.php(218): Symfony/Component/Console/Application->doRun()
#44 C:/xamppnew/htdocs/SSP2-Assignment/Application/TyperDis/vendor/laravel/framework/src/Illuminate/Foundation/Console/Kernel.php(198): Symfony/Component/Console/Application->run()
#45 C:/xamppnew/htdocs/SSP2-Assignment/Application/TyperDis/vendor/laravel/framework/src/Illuminate/Foundation/Application.php(1242): Illuminate/Foundation/Console/Kernel->handle()
#46 C:/xamppnew/htdocs/SSP2-Assignment/Application/TyperDis/artisan(16): Illuminate/Foundation/Application->handleCommand()
#47 {main}
"} 
[2026-09-11 05:07:12] local.ERROR: Command "make:migrations" is not defined.

Did you mean one of these?
    make:cache-table
    make:cast
    make:channel
    make:class
    make:command
    make:component
    make:config
    make:controller
    make:enum
    make:event
    make:exception
    make:factory
    make:interface
    make:job
    make:job-middleware
    make:listener
    make:mail
    make:middleware
    make:migration
    make:model
    make:notification
    make:notifications-table
    make:observer
    make:policy
    make:provider
    make:queue-batches-table
    make:queue-failed-table
    make:queue-table
    make:request
    make:resource
    make:rule
    make:scope
    make:seeder
    make:session-table
    make:test
    make:trait
    make:view {"exception":"[object] (Symfony\\Component\\Console\\Exception\\CommandNotFoundException(code: 0): Command \"make:migrations\" is not defined.

Did you mean one of these?
    make:cache-table
    make:cast
    make:channel
    make:class
    make:command
    make:component
    make:config
    make:controller
    make:enum
    make:event
    make:exception
    make:factory
    make:interface
    make:job
    make:job-middleware
    make:listener
    make:mail
    make:middleware
    make:migration
    make:model
    make:notification
    make:notifications-table
    make:observer
    make:policy
    make:provider
    make:queue-batches-table
    make:queue-failed-table
    make:queue-table
    make:request
    make:resource
    make:rule
    make:scope
    make:seeder
    make:session-table
    make:test
    make:trait
    make:view at C:/xamppnew/htdocs/SSP2-Assignment/Application/TyperDis/vendor/symfony/console/Application.php:785)
[stacktrace]
#0 C:/xamppnew/htdocs/SSP2-Assignment/Application/TyperDis/vendor/symfony/console/Application.php(321): Symfony/Component/Console/Application->find()
#1 C:/xamppnew/htdocs/SSP2-Assignment/Application/TyperDis/vendor/symfony/console/Application.php(218): Symfony/Component/Console/Application->doRun()
#2 C:/xamppnew/htdocs/SSP2-Assignment/Application/TyperDis/vendor/laravel/framework/src/Illuminate/Foundation/Console/Kernel.php(198): Symfony/Component/Console/Application->run()
#3 C:/xamppnew/htdocs/SSP2-Assignment/Application/TyperDis/vendor/laravel/framework/src/Illuminate/Foundation/Application.php(1242): Illuminate/Foundation/Console/Kernel->handle()
#4 C:/xamppnew/htdocs/SSP2-Assignment/Application/TyperDis/artisan(16): Illuminate/Foundation/Application->handleCommand()
#5 {main}
"} 
[2026-09-11 05:22:11] local.ERROR: SQLSTATE[HY000]: General error: 1005 Can't create table `mydatabase`.`account` (errno: 150 "Foreign key constraint is incorrectly formed") (Connection: mysql, Host: 127.0.0.1, Port: 3306, Database: mydatabase, SQL: alter table `account` add constraint `account_user_id_foreign` foreign key (`user_id`) references `user` (`user_id`)) {"exception":"[object] (Illuminate\\Database\\QueryException(code: HY000): SQLSTATE[HY000]: General error: 1005 Can't create table `mydatabase`.`account` (errno: 150 \"Foreign key constraint is incorrectly formed\") (Connection: mysql, Host: 127.0.0.1, Port: 3306, Database: mydatabase, SQL: alter table `account` add constraint `account_user_id_foreign` foreign key (`user_id`) references `user` (`user_id`)) at C:/xamppnew/htdocs/SSP2-Assignment/Application/TyperDis/vendor/laravel/framework/src/Illuminate/Database/Connection.php:857)
[stacktrace]
#0 C:/xamppnew/htdocs/SSP2-Assignment/Application/TyperDis/vendor/laravel/framework/src/Illuminate/Database/Connection.php(813): Illuminate/Database/Connection->runQueryCallback()
#1 C:/xamppnew/htdocs/SSP2-Assignment/Application/TyperDis/vendor/laravel/framework/src/Illuminate/Database/Connection.php(590): Illuminate/Database/Connection->run()
#2 C:/xamppnew/htdocs/SSP2-Assignment/Application/TyperDis/vendor/laravel/framework/src/Illuminate/Database/Schema/Blueprint.php(122): Illuminate/Database/Connection->statement()
#3 C:/xamppnew/htdocs/SSP2-Assignment/Application/TyperDis/vendor/laravel/framework/src/Illuminate/Database/Schema/Builder.php(702): Illuminate/Database/Schema/Blueprint->build()
#4 C:/xamppnew/htdocs/SSP2-Assignment/Application/TyperDis/vendor/laravel/framework/src/Illuminate/Database/Schema/Builder.php(520): Illuminate/Database/Schema/Builder->build()
#5 C:/xamppnew/htdocs/SSP2-Assignment/Application/TyperDis/vendor/laravel/framework/src/Illuminate/Support/Facades/Facade.php(364): Illuminate/Database/Schema/Builder->create()
#6 C:/xamppnew/htdocs/SSP2-Assignment/Application/TyperDis/database/migrations/2026_09_10_012944_create_account_table.php(14): Illuminate/Support/Facades/Facade::__callStatic()
#7 C:/xamppnew/htdocs/SSP2-Assignment/Application/TyperDis/vendor/laravel/framework/src/Illuminate/Database/Migrations/Migrator.php(517): Illuminate/Database/Migrations/Migration@anonymous->up()
#8 C:/xamppnew/htdocs/SSP2-Assignment/Application/TyperDis/vendor/laravel/framework/src/Illuminate/Database/Migrations/Migrator.php(442): Illuminate/Database/Migrations/Migrator->runMethod()
#9 C:/xamppnew/htdocs/SSP2-Assignment/Application/TyperDis/vendor/laravel/framework/src/Illuminate/Database/Migrations/Migrator.php(451): Illuminate/Database/Migrations/Migrator->{closure:Illuminate/Database/Migrations/Migrator::runMigration():438}()
#10 C:/xamppnew/htdocs/SSP2-Assignment/Application/TyperDis/vendor/laravel/framework/src/Illuminate/Database/Migrations/Migrator.php(253): Illuminate/Database/Migrations/Migrator->runMigration()
#11 C:/xamppnew/htdocs/SSP2-Assignment/Application/TyperDis/vendor/laravel/framework/src/Illuminate/Console/View/Components/Task.php(43): Illuminate/Database/Migrations/Migrator->{closure:Illuminate/Database/Migrations/Migrator::runUp():253}()
#12 C:/xamppnew/htdocs/SSP2-Assignment/Application/TyperDis/vendor/laravel/framework/src/Illuminate/Database/Migrations/Migrator.php(853): Illuminate/Console/View/Components/Task->render()
#13 C:/xamppnew/htdocs/SSP2-Assignment/Application/TyperDis/vendor/laravel/framework/src/Illuminate/Database/Migrations/Migrator.php(253): Illuminate/Database/Migrations/Migrator->write()
#14 C:/xamppnew/htdocs/SSP2-Assignment/Application/TyperDis/vendor/laravel/framework/src/Illuminate/Database/Migrations/Migrator.php(211): Illuminate/Database/Migrations/Migrator->runUp()
#15 C:/xamppnew/htdocs/SSP2-Assignment/Application/TyperDis/vendor/laravel/framework/src/Illuminate/Database/Migrations/Migrator.php(138): Illuminate/Database/Migrations/Migrator->runPending()
#16 C:/xamppnew/htdocs/SSP2-Assignment/Application/TyperDis/vendor/laravel/framework/src/Illuminate/Database/Console/Migrations/MigrateCommand.php(118): Illuminate/Database/Migrations/Migrator->run()
#17 C:/xamppnew/htdocs/SSP2-Assignment/Application/TyperDis/vendor/laravel/framework/src/Illuminate/Database/Migrations/Migrator.php(672): Illuminate/Database/Console/Migrations/MigrateCommand->{closure:Illuminate/Database/Console/Migrations/MigrateCommand::runMigrations():111}()
#18 C:/xamppnew/htdocs/SSP2-Assignment/Application/TyperDis/vendor/laravel/framework/src/Illuminate/Database/Console/Migrations/MigrateCommand.php(111): Illuminate/Database/Migrations/Migrator->usingConnection()
#19 C:/xamppnew/htdocs/SSP2-Assignment/Application/TyperDis/vendor/laravel/framework/src/Illuminate/Database/Console/Migrations/MigrateCommand.php(90): Illuminate/Database/Console/Migrations/MigrateCommand->runMigrations()
#20 C:/xamppnew/htdocs/SSP2-Assignment/Application/TyperDis/vendor/laravel/framework/src/Illuminate/Container/BoundMethod.php(36): Illuminate/Database/Console/Migrations/MigrateCommand->handle()
#21 C:/xamppnew/htdocs/SSP2-Assignment/Application/TyperDis/vendor/laravel/framework/src/Illuminate/Container/Util.php(43): Illuminate/Container/BoundMethod::{closure:Illuminate/Container/BoundMethod::call():35}()
#22 C:/xamppnew/htdocs/SSP2-Assignment/Application/TyperDis/vendor/laravel/framework/src/Illuminate/Container/BoundMethod.php(96): Illuminate/Container/Util::unwrapIfClosure()
#23 C:/xamppnew/htdocs/SSP2-Assignment/Application/TyperDis/vendor/laravel/framework/src/Illuminate/Container/BoundMethod.php(35): Illuminate/Container/BoundMethod::callBoundMethod()
#24 C:/xamppnew/htdocs/SSP2-Assignment/Application/TyperDis/vendor/laravel/framework/src/Illuminate/Container/Container.php(803): Illuminate/Container/BoundMethod::call()
#25 C:/xamppnew/htdocs/SSP2-Assignment/Application/TyperDis/vendor/laravel/framework/src/Illuminate/Console/Command.php(292): Illuminate/Container/Container->call()
#26 C:/xamppnew/htdocs/SSP2-Assignment/Application/TyperDis/vendor/symfony/console/Command/Command.php(285): Illuminate/Console/Command->execute()
#27 C:/xamppnew/htdocs/SSP2-Assignment/Application/TyperDis/vendor/laravel/framework/src/Illuminate/Console/Command.php(261): Symfony/Component/Console/Command/Command->run()
#28 C:/xamppnew/htdocs/SSP2-Assignment/Application/TyperDis/vendor/laravel/framework/src/Illuminate/Console/Concerns/CallsCommands.php(68): Illuminate/Console/Command->run()
#29 C:/xamppnew/htdocs/SSP2-Assignment/Application/TyperDis/vendor/laravel/framework/src/Illuminate/Console/Concerns/CallsCommands.php(29): Illuminate/Console/Command->runCommand()
#30 C:/xamppnew/htdocs/SSP2-Assignment/Application/TyperDis/vendor/laravel/framework/src/Illuminate/Database/Console/Migrations/FreshCommand.php(96): Illuminate/Console/Command->call()
#31 C:/xamppnew/htdocs/SSP2-Assignment/Application/TyperDis/vendor/laravel/framework/src/Illuminate/Container/BoundMethod.php(36): Illuminate/Database/Console/Migrations/FreshCommand->handle()
#32 C:/xamppnew/htdocs/SSP2-Assignment/Application/TyperDis/vendor/laravel/framework/src/Illuminate/Container/Util.php(43): Illuminate/Container/BoundMethod::{closure:Illuminate/Container/BoundMethod::call():35}()
#33 C:/xamppnew/htdocs/SSP2-Assignment/Application/TyperDis/vendor/laravel/framework/src/Illuminate/Container/BoundMethod.php(96): Illuminate/Container/Util::unwrapIfClosure()
#34 C:/xamppnew/htdocs/SSP2-Assignment/Application/TyperDis/vendor/laravel/framework/src/Illuminate/Container/BoundMethod.php(35): Illuminate/Container/BoundMethod::callBoundMethod()
#35 C:/xamppnew/htdocs/SSP2-Assignment/Application/TyperDis/vendor/laravel/framework/src/Illuminate/Container/Container.php(803): Illuminate/Container/BoundMethod::call()
#36 C:/xamppnew/htdocs/SSP2-Assignment/Application/TyperDis/vendor/laravel/framework/src/Illuminate/Console/Command.php(292): Illuminate/Container/Container->call()
#37 C:/xamppnew/htdocs/SSP2-Assignment/Application/TyperDis/vendor/symfony/console/Command/Command.php(285): Illuminate/Console/Command->execute()
#38 C:/xamppnew/htdocs/SSP2-Assignment/Application/TyperDis/vendor/laravel/framework/src/Illuminate/Console/Command.php(261): Symfony/Component/Console/Command/Command->run()
#39 C:/xamppnew/htdocs/SSP2-Assignment/Application/TyperDis/vendor/symfony/console/Application.php(1144): Illuminate/Console/Command->run()
#40 C:/xamppnew/htdocs/SSP2-Assignment/Application/TyperDis/vendor/symfony/console/Application.php(379): Symfony/Component/Console/Application->doRunCommand()
#41 C:/xamppnew/htdocs/SSP2-Assignment/Application/TyperDis/vendor/symfony/console/Application.php(218): Symfony/Component/Console/Application->doRun()
#42 C:/xamppnew/htdocs/SSP2-Assignment/Application/TyperDis/vendor/laravel/framework/src/Illuminate/Foundation/Console/Kernel.php(198): Symfony/Component/Console/Application->run()
#43 C:/xamppnew/htdocs/SSP2-Assignment/Application/TyperDis/vendor/laravel/framework/src/Illuminate/Foundation/Application.php(1242): Illuminate/Foundation/Console/Kernel->handle()
#44 C:/xamppnew/htdocs/SSP2-Assignment/Application/TyperDis/artisan(16): Illuminate/Foundation/Application->handleCommand()
#45 {main}

[previous exception] [object] (PDOException(code: HY000): SQLSTATE[HY000]: General error: 1005 Can't create table `mydatabase`.`account` (errno: 150 \"Foreign key constraint is incorrectly formed\") at C:/xamppnew/htdocs/SSP2-Assignment/Application/TyperDis/vendor/laravel/framework/src/Illuminate/Database/Connection.php:601)
[stacktrace]
#0 C:/xamppnew/htdocs/SSP2-Assignment/Application/TyperDis/vendor/laravel/framework/src/Illuminate/Database/Connection.php(601): PDOStatement->execute()
#1 C:/xamppnew/htdocs/SSP2-Assignment/Application/TyperDis/vendor/laravel/framework/src/Illuminate/Database/Connection.php(846): Illuminate/Database/Connection->{closure:Illuminate/Database/Connection::statement():590}()
#2 C:/xamppnew/htdocs/SSP2-Assignment/Application/TyperDis/vendor/laravel/framework/src/Illuminate/Database/Connection.php(813): Illuminate/Database/Connection->runQueryCallback()
#3 C:/xamppnew/htdocs/SSP2-Assignment/Application/TyperDis/vendor/laravel/framework/src/Illuminate/Database/Connection.php(590): Illuminate/Database/Connection->run()
#4 C:/xamppnew/htdocs/SSP2-Assignment/Application/TyperDis/vendor/laravel/framework/src/Illuminate/Database/Schema/Blueprint.php(122): Illuminate/Database/Connection->statement()
#5 C:/xamppnew/htdocs/SSP2-Assignment/Application/TyperDis/vendor/laravel/framework/src/Illuminate/Database/Schema/Builder.php(702): Illuminate/Database/Schema/Blueprint->build()
#6 C:/xamppnew/htdocs/SSP2-Assignment/Application/TyperDis/vendor/laravel/framework/src/Illuminate/Database/Schema/Builder.php(520): Illuminate/Database/Schema/Builder->build()
#7 C:/xamppnew/htdocs/SSP2-Assignment/Application/TyperDis/vendor/laravel/framework/src/Illuminate/Support/Facades/Facade.php(364): Illuminate/Database/Schema/Builder->create()
#8 C:/xamppnew/htdocs/SSP2-Assignment/Application/TyperDis/database/migrations/2026_09_10_012944_create_account_table.php(14): Illuminate/Support/Facades/Facade::__callStatic()
#9 C:/xamppnew/htdocs/SSP2-Assignment/Application/TyperDis/vendor/laravel/framework/src/Illuminate/Database/Migrations/Migrator.php(517): Illuminate/Database/Migrations/Migration@anonymous->up()
#10 C:/xamppnew/htdocs/SSP2-Assignment/Application/TyperDis/vendor/laravel/framework/src/Illuminate/Database/Migrations/Migrator.php(442): Illuminate/Database/Migrations/Migrator->runMethod()
#11 C:/xamppnew/htdocs/SSP2-Assignment/Application/TyperDis/vendor/laravel/framework/src/Illuminate/Database/Migrations/Migrator.php(451): Illuminate/Database/Migrations/Migrator->{closure:Illuminate/Database/Migrations/Migrator::runMigration():438}()
#12 C:/xamppnew/htdocs/SSP2-Assignment/Application/TyperDis/vendor/laravel/framework/src/Illuminate/Database/Migrations/Migrator.php(253): Illuminate/Database/Migrations/Migrator->runMigration()
#13 C:/xamppnew/htdocs/SSP2-Assignment/Application/TyperDis/vendor/laravel/framework/src/Illuminate/Console/View/Components/Task.php(43): Illuminate/Database/Migrations/Migrator->{closure:Illuminate/Database/Migrations/Migrator::runUp():253}()
#14 C:/xamppnew/htdocs/SSP2-Assignment/Application/TyperDis/vendor/laravel/framework/src/Illuminate/Database/Migrations/Migrator.php(853): Illuminate/Console/View/Components/Task->render()
#15 C:/xamppnew/htdocs/SSP2-Assignment/Application/TyperDis/vendor/laravel/framework/src/Illuminate/Database/Migrations/Migrator.php(253): Illuminate/Database/Migrations/Migrator->write()
#16 C:/xamppnew/htdocs/SSP2-Assignment/Application/TyperDis/vendor/laravel/framework/src/Illuminate/Database/Migrations/Migrator.php(211): Illuminate/Database/Migrations/Migrator->runUp()
#17 C:/xamppnew/htdocs/SSP2-Assignment/Application/TyperDis/vendor/laravel/framework/src/Illuminate/Database/Migrations/Migrator.php(138): Illuminate/Database/Migrations/Migrator->runPending()
#18 C:/xamppnew/htdocs/SSP2-Assignment/Application/TyperDis/vendor/laravel/framework/src/Illuminate/Database/Console/Migrations/MigrateCommand.php(118): Illuminate/Database/Migrations/Migrator->run()
#19 C:/xamppnew/htdocs/SSP2-Assignment/Application/TyperDis/vendor/laravel/framework/src/Illuminate/Database/Migrations/Migrator.php(672): Illuminate/Database/Console/Migrations/MigrateCommand->{closure:Illuminate/Database/Console/Migrations/MigrateCommand::runMigrations():111}()
#20 C:/xamppnew/htdocs/SSP2-Assignment/Application/TyperDis/vendor/laravel/framework/src/Illuminate/Database/Console/Migrations/MigrateCommand.php(111): Illuminate/Database/Migrations/Migrator->usingConnection()
#21 C:/xamppnew/htdocs/SSP2-Assignment/Application/TyperDis/vendor/laravel/framework/src/Illuminate/Database/Console/Migrations/MigrateCommand.php(90): Illuminate/Database/Console/Migrations/MigrateCommand->runMigrations()
#22 C:/xamppnew/htdocs/SSP2-Assignment/Application/TyperDis/vendor/laravel/framework/src/Illuminate/Container/BoundMethod.php(36): Illuminate/Database/Console/Migrations/MigrateCommand->handle()
#23 C:/xamppnew/htdocs/SSP2-Assignment/Application/TyperDis/vendor/laravel/framework/src/Illuminate/Container/Util.php(43): Illuminate/Container/BoundMethod::{closure:Illuminate/Container/BoundMethod::call():35}()
#24 C:/xamppnew/htdocs/SSP2-Assignment/Application/TyperDis/vendor/laravel/framework/src/Illuminate/Container/BoundMethod.php(96): Illuminate/Container/Util::unwrapIfClosure()
#25 C:/xamppnew/htdocs/SSP2-Assignment/Application/TyperDis/vendor/laravel/framework/src/Illuminate/Container/BoundMethod.php(35): Illuminate/Container/BoundMethod::callBoundMethod()
#26 C:/xamppnew/htdocs/SSP2-Assignment/Application/TyperDis/vendor/laravel/framework/src/Illuminate/Container/Container.php(803): Illuminate/Container/BoundMethod::call()
#27 C:/xamppnew/htdocs/SSP2-Assignment/Application/TyperDis/vendor/laravel/framework/src/Illuminate/Console/Command.php(292): Illuminate/Container/Container->call()
#28 C:/xamppnew/htdocs/SSP2-Assignment/Application/TyperDis/vendor/symfony/console/Command/Command.php(285): Illuminate/Console/Command->execute()
#29 C:/xamppnew/htdocs/SSP2-Assignment/Application/TyperDis/vendor/laravel/framework/src/Illuminate/Console/Command.php(261): Symfony/Component/Console/Command/Command->run()
#30 C:/xamppnew/htdocs/SSP2-Assignment/Application/TyperDis/vendor/laravel/framework/src/Illuminate/Console/Concerns/CallsCommands.php(68): Illuminate/Console/Command->run()
#31 C:/xamppnew/htdocs/SSP2-Assignment/Application/TyperDis/vendor/laravel/framework/src/Illuminate/Console/Concerns/CallsCommands.php(29): Illuminate/Console/Command->runCommand()
#32 C:/xamppnew/htdocs/SSP2-Assignment/Application/TyperDis/vendor/laravel/framework/src/Illuminate/Database/Console/Migrations/FreshCommand.php(96): Illuminate/Console/Command->call()
#33 C:/xamppnew/htdocs/SSP2-Assignment/Application/TyperDis/vendor/laravel/framework/src/Illuminate/Container/BoundMethod.php(36): Illuminate/Database/Console/Migrations/FreshCommand->handle()
#34 C:/xamppnew/htdocs/SSP2-Assignment/Application/TyperDis/vendor/laravel/framework/src/Illuminate/Container/Util.php(43): Illuminate/Container/BoundMethod::{closure:Illuminate/Container/BoundMethod::call():35}()
#35 C:/xamppnew/htdocs/SSP2-Assignment/Application/TyperDis/vendor/laravel/framework/src/Illuminate/Container/BoundMethod.php(96): Illuminate/Container/Util::unwrapIfClosure()
#36 C:/xamppnew/htdocs/SSP2-Assignment/Application/TyperDis/vendor/laravel/framework/src/Illuminate/Container/BoundMethod.php(35): Illuminate/Container/BoundMethod::callBoundMethod()
#37 C:/xamppnew/htdocs/SSP2-Assignment/Application/TyperDis/vendor/laravel/framework/src/Illuminate/Container/Container.php(803): Illuminate/Container/BoundMethod::call()
#38 C:/xamppnew/htdocs/SSP2-Assignment/Application/TyperDis/vendor/laravel/framework/src/Illuminate/Console/Command.php(292): Illuminate/Container/Container->call()
#39 C:/xamppnew/htdocs/SSP2-Assignment/Application/TyperDis/vendor/symfony/console/Command/Command.php(285): Illuminate/Console/Command->execute()
#40 C:/xamppnew/htdocs/SSP2-Assignment/Application/TyperDis/vendor/laravel/framework/src/Illuminate/Console/Command.php(261): Symfony/Component/Console/Command/Command->run()
#41 C:/xamppnew/htdocs/SSP2-Assignment/Application/TyperDis/vendor/symfony/console/Application.php(1144): Illuminate/Console/Command->run()
#42 C:/xamppnew/htdocs/SSP2-Assignment/Application/TyperDis/vendor/symfony/console/Application.php(379): Symfony/Component/Console/Application->doRunCommand()
#43 C:/xamppnew/htdocs/SSP2-Assignment/Application/TyperDis/vendor/symfony/console/Application.php(218): Symfony/Component/Console/Application->doRun()
#44 C:/xamppnew/htdocs/SSP2-Assignment/Application/TyperDis/vendor/laravel/framework/src/Illuminate/Foundation/Console/Kernel.php(198): Symfony/Component/Console/Application->run()
#45 C:/xamppnew/htdocs/SSP2-Assignment/Application/TyperDis/vendor/laravel/framework/src/Illuminate/Foundation/Application.php(1242): Illuminate/Foundation/Console/Kernel->handle()
#46 C:/xamppnew/htdocs/SSP2-Assignment/Application/TyperDis/artisan(16): Illuminate/Foundation/Application->handleCommand()
#47 {main}
"} 
[2026-09-11 05:31:37] local.ERROR: SQLSTATE[HY000]: General error: 1005 Can't create table `mydatabase`.`account` (errno: 150 "Foreign key constraint is incorrectly formed") (Connection: mysql, Host: 127.0.0.1, Port: 3306, Database: mydatabase, SQL: alter table `account` add constraint `account_user_id_foreign` foreign key (`user_id`) references `user` (`user_id`)) {"exception":"[object] (Illuminate\\Database\\QueryException(code: HY000): SQLSTATE[HY000]: General error: 1005 Can't create table `mydatabase`.`account` (errno: 150 \"Foreign key constraint is incorrectly formed\") (Connection: mysql, Host: 127.0.0.1, Port: 3306, Database: mydatabase, SQL: alter table `account` add constraint `account_user_id_foreign` foreign key (`user_id`) references `user` (`user_id`)) at C:/xamppnew/htdocs/SSP2-Assignment/Application/TyperDis/vendor/laravel/framework/src/Illuminate/Database/Connection.php:857)
[stacktrace]
#0 C:/xamppnew/htdocs/SSP2-Assignment/Application/TyperDis/vendor/laravel/framework/src/Illuminate/Database/Connection.php(813): Illuminate/Database/Connection->runQueryCallback()
#1 C:/xamppnew/htdocs/SSP2-Assignment/Application/TyperDis/vendor/laravel/framework/src/Illuminate/Database/Connection.php(590): Illuminate/Database/Connection->run()
#2 C:/xamppnew/htdocs/SSP2-Assignment/Application/TyperDis/vendor/laravel/framework/src/Illuminate/Database/Schema/Blueprint.php(122): Illuminate/Database/Connection->statement()
#3 C:/xamppnew/htdocs/SSP2-Assignment/Application/TyperDis/vendor/laravel/framework/src/Illuminate/Database/Schema/Builder.php(702): Illuminate/Database/Schema/Blueprint->build()
#4 C:/xamppnew/htdocs/SSP2-Assignment/Application/TyperDis/vendor/laravel/framework/src/Illuminate/Database/Schema/Builder.php(520): Illuminate/Database/Schema/Builder->build()
#5 C:/xamppnew/htdocs/SSP2-Assignment/Application/TyperDis/vendor/laravel/framework/src/Illuminate/Support/Facades/Facade.php(364): Illuminate/Database/Schema/Builder->create()
#6 C:/xamppnew/htdocs/SSP2-Assignment/Application/TyperDis/database/migrations/2026_09_10_012944_create_account_table.php(14): Illuminate/Support/Facades/Facade::__callStatic()
#7 C:/xamppnew/htdocs/SSP2-Assignment/Application/TyperDis/vendor/laravel/framework/src/Illuminate/Database/Migrations/Migrator.php(517): Illuminate/Database/Migrations/Migration@anonymous->up()
#8 C:/xamppnew/htdocs/SSP2-Assignment/Application/TyperDis/vendor/laravel/framework/src/Illuminate/Database/Migrations/Migrator.php(442): Illuminate/Database/Migrations/Migrator->runMethod()
#9 C:/xamppnew/htdocs/SSP2-Assignment/Application/TyperDis/vendor/laravel/framework/src/Illuminate/Database/Migrations/Migrator.php(451): Illuminate/Database/Migrations/Migrator->{closure:Illuminate/Database/Migrations/Migrator::runMigration():438}()
#10 C:/xamppnew/htdocs/SSP2-Assignment/Application/TyperDis/vendor/laravel/framework/src/Illuminate/Database/Migrations/Migrator.php(253): Illuminate/Database/Migrations/Migrator->runMigration()
#11 C:/xamppnew/htdocs/SSP2-Assignment/Application/TyperDis/vendor/laravel/framework/src/Illuminate/Console/View/Components/Task.php(43): Illuminate/Database/Migrations/Migrator->{closure:Illuminate/Database/Migrations/Migrator::runUp():253}()
#12 C:/xamppnew/htdocs/SSP2-Assignment/Application/TyperDis/vendor/laravel/framework/src/Illuminate/Database/Migrations/Migrator.php(853): Illuminate/Console/View/Components/Task->render()
#13 C:/xamppnew/htdocs/SSP2-Assignment/Application/TyperDis/vendor/laravel/framework/src/Illuminate/Database/Migrations/Migrator.php(253): Illuminate/Database/Migrations/Migrator->write()
#14 C:/xamppnew/htdocs/SSP2-Assignment/Application/TyperDis/vendor/laravel/framework/src/Illuminate/Database/Migrations/Migrator.php(211): Illuminate/Database/Migrations/Migrator->runUp()
#15 C:/xamppnew/htdocs/SSP2-Assignment/Application/TyperDis/vendor/laravel/framework/src/Illuminate/Database/Migrations/Migrator.php(138): Illuminate/Database/Migrations/Migrator->runPending()
#16 C:/xamppnew/htdocs/SSP2-Assignment/Application/TyperDis/vendor/laravel/framework/src/Illuminate/Database/Console/Migrations/MigrateCommand.php(118): Illuminate/Database/Migrations/Migrator->run()
#17 C:/xamppnew/htdocs/SSP2-Assignment/Application/TyperDis/vendor/laravel/framework/src/Illuminate/Database/Migrations/Migrator.php(672): Illuminate/Database/Console/Migrations/MigrateCommand->{closure:Illuminate/Database/Console/Migrations/MigrateCommand::runMigrations():111}()
#18 C:/xamppnew/htdocs/SSP2-Assignment/Application/TyperDis/vendor/laravel/framework/src/Illuminate/Database/Console/Migrations/MigrateCommand.php(111): Illuminate/Database/Migrations/Migrator->usingConnection()
#19 C:/xamppnew/htdocs/SSP2-Assignment/Application/TyperDis/vendor/laravel/framework/src/Illuminate/Database/Console/Migrations/MigrateCommand.php(90): Illuminate/Database/Console/Migrations/MigrateCommand->runMigrations()
#20 C:/xamppnew/htdocs/SSP2-Assignment/Application/TyperDis/vendor/laravel/framework/src/Illuminate/Container/BoundMethod.php(36): Illuminate/Database/Console/Migrations/MigrateCommand->handle()
#21 C:/xamppnew/htdocs/SSP2-Assignment/Application/TyperDis/vendor/laravel/framework/src/Illuminate/Container/Util.php(43): Illuminate/Container/BoundMethod::{closure:Illuminate/Container/BoundMethod::call():35}()
#22 C:/xamppnew/htdocs/SSP2-Assignment/Application/TyperDis/vendor/laravel/framework/src/Illuminate/Container/BoundMethod.php(96): Illuminate/Container/Util::unwrapIfClosure()
#23 C:/xamppnew/htdocs/SSP2-Assignment/Application/TyperDis/vendor/laravel/framework/src/Illuminate/Container/BoundMethod.php(35): Illuminate/Container/BoundMethod::callBoundMethod()
#24 C:/xamppnew/htdocs/SSP2-Assignment/Application/TyperDis/vendor/laravel/framework/src/Illuminate/Container/Container.php(803): Illuminate/Container/BoundMethod::call()
#25 C:/xamppnew/htdocs/SSP2-Assignment/Application/TyperDis/vendor/laravel/framework/src/Illuminate/Console/Command.php(292): Illuminate/Container/Container->call()
#26 C:/xamppnew/htdocs/SSP2-Assignment/Application/TyperDis/vendor/symfony/console/Command/Command.php(285): Illuminate/Console/Command->execute()
#27 C:/xamppnew/htdocs/SSP2-Assignment/Application/TyperDis/vendor/laravel/framework/src/Illuminate/Console/Command.php(261): Symfony/Component/Console/Command/Command->run()
#28 C:/xamppnew/htdocs/SSP2-Assignment/Application/TyperDis/vendor/laravel/framework/src/Illuminate/Console/Concerns/CallsCommands.php(68): Illuminate/Console/Command->run()
#29 C:/xamppnew/htdocs/SSP2-Assignment/Application/TyperDis/vendor/laravel/framework/src/Illuminate/Console/Concerns/CallsCommands.php(29): Illuminate/Console/Command->runCommand()
#30 C:/xamppnew/htdocs/SSP2-Assignment/Application/TyperDis/vendor/laravel/framework/src/Illuminate/Database/Console/Migrations/FreshCommand.php(96): Illuminate/Console/Command->call()
#31 C:/xamppnew/htdocs/SSP2-Assignment/Application/TyperDis/vendor/laravel/framework/src/Illuminate/Container/BoundMethod.php(36): Illuminate/Database/Console/Migrations/FreshCommand->handle()
#32 C:/xamppnew/htdocs/SSP2-Assignment/Application/TyperDis/vendor/laravel/framework/src/Illuminate/Container/Util.php(43): Illuminate/Container/BoundMethod::{closure:Illuminate/Container/BoundMethod::call():35}()
#33 C:/xamppnew/htdocs/SSP2-Assignment/Application/TyperDis/vendor/laravel/framework/src/Illuminate/Container/BoundMethod.php(96): Illuminate/Container/Util::unwrapIfClosure()
#34 C:/xamppnew/htdocs/SSP2-Assignment/Application/TyperDis/vendor/laravel/framework/src/Illuminate/Container/BoundMethod.php(35): Illuminate/Container/BoundMethod::callBoundMethod()
#35 C:/xamppnew/htdocs/SSP2-Assignment/Application/TyperDis/vendor/laravel/framework/src/Illuminate/Container/Container.php(803): Illuminate/Container/BoundMethod::call()
#36 C:/xamppnew/htdocs/SSP2-Assignment/Application/TyperDis/vendor/laravel/framework/src/Illuminate/Console/Command.php(292): Illuminate/Container/Container->call()
#37 C:/xamppnew/htdocs/SSP2-Assignment/Application/TyperDis/vendor/symfony/console/Command/Command.php(285): Illuminate/Console/Command->execute()
#38 C:/xamppnew/htdocs/SSP2-Assignment/Application/TyperDis/vendor/laravel/framework/src/Illuminate/Console/Command.php(261): Symfony/Component/Console/Command/Command->run()
#39 C:/xamppnew/htdocs/SSP2-Assignment/Application/TyperDis/vendor/symfony/console/Application.php(1144): Illuminate/Console/Command->run()
#40 C:/xamppnew/htdocs/SSP2-Assignment/Application/TyperDis/vendor/symfony/console/Application.php(379): Symfony/Component/Console/Application->doRunCommand()
#41 C:/xamppnew/htdocs/SSP2-Assignment/Application/TyperDis/vendor/symfony/console/Application.php(218): Symfony/Component/Console/Application->doRun()
#42 C:/xamppnew/htdocs/SSP2-Assignment/Application/TyperDis/vendor/laravel/framework/src/Illuminate/Foundation/Console/Kernel.php(198): Symfony/Component/Console/Application->run()
#43 C:/xamppnew/htdocs/SSP2-Assignment/Application/TyperDis/vendor/laravel/framework/src/Illuminate/Foundation/Application.php(1242): Illuminate/Foundation/Console/Kernel->handle()
#44 C:/xamppnew/htdocs/SSP2-Assignment/Application/TyperDis/artisan(16): Illuminate/Foundation/Application->handleCommand()
#45 {main}

[previous exception] [object] (PDOException(code: HY000): SQLSTATE[HY000]: General error: 1005 Can't create table `mydatabase`.`account` (errno: 150 \"Foreign key constraint is incorrectly formed\") at C:/xamppnew/htdocs/SSP2-Assignment/Application/TyperDis/vendor/laravel/framework/src/Illuminate/Database/Connection.php:601)
[stacktrace]
#0 C:/xamppnew/htdocs/SSP2-Assignment/Application/TyperDis/vendor/laravel/framework/src/Illuminate/Database/Connection.php(601): PDOStatement->execute()
#1 C:/xamppnew/htdocs/SSP2-Assignment/Application/TyperDis/vendor/laravel/framework/src/Illuminate/Database/Connection.php(846): Illuminate/Database/Connection->{closure:Illuminate/Database/Connection::statement():590}()
#2 C:/xamppnew/htdocs/SSP2-Assignment/Application/TyperDis/vendor/laravel/framework/src/Illuminate/Database/Connection.php(813): Illuminate/Database/Connection->runQueryCallback()
#3 C:/xamppnew/htdocs/SSP2-Assignment/Application/TyperDis/vendor/laravel/framework/src/Illuminate/Database/Connection.php(590): Illuminate/Database/Connection->run()
#4 C:/xamppnew/htdocs/SSP2-Assignment/Application/TyperDis/vendor/laravel/framework/src/Illuminate/Database/Schema/Blueprint.php(122): Illuminate/Database/Connection->statement()
#5 C:/xamppnew/htdocs/SSP2-Assignment/Application/TyperDis/vendor/laravel/framework/src/Illuminate/Database/Schema/Builder.php(702): Illuminate/Database/Schema/Blueprint->build()
#6 C:/xamppnew/htdocs/SSP2-Assignment/Application/TyperDis/vendor/laravel/framework/src/Illuminate/Database/Schema/Builder.php(520): Illuminate/Database/Schema/Builder->build()
#7 C:/xamppnew/htdocs/SSP2-Assignment/Application/TyperDis/vendor/laravel/framework/src/Illuminate/Support/Facades/Facade.php(364): Illuminate/Database/Schema/Builder->create()
#8 C:/xamppnew/htdocs/SSP2-Assignment/Application/TyperDis/database/migrations/2026_09_10_012944_create_account_table.php(14): Illuminate/Support/Facades/Facade::__callStatic()
#9 C:/xamppnew/htdocs/SSP2-Assignment/Application/TyperDis/vendor/laravel/framework/src/Illuminate/Database/Migrations/Migrator.php(517): Illuminate/Database/Migrations/Migration@anonymous->up()
#10 C:/xamppnew/htdocs/SSP2-Assignment/Application/TyperDis/vendor/laravel/framework/src/Illuminate/Database/Migrations/Migrator.php(442): Illuminate/Database/Migrations/Migrator->runMethod()
#11 C:/xamppnew/htdocs/SSP2-Assignment/Application/TyperDis/vendor/laravel/framework/src/Illuminate/Database/Migrations/Migrator.php(451): Illuminate/Database/Migrations/Migrator->{closure:Illuminate/Database/Migrations/Migrator::runMigration():438}()
#12 C:/xamppnew/htdocs/SSP2-Assignment/Application/TyperDis/vendor/laravel/framework/src/Illuminate/Database/Migrations/Migrator.php(253): Illuminate/Database/Migrations/Migrator->runMigration()
#13 C:/xamppnew/htdocs/SSP2-Assignment/Application/TyperDis/vendor/laravel/framework/src/Illuminate/Console/View/Components/Task.php(43): Illuminate/Database/Migrations/Migrator->{closure:Illuminate/Database/Migrations/Migrator::runUp():253}()
#14 C:/xamppnew/htdocs/SSP2-Assignment/Application/TyperDis/vendor/laravel/framework/src/Illuminate/Database/Migrations/Migrator.php(853): Illuminate/Console/View/Components/Task->render()
#15 C:/xamppnew/htdocs/SSP2-Assignment/Application/TyperDis/vendor/laravel/framework/src/Illuminate/Database/Migrations/Migrator.php(253): Illuminate/Database/Migrations/Migrator->write()
#16 C:/xamppnew/htdocs/SSP2-Assignment/Application/TyperDis/vendor/laravel/framework/src/Illuminate/Database/Migrations/Migrator.php(211): Illuminate/Database/Migrations/Migrator->runUp()
#17 C:/xamppnew/htdocs/SSP2-Assignment/Application/TyperDis/vendor/laravel/framework/src/Illuminate/Database/Migrations/Migrator.php(138): Illuminate/Database/Migrations/Migrator->runPending()
#18 C:/xamppnew/htdocs/SSP2-Assignment/Application/TyperDis/vendor/laravel/framework/src/Illuminate/Database/Console/Migrations/MigrateCommand.php(118): Illuminate/Database/Migrations/Migrator->run()
#19 C:/xamppnew/htdocs/SSP2-Assignment/Application/TyperDis/vendor/laravel/framework/src/Illuminate/Database/Migrations/Migrator.php(672): Illuminate/Database/Console/Migrations/MigrateCommand->{closure:Illuminate/Database/Console/Migrations/MigrateCommand::runMigrations():111}()
#20 C:/xamppnew/htdocs/SSP2-Assignment/Application/TyperDis/vendor/laravel/framework/src/Illuminate/Database/Console/Migrations/MigrateCommand.php(111): Illuminate/Database/Migrations/Migrator->usingConnection()
#21 C:/xamppnew/htdocs/SSP2-Assignment/Application/TyperDis/vendor/laravel/framework/src/Illuminate/Database/Console/Migrations/MigrateCommand.php(90): Illuminate/Database/Console/Migrations/MigrateCommand->runMigrations()
#22 C:/xamppnew/htdocs/SSP2-Assignment/Application/TyperDis/vendor/laravel/framework/src/Illuminate/Container/BoundMethod.php(36): Illuminate/Database/Console/Migrations/MigrateCommand->handle()
#23 C:/xamppnew/htdocs/SSP2-Assignment/Application/TyperDis/vendor/laravel/framework/src/Illuminate/Container/Util.php(43): Illuminate/Container/BoundMethod::{closure:Illuminate/Container/BoundMethod::call():35}()
#24 C:/xamppnew/htdocs/SSP2-Assignment/Application/TyperDis/vendor/laravel/framework/src/Illuminate/Container/BoundMethod.php(96): Illuminate/Container/Util::unwrapIfClosure()
#25 C:/xamppnew/htdocs/SSP2-Assignment/Application/TyperDis/vendor/laravel/framework/src/Illuminate/Container/BoundMethod.php(35): Illuminate/Container/BoundMethod::callBoundMethod()
#26 C:/xamppnew/htdocs/SSP2-Assignment/Application/TyperDis/vendor/laravel/framework/src/Illuminate/Container/Container.php(803): Illuminate/Container/BoundMethod::call()
#27 C:/xamppnew/htdocs/SSP2-Assignment/Application/TyperDis/vendor/laravel/framework/src/Illuminate/Console/Command.php(292): Illuminate/Container/Container->call()
#28 C:/xamppnew/htdocs/SSP2-Assignment/Application/TyperDis/vendor/symfony/console/Command/Command.php(285): Illuminate/Console/Command->execute()
#29 C:/xamppnew/htdocs/SSP2-Assignment/Application/TyperDis/vendor/laravel/framework/src/Illuminate/Console/Command.php(261): Symfony/Component/Console/Command/Command->run()
#30 C:/xamppnew/htdocs/SSP2-Assignment/Application/TyperDis/vendor/laravel/framework/src/Illuminate/Console/Concerns/CallsCommands.php(68): Illuminate/Console/Command->run()
#31 C:/xamppnew/htdocs/SSP2-Assignment/Application/TyperDis/vendor/laravel/framework/src/Illuminate/Console/Concerns/CallsCommands.php(29): Illuminate/Console/Command->runCommand()
#32 C:/xamppnew/htdocs/SSP2-Assignment/Application/TyperDis/vendor/laravel/framework/src/Illuminate/Database/Console/Migrations/FreshCommand.php(96): Illuminate/Console/Command->call()
#33 C:/xamppnew/htdocs/SSP2-Assignment/Application/TyperDis/vendor/laravel/framework/src/Illuminate/Container/BoundMethod.php(36): Illuminate/Database/Console/Migrations/FreshCommand->handle()
#34 C:/xamppnew/htdocs/SSP2-Assignment/Application/TyperDis/vendor/laravel/framework/src/Illuminate/Container/Util.php(43): Illuminate/Container/BoundMethod::{closure:Illuminate/Container/BoundMethod::call():35}()
#35 C:/xamppnew/htdocs/SSP2-Assignment/Application/TyperDis/vendor/laravel/framework/src/Illuminate/Container/BoundMethod.php(96): Illuminate/Container/Util::unwrapIfClosure()
#36 C:/xamppnew/htdocs/SSP2-Assignment/Application/TyperDis/vendor/laravel/framework/src/Illuminate/Container/BoundMethod.php(35): Illuminate/Container/BoundMethod::callBoundMethod()
#37 C:/xamppnew/htdocs/SSP2-Assignment/Application/TyperDis/vendor/laravel/framework/src/Illuminate/Container/Container.php(803): Illuminate/Container/BoundMethod::call()
#38 C:/xamppnew/htdocs/SSP2-Assignment/Application/TyperDis/vendor/laravel/framework/src/Illuminate/Console/Command.php(292): Illuminate/Container/Container->call()
#39 C:/xamppnew/htdocs/SSP2-Assignment/Application/TyperDis/vendor/symfony/console/Command/Command.php(285): Illuminate/Console/Command->execute()
#40 C:/xamppnew/htdocs/SSP2-Assignment/Application/TyperDis/vendor/laravel/framework/src/Illuminate/Console/Command.php(261): Symfony/Component/Console/Command/Command->run()
#41 C:/xamppnew/htdocs/SSP2-Assignment/Application/TyperDis/vendor/symfony/console/Application.php(1144): Illuminate/Console/Command->run()
#42 C:/xamppnew/htdocs/SSP2-Assignment/Application/TyperDis/vendor/symfony/console/Application.php(379): Symfony/Component/Console/Application->doRunCommand()
#43 C:/xamppnew/htdocs/SSP2-Assignment/Application/TyperDis/vendor/symfony/console/Application.php(218): Symfony/Component/Console/Application->doRun()
#44 C:/xamppnew/htdocs/SSP2-Assignment/Application/TyperDis/vendor/laravel/framework/src/Illuminate/Foundation/Console/Kernel.php(198): Symfony/Component/Console/Application->run()
#45 C:/xamppnew/htdocs/SSP2-Assignment/Application/TyperDis/vendor/laravel/framework/src/Illuminate/Foundation/Application.php(1242): Illuminate/Foundation/Console/Kernel->handle()
#46 C:/xamppnew/htdocs/SSP2-Assignment/Application/TyperDis/artisan(16): Illuminate/Foundation/Application->handleCommand()
#47 {main}
"} 
[2026-09-11 05:44:32] local.ERROR: SQLSTATE[HY000]: General error: 1005 Can't create table `mydatabase`.`account` (errno: 150 "Foreign key constraint is incorrectly formed") (Connection: mysql, Host: 127.0.0.1, Port: 3306, Database: mydatabase, SQL: alter table `account` add constraint `account_user_id_foreign` foreign key (`user_id`) references `user` (`user_id`)) {"exception":"[object] (Illuminate\\Database\\QueryException(code: HY000): SQLSTATE[HY000]: General error: 1005 Can't create table `mydatabase`.`account` (errno: 150 \"Foreign key constraint is incorrectly formed\") (Connection: mysql, Host: 127.0.0.1, Port: 3306, Database: mydatabase, SQL: alter table `account` add constraint `account_user_id_foreign` foreign key (`user_id`) references `user` (`user_id`)) at C:/xamppnew/htdocs/SSP2-Assignment/Application/TyperDis/vendor/laravel/framework/src/Illuminate/Database/Connection.php:857)
[stacktrace]
#0 C:/xamppnew/htdocs/SSP2-Assignment/Application/TyperDis/vendor/laravel/framework/src/Illuminate/Database/Connection.php(813): Illuminate/Database/Connection->runQueryCallback()
#1 C:/xamppnew/htdocs/SSP2-Assignment/Application/TyperDis/vendor/laravel/framework/src/Illuminate/Database/Connection.php(590): Illuminate/Database/Connection->run()
#2 C:/xamppnew/htdocs/SSP2-Assignment/Application/TyperDis/vendor/laravel/framework/src/Illuminate/Database/Schema/Blueprint.php(122): Illuminate/Database/Connection->statement()
#3 C:/xamppnew/htdocs/SSP2-Assignment/Application/TyperDis/vendor/laravel/framework/src/Illuminate/Database/Schema/Builder.php(702): Illuminate/Database/Schema/Blueprint->build()
#4 C:/xamppnew/htdocs/SSP2-Assignment/Application/TyperDis/vendor/laravel/framework/src/Illuminate/Database/Schema/Builder.php(520): Illuminate/Database/Schema/Builder->build()
#5 C:/xamppnew/htdocs/SSP2-Assignment/Application/TyperDis/vendor/laravel/framework/src/Illuminate/Support/Facades/Facade.php(364): Illuminate/Database/Schema/Builder->create()
#6 C:/xamppnew/htdocs/SSP2-Assignment/Application/TyperDis/database/migrations/2026_09_10_012944_create_account_table.php(14): Illuminate/Support/Facades/Facade::__callStatic()
#7 C:/xamppnew/htdocs/SSP2-Assignment/Application/TyperDis/vendor/laravel/framework/src/Illuminate/Database/Migrations/Migrator.php(517): Illuminate/Database/Migrations/Migration@anonymous->up()
#8 C:/xamppnew/htdocs/SSP2-Assignment/Application/TyperDis/vendor/laravel/framework/src/Illuminate/Database/Migrations/Migrator.php(442): Illuminate/Database/Migrations/Migrator->runMethod()
#9 C:/xamppnew/htdocs/SSP2-Assignment/Application/TyperDis/vendor/laravel/framework/src/Illuminate/Database/Migrations/Migrator.php(451): Illuminate/Database/Migrations/Migrator->{closure:Illuminate/Database/Migrations/Migrator::runMigration():438}()
#10 C:/xamppnew/htdocs/SSP2-Assignment/Application/TyperDis/vendor/laravel/framework/src/Illuminate/Database/Migrations/Migrator.php(253): Illuminate/Database/Migrations/Migrator->runMigration()
#11 C:/xamppnew/htdocs/SSP2-Assignment/Application/TyperDis/vendor/laravel/framework/src/Illuminate/Console/View/Components/Task.php(43): Illuminate/Database/Migrations/Migrator->{closure:Illuminate/Database/Migrations/Migrator::runUp():253}()
#12 C:/xamppnew/htdocs/SSP2-Assignment/Application/TyperDis/vendor/laravel/framework/src/Illuminate/Database/Migrations/Migrator.php(853): Illuminate/Console/View/Components/Task->render()
#13 C:/xamppnew/htdocs/SSP2-Assignment/Application/TyperDis/vendor/laravel/framework/src/Illuminate/Database/Migrations/Migrator.php(253): Illuminate/Database/Migrations/Migrator->write()
#14 C:/xamppnew/htdocs/SSP2-Assignment/Application/TyperDis/vendor/laravel/framework/src/Illuminate/Database/Migrations/Migrator.php(211): Illuminate/Database/Migrations/Migrator->runUp()
#15 C:/xamppnew/htdocs/SSP2-Assignment/Application/TyperDis/vendor/laravel/framework/src/Illuminate/Database/Migrations/Migrator.php(138): Illuminate/Database/Migrations/Migrator->runPending()
#16 C:/xamppnew/htdocs/SSP2-Assignment/Application/TyperDis/vendor/laravel/framework/src/Illuminate/Database/Console/Migrations/MigrateCommand.php(118): Illuminate/Database/Migrations/Migrator->run()
#17 C:/xamppnew/htdocs/SSP2-Assignment/Application/TyperDis/vendor/laravel/framework/src/Illuminate/Database/Migrations/Migrator.php(672): Illuminate/Database/Console/Migrations/MigrateCommand->{closure:Illuminate/Database/Console/Migrations/MigrateCommand::runMigrations():111}()
#18 C:/xamppnew/htdocs/SSP2-Assignment/Application/TyperDis/vendor/laravel/framework/src/Illuminate/Database/Console/Migrations/MigrateCommand.php(111): Illuminate/Database/Migrations/Migrator->usingConnection()
#19 C:/xamppnew/htdocs/SSP2-Assignment/Application/TyperDis/vendor/laravel/framework/src/Illuminate/Database/Console/Migrations/MigrateCommand.php(90): Illuminate/Database/Console/Migrations/MigrateCommand->runMigrations()
#20 C:/xamppnew/htdocs/SSP2-Assignment/Application/TyperDis/vendor/laravel/framework/src/Illuminate/Container/BoundMethod.php(36): Illuminate/Database/Console/Migrations/MigrateCommand->handle()
#21 C:/xamppnew/htdocs/SSP2-Assignment/Application/TyperDis/vendor/laravel/framework/src/Illuminate/Container/Util.php(43): Illuminate/Container/BoundMethod::{closure:Illuminate/Container/BoundMethod::call():35}()
#22 C:/xamppnew/htdocs/SSP2-Assignment/Application/TyperDis/vendor/laravel/framework/src/Illuminate/Container/BoundMethod.php(96): Illuminate/Container/Util::unwrapIfClosure()
#23 C:/xamppnew/htdocs/SSP2-Assignment/Application/TyperDis/vendor/laravel/framework/src/Illuminate/Container/BoundMethod.php(35): Illuminate/Container/BoundMethod::callBoundMethod()
#24 C:/xamppnew/htdocs/SSP2-Assignment/Application/TyperDis/vendor/laravel/framework/src/Illuminate/Container/Container.php(803): Illuminate/Container/BoundMethod::call()
#25 C:/xamppnew/htdocs/SSP2-Assignment/Application/TyperDis/vendor/laravel/framework/src/Illuminate/Console/Command.php(292): Illuminate/Container/Container->call()
#26 C:/xamppnew/htdocs/SSP2-Assignment/Application/TyperDis/vendor/symfony/console/Command/Command.php(285): Illuminate/Console/Command->execute()
#27 C:/xamppnew/htdocs/SSP2-Assignment/Application/TyperDis/vendor/laravel/framework/src/Illuminate/Console/Command.php(261): Symfony/Component/Console/Command/Command->run()
#28 C:/xamppnew/htdocs/SSP2-Assignment/Application/TyperDis/vendor/laravel/framework/src/Illuminate/Console/Concerns/CallsCommands.php(68): Illuminate/Console/Command->run()
#29 C:/xamppnew/htdocs/SSP2-Assignment/Application/TyperDis/vendor/laravel/framework/src/Illuminate/Console/Concerns/CallsCommands.php(29): Illuminate/Console/Command->runCommand()
#30 C:/xamppnew/htdocs/SSP2-Assignment/Application/TyperDis/vendor/laravel/framework/src/Illuminate/Database/Console/Migrations/FreshCommand.php(96): Illuminate/Console/Command->call()
#31 C:/xamppnew/htdocs/SSP2-Assignment/Application/TyperDis/vendor/laravel/framework/src/Illuminate/Container/BoundMethod.php(36): Illuminate/Database/Console/Migrations/FreshCommand->handle()
#32 C:/xamppnew/htdocs/SSP2-Assignment/Application/TyperDis/vendor/laravel/framework/src/Illuminate/Container/Util.php(43): Illuminate/Container/BoundMethod::{closure:Illuminate/Container/BoundMethod::call():35}()
#33 C:/xamppnew/htdocs/SSP2-Assignment/Application/TyperDis/vendor/laravel/framework/src/Illuminate/Container/BoundMethod.php(96): Illuminate/Container/Util::unwrapIfClosure()
#34 C:/xamppnew/htdocs/SSP2-Assignment/Application/TyperDis/vendor/laravel/framework/src/Illuminate/Container/BoundMethod.php(35): Illuminate/Container/BoundMethod::callBoundMethod()
#35 C:/xamppnew/htdocs/SSP2-Assignment/Application/TyperDis/vendor/laravel/framework/src/Illuminate/Container/Container.php(803): Illuminate/Container/BoundMethod::call()
#36 C:/xamppnew/htdocs/SSP2-Assignment/Application/TyperDis/vendor/laravel/framework/src/Illuminate/Console/Command.php(292): Illuminate/Container/Container->call()
#37 C:/xamppnew/htdocs/SSP2-Assignment/Application/TyperDis/vendor/symfony/console/Command/Command.php(285): Illuminate/Console/Command->execute()
#38 C:/xamppnew/htdocs/SSP2-Assignment/Application/TyperDis/vendor/laravel/framework/src/Illuminate/Console/Command.php(261): Symfony/Component/Console/Command/Command->run()
#39 C:/xamppnew/htdocs/SSP2-Assignment/Application/TyperDis/vendor/symfony/console/Application.php(1144): Illuminate/Console/Command->run()
#40 C:/xamppnew/htdocs/SSP2-Assignment/Application/TyperDis/vendor/symfony/console/Application.php(379): Symfony/Component/Console/Application->doRunCommand()
#41 C:/xamppnew/htdocs/SSP2-Assignment/Application/TyperDis/vendor/symfony/console/Application.php(218): Symfony/Component/Console/Application->doRun()
#42 C:/xamppnew/htdocs/SSP2-Assignment/Application/TyperDis/vendor/laravel/framework/src/Illuminate/Foundation/Console/Kernel.php(198): Symfony/Component/Console/Application->run()
#43 C:/xamppnew/htdocs/SSP2-Assignment/Application/TyperDis/vendor/laravel/framework/src/Illuminate/Foundation/Application.php(1242): Illuminate/Foundation/Console/Kernel->handle()
#44 C:/xamppnew/htdocs/SSP2-Assignment/Application/TyperDis/artisan(16): Illuminate/Foundation/Application->handleCommand()
#45 {main}

[previous exception] [object] (PDOException(code: HY000): SQLSTATE[HY000]: General error: 1005 Can't create table `mydatabase`.`account` (errno: 150 \"Foreign key constraint is incorrectly formed\") at C:/xamppnew/htdocs/SSP2-Assignment/Application/TyperDis/vendor/laravel/framework/src/Illuminate/Database/Connection.php:601)
[stacktrace]
#0 C:/xamppnew/htdocs/SSP2-Assignment/Application/TyperDis/vendor/laravel/framework/src/Illuminate/Database/Connection.php(601): PDOStatement->execute()
#1 C:/xamppnew/htdocs/SSP2-Assignment/Application/TyperDis/vendor/laravel/framework/src/Illuminate/Database/Connection.php(846): Illuminate/Database/Connection->{closure:Illuminate/Database/Connection::statement():590}()
#2 C:/xamppnew/htdocs/SSP2-Assignment/Application/TyperDis/vendor/laravel/framework/src/Illuminate/Database/Connection.php(813): Illuminate/Database/Connection->runQueryCallback()
#3 C:/xamppnew/htdocs/SSP2-Assignment/Application/TyperDis/vendor/laravel/framework/src/Illuminate/Database/Connection.php(590): Illuminate/Database/Connection->run()
#4 C:/xamppnew/htdocs/SSP2-Assignment/Application/TyperDis/vendor/laravel/framework/src/Illuminate/Database/Schema/Blueprint.php(122): Illuminate/Database/Connection->statement()
#5 C:/xamppnew/htdocs/SSP2-Assignment/Application/TyperDis/vendor/laravel/framework/src/Illuminate/Database/Schema/Builder.php(702): Illuminate/Database/Schema/Blueprint->build()
#6 C:/xamppnew/htdocs/SSP2-Assignment/Application/TyperDis/vendor/laravel/framework/src/Illuminate/Database/Schema/Builder.php(520): Illuminate/Database/Schema/Builder->build()
#7 C:/xamppnew/htdocs/SSP2-Assignment/Application/TyperDis/vendor/laravel/framework/src/Illuminate/Support/Facades/Facade.php(364): Illuminate/Database/Schema/Builder->create()
#8 C:/xamppnew/htdocs/SSP2-Assignment/Application/TyperDis/database/migrations/2026_09_10_012944_create_account_table.php(14): Illuminate/Support/Facades/Facade::__callStatic()
#9 C:/xamppnew/htdocs/SSP2-Assignment/Application/TyperDis/vendor/laravel/framework/src/Illuminate/Database/Migrations/Migrator.php(517): Illuminate/Database/Migrations/Migration@anonymous->up()
#10 C:/xamppnew/htdocs/SSP2-Assignment/Application/TyperDis/vendor/laravel/framework/src/Illuminate/Database/Migrations/Migrator.php(442): Illuminate/Database/Migrations/Migrator->runMethod()
#11 C:/xamppnew/htdocs/SSP2-Assignment/Application/TyperDis/vendor/laravel/framework/src/Illuminate/Database/Migrations/Migrator.php(451): Illuminate/Database/Migrations/Migrator->{closure:Illuminate/Database/Migrations/Migrator::runMigration():438}()
#12 C:/xamppnew/htdocs/SSP2-Assignment/Application/TyperDis/vendor/laravel/framework/src/Illuminate/Database/Migrations/Migrator.php(253): Illuminate/Database/Migrations/Migrator->runMigration()
#13 C:/xamppnew/htdocs/SSP2-Assignment/Application/TyperDis/vendor/laravel/framework/src/Illuminate/Console/View/Components/Task.php(43): Illuminate/Database/Migrations/Migrator->{closure:Illuminate/Database/Migrations/Migrator::runUp():253}()
#14 C:/xamppnew/htdocs/SSP2-Assignment/Application/TyperDis/vendor/laravel/framework/src/Illuminate/Database/Migrations/Migrator.php(853): Illuminate/Console/View/Components/Task->render()
#15 C:/xamppnew/htdocs/SSP2-Assignment/Application/TyperDis/vendor/laravel/framework/src/Illuminate/Database/Migrations/Migrator.php(253): Illuminate/Database/Migrations/Migrator->write()
#16 C:/xamppnew/htdocs/SSP2-Assignment/Application/TyperDis/vendor/laravel/framework/src/Illuminate/Database/Migrations/Migrator.php(211): Illuminate/Database/Migrations/Migrator->runUp()
#17 C:/xamppnew/htdocs/SSP2-Assignment/Application/TyperDis/vendor/laravel/framework/src/Illuminate/Database/Migrations/Migrator.php(138): Illuminate/Database/Migrations/Migrator->runPending()
#18 C:/xamppnew/htdocs/SSP2-Assignment/Application/TyperDis/vendor/laravel/framework/src/Illuminate/Database/Console/Migrations/MigrateCommand.php(118): Illuminate/Database/Migrations/Migrator->run()
#19 C:/xamppnew/htdocs/SSP2-Assignment/Application/TyperDis/vendor/laravel/framework/src/Illuminate/Database/Migrations/Migrator.php(672): Illuminate/Database/Console/Migrations/MigrateCommand->{closure:Illuminate/Database/Console/Migrations/MigrateCommand::runMigrations():111}()
#20 C:/xamppnew/htdocs/SSP2-Assignment/Application/TyperDis/vendor/laravel/framework/src/Illuminate/Database/Console/Migrations/MigrateCommand.php(111): Illuminate/Database/Migrations/Migrator->usingConnection()
#21 C:/xamppnew/htdocs/SSP2-Assignment/Application/TyperDis/vendor/laravel/framework/src/Illuminate/Database/Console/Migrations/MigrateCommand.php(90): Illuminate/Database/Console/Migrations/MigrateCommand->runMigrations()
#22 C:/xamppnew/htdocs/SSP2-Assignment/Application/TyperDis/vendor/laravel/framework/src/Illuminate/Container/BoundMethod.php(36): Illuminate/Database/Console/Migrations/MigrateCommand->handle()
#23 C:/xamppnew/htdocs/SSP2-Assignment/Application/TyperDis/vendor/laravel/framework/src/Illuminate/Container/Util.php(43): Illuminate/Container/BoundMethod::{closure:Illuminate/Container/BoundMethod::call():35}()
#24 C:/xamppnew/htdocs/SSP2-Assignment/Application/TyperDis/vendor/laravel/framework/src/Illuminate/Container/BoundMethod.php(96): Illuminate/Container/Util::unwrapIfClosure()
#25 C:/xamppnew/htdocs/SSP2-Assignment/Application/TyperDis/vendor/laravel/framework/src/Illuminate/Container/BoundMethod.php(35): Illuminate/Container/BoundMethod::callBoundMethod()
#26 C:/xamppnew/htdocs/SSP2-Assignment/Application/TyperDis/vendor/laravel/framework/src/Illuminate/Container/Container.php(803): Illuminate/Container/BoundMethod::call()
#27 C:/xamppnew/htdocs/SSP2-Assignment/Application/TyperDis/vendor/laravel/framework/src/Illuminate/Console/Command.php(292): Illuminate/Container/Container->call()
#28 C:/xamppnew/htdocs/SSP2-Assignment/Application/TyperDis/vendor/symfony/console/Command/Command.php(285): Illuminate/Console/Command->execute()
#29 C:/xamppnew/htdocs/SSP2-Assignment/Application/TyperDis/vendor/laravel/framework/src/Illuminate/Console/Command.php(261): Symfony/Component/Console/Command/Command->run()
#30 C:/xamppnew/htdocs/SSP2-Assignment/Application/TyperDis/vendor/laravel/framework/src/Illuminate/Console/Concerns/CallsCommands.php(68): Illuminate/Console/Command->run()
#31 C:/xamppnew/htdocs/SSP2-Assignment/Application/TyperDis/vendor/laravel/framework/src/Illuminate/Console/Concerns/CallsCommands.php(29): Illuminate/Console/Command->runCommand()
#32 C:/xamppnew/htdocs/SSP2-Assignment/Application/TyperDis/vendor/laravel/framework/src/Illuminate/Database/Console/Migrations/FreshCommand.php(96): Illuminate/Console/Command->call()
#33 C:/xamppnew/htdocs/SSP2-Assignment/Application/TyperDis/vendor/laravel/framework/src/Illuminate/Container/BoundMethod.php(36): Illuminate/Database/Console/Migrations/FreshCommand->handle()
#34 C:/xamppnew/htdocs/SSP2-Assignment/Application/TyperDis/vendor/laravel/framework/src/Illuminate/Container/Util.php(43): Illuminate/Container/BoundMethod::{closure:Illuminate/Container/BoundMethod::call():35}()
#35 C:/xamppnew/htdocs/SSP2-Assignment/Application/TyperDis/vendor/laravel/framework/src/Illuminate/Container/BoundMethod.php(96): Illuminate/Container/Util::unwrapIfClosure()
#36 C:/xamppnew/htdocs/SSP2-Assignment/Application/TyperDis/vendor/laravel/framework/src/Illuminate/Container/BoundMethod.php(35): Illuminate/Container/BoundMethod::callBoundMethod()
#37 C:/xamppnew/htdocs/SSP2-Assignment/Application/TyperDis/vendor/laravel/framework/src/Illuminate/Container/Container.php(803): Illuminate/Container/BoundMethod::call()
#38 C:/xamppnew/htdocs/SSP2-Assignment/Application/TyperDis/vendor/laravel/framework/src/Illuminate/Console/Command.php(292): Illuminate/Container/Container->call()
#39 C:/xamppnew/htdocs/SSP2-Assignment/Application/TyperDis/vendor/symfony/console/Command/Command.php(285): Illuminate/Console/Command->execute()
#40 C:/xamppnew/htdocs/SSP2-Assignment/Application/TyperDis/vendor/laravel/framework/src/Illuminate/Console/Command.php(261): Symfony/Component/Console/Command/Command->run()
#41 C:/xamppnew/htdocs/SSP2-Assignment/Application/TyperDis/vendor/symfony/console/Application.php(1144): Illuminate/Console/Command->run()
#42 C:/xamppnew/htdocs/SSP2-Assignment/Application/TyperDis/vendor/symfony/console/Application.php(379): Symfony/Component/Console/Application->doRunCommand()
#43 C:/xamppnew/htdocs/SSP2-Assignment/Application/TyperDis/vendor/symfony/console/Application.php(218): Symfony/Component/Console/Application->doRun()
#44 C:/xamppnew/htdocs/SSP2-Assignment/Application/TyperDis/vendor/laravel/framework/src/Illuminate/Foundation/Console/Kernel.php(198): Symfony/Component/Console/Application->run()
#45 C:/xamppnew/htdocs/SSP2-Assignment/Application/TyperDis/vendor/laravel/framework/src/Illuminate/Foundation/Application.php(1242): Illuminate/Foundation/Console/Kernel->handle()
#46 C:/xamppnew/htdocs/SSP2-Assignment/Application/TyperDis/artisan(16): Illuminate/Foundation/Application->handleCommand()
#47 {main}
"} 
[2026-09-11 05:51:45] local.ERROR: SQLSTATE[HY000]: General error: 1005 Can't create table `mydatabase`.`account` (errno: 150 "Foreign key constraint is incorrectly formed") (Connection: mysql, Host: 127.0.0.1, Port: 3306, Database: mydatabase, SQL: alter table `account` add constraint `account_user_id_foreign` foreign key (`user_id`) references `user` (`user_id`)) {"exception":"[object] (Illuminate\\Database\\QueryException(code: HY000): SQLSTATE[HY000]: General error: 1005 Can't create table `mydatabase`.`account` (errno: 150 \"Foreign key constraint is incorrectly formed\") (Connection: mysql, Host: 127.0.0.1, Port: 3306, Database: mydatabase, SQL: alter table `account` add constraint `account_user_id_foreign` foreign key (`user_id`) references `user` (`user_id`)) at C:/xamppnew/htdocs/SSP2-Assignment/Application/TyperDis/vendor/laravel/framework/src/Illuminate/Database/Connection.php:857)
[stacktrace]
#0 C:/xamppnew/htdocs/SSP2-Assignment/Application/TyperDis/vendor/laravel/framework/src/Illuminate/Database/Connection.php(813): Illuminate/Database/Connection->runQueryCallback()
#1 C:/xamppnew/htdocs/SSP2-Assignment/Application/TyperDis/vendor/laravel/framework/src/Illuminate/Database/Connection.php(590): Illuminate/Database/Connection->run()
#2 C:/xamppnew/htdocs/SSP2-Assignment/Application/TyperDis/vendor/laravel/framework/src/Illuminate/Database/Schema/Blueprint.php(122): Illuminate/Database/Connection->statement()
#3 C:/xamppnew/htdocs/SSP2-Assignment/Application/TyperDis/vendor/laravel/framework/src/Illuminate/Database/Schema/Builder.php(702): Illuminate/Database/Schema/Blueprint->build()
#4 C:/xamppnew/htdocs/SSP2-Assignment/Application/TyperDis/vendor/laravel/framework/src/Illuminate/Database/Schema/Builder.php(520): Illuminate/Database/Schema/Builder->build()
#5 C:/xamppnew/htdocs/SSP2-Assignment/Application/TyperDis/vendor/laravel/framework/src/Illuminate/Support/Facades/Facade.php(364): Illuminate/Database/Schema/Builder->create()
#6 C:/xamppnew/htdocs/SSP2-Assignment/Application/TyperDis/database/migrations/2026_09_10_012944_create_account_table.php(14): Illuminate/Support/Facades/Facade::__callStatic()
#7 C:/xamppnew/htdocs/SSP2-Assignment/Application/TyperDis/vendor/laravel/framework/src/Illuminate/Database/Migrations/Migrator.php(517): Illuminate/Database/Migrations/Migration@anonymous->up()
#8 C:/xamppnew/htdocs/SSP2-Assignment/Application/TyperDis/vendor/laravel/framework/src/Illuminate/Database/Migrations/Migrator.php(442): Illuminate/Database/Migrations/Migrator->runMethod()
#9 C:/xamppnew/htdocs/SSP2-Assignment/Application/TyperDis/vendor/laravel/framework/src/Illuminate/Database/Migrations/Migrator.php(451): Illuminate/Database/Migrations/Migrator->{closure:Illuminate/Database/Migrations/Migrator::runMigration():438}()
#10 C:/xamppnew/htdocs/SSP2-Assignment/Application/TyperDis/vendor/laravel/framework/src/Illuminate/Database/Migrations/Migrator.php(253): Illuminate/Database/Migrations/Migrator->runMigration()
#11 C:/xamppnew/htdocs/SSP2-Assignment/Application/TyperDis/vendor/laravel/framework/src/Illuminate/Console/View/Components/Task.php(43): Illuminate/Database/Migrations/Migrator->{closure:Illuminate/Database/Migrations/Migrator::runUp():253}()
#12 C:/xamppnew/htdocs/SSP2-Assignment/Application/TyperDis/vendor/laravel/framework/src/Illuminate/Database/Migrations/Migrator.php(853): Illuminate/Console/View/Components/Task->render()
#13 C:/xamppnew/htdocs/SSP2-Assignment/Application/TyperDis/vendor/laravel/framework/src/Illuminate/Database/Migrations/Migrator.php(253): Illuminate/Database/Migrations/Migrator->write()
#14 C:/xamppnew/htdocs/SSP2-Assignment/Application/TyperDis/vendor/laravel/framework/src/Illuminate/Database/Migrations/Migrator.php(211): Illuminate/Database/Migrations/Migrator->runUp()
#15 C:/xamppnew/htdocs/SSP2-Assignment/Application/TyperDis/vendor/laravel/framework/src/Illuminate/Database/Migrations/Migrator.php(138): Illuminate/Database/Migrations/Migrator->runPending()
#16 C:/xamppnew/htdocs/SSP2-Assignment/Application/TyperDis/vendor/laravel/framework/src/Illuminate/Database/Console/Migrations/MigrateCommand.php(118): Illuminate/Database/Migrations/Migrator->run()
#17 C:/xamppnew/htdocs/SSP2-Assignment/Application/TyperDis/vendor/laravel/framework/src/Illuminate/Database/Migrations/Migrator.php(672): Illuminate/Database/Console/Migrations/MigrateCommand->{closure:Illuminate/Database/Console/Migrations/MigrateCommand::runMigrations():111}()
#18 C:/xamppnew/htdocs/SSP2-Assignment/Application/TyperDis/vendor/laravel/framework/src/Illuminate/Database/Console/Migrations/MigrateCommand.php(111): Illuminate/Database/Migrations/Migrator->usingConnection()
#19 C:/xamppnew/htdocs/SSP2-Assignment/Application/TyperDis/vendor/laravel/framework/src/Illuminate/Database/Console/Migrations/MigrateCommand.php(90): Illuminate/Database/Console/Migrations/MigrateCommand->runMigrations()
#20 C:/xamppnew/htdocs/SSP2-Assignment/Application/TyperDis/vendor/laravel/framework/src/Illuminate/Container/BoundMethod.php(36): Illuminate/Database/Console/Migrations/MigrateCommand->handle()
#21 C:/xamppnew/htdocs/SSP2-Assignment/Application/TyperDis/vendor/laravel/framework/src/Illuminate/Container/Util.php(43): Illuminate/Container/BoundMethod::{closure:Illuminate/Container/BoundMethod::call():35}()
#22 C:/xamppnew/htdocs/SSP2-Assignment/Application/TyperDis/vendor/laravel/framework/src/Illuminate/Container/BoundMethod.php(96): Illuminate/Container/Util::unwrapIfClosure()
#23 C:/xamppnew/htdocs/SSP2-Assignment/Application/TyperDis/vendor/laravel/framework/src/Illuminate/Container/BoundMethod.php(35): Illuminate/Container/BoundMethod::callBoundMethod()
#24 C:/xamppnew/htdocs/SSP2-Assignment/Application/TyperDis/vendor/laravel/framework/src/Illuminate/Container/Container.php(803): Illuminate/Container/BoundMethod::call()
#25 C:/xamppnew/htdocs/SSP2-Assignment/Application/TyperDis/vendor/laravel/framework/src/Illuminate/Console/Command.php(292): Illuminate/Container/Container->call()
#26 C:/xamppnew/htdocs/SSP2-Assignment/Application/TyperDis/vendor/symfony/console/Command/Command.php(285): Illuminate/Console/Command->execute()
#27 C:/xamppnew/htdocs/SSP2-Assignment/Application/TyperDis/vendor/laravel/framework/src/Illuminate/Console/Command.php(261): Symfony/Component/Console/Command/Command->run()
#28 C:/xamppnew/htdocs/SSP2-Assignment/Application/TyperDis/vendor/laravel/framework/src/Illuminate/Console/Concerns/CallsCommands.php(68): Illuminate/Console/Command->run()
#29 C:/xamppnew/htdocs/SSP2-Assignment/Application/TyperDis/vendor/laravel/framework/src/Illuminate/Console/Concerns/CallsCommands.php(29): Illuminate/Console/Command->runCommand()
#30 C:/xamppnew/htdocs/SSP2-Assignment/Application/TyperDis/vendor/laravel/framework/src/Illuminate/Database/Console/Migrations/FreshCommand.php(96): Illuminate/Console/Command->call()
#31 C:/xamppnew/htdocs/SSP2-Assignment/Application/TyperDis/vendor/laravel/framework/src/Illuminate/Container/BoundMethod.php(36): Illuminate/Database/Console/Migrations/FreshCommand->handle()
#32 C:/xamppnew/htdocs/SSP2-Assignment/Application/TyperDis/vendor/laravel/framework/src/Illuminate/Container/Util.php(43): Illuminate/Container/BoundMethod::{closure:Illuminate/Container/BoundMethod::call():35}()
#33 C:/xamppnew/htdocs/SSP2-Assignment/Application/TyperDis/vendor/laravel/framework/src/Illuminate/Container/BoundMethod.php(96): Illuminate/Container/Util::unwrapIfClosure()
#34 C:/xamppnew/htdocs/SSP2-Assignment/Application/TyperDis/vendor/laravel/framework/src/Illuminate/Container/BoundMethod.php(35): Illuminate/Container/BoundMethod::callBoundMethod()
#35 C:/xamppnew/htdocs/SSP2-Assignment/Application/TyperDis/vendor/laravel/framework/src/Illuminate/Container/Container.php(803): Illuminate/Container/BoundMethod::call()
#36 C:/xamppnew/htdocs/SSP2-Assignment/Application/TyperDis/vendor/laravel/framework/src/Illuminate/Console/Command.php(292): Illuminate/Container/Container->call()
#37 C:/xamppnew/htdocs/SSP2-Assignment/Application/TyperDis/vendor/symfony/console/Command/Command.php(285): Illuminate/Console/Command->execute()
#38 C:/xamppnew/htdocs/SSP2-Assignment/Application/TyperDis/vendor/laravel/framework/src/Illuminate/Console/Command.php(261): Symfony/Component/Console/Command/Command->run()
#39 C:/xamppnew/htdocs/SSP2-Assignment/Application/TyperDis/vendor/symfony/console/Application.php(1144): Illuminate/Console/Command->run()
#40 C:/xamppnew/htdocs/SSP2-Assignment/Application/TyperDis/vendor/symfony/console/Application.php(379): Symfony/Component/Console/Application->doRunCommand()
#41 C:/xamppnew/htdocs/SSP2-Assignment/Application/TyperDis/vendor/symfony/console/Application.php(218): Symfony/Component/Console/Application->doRun()
#42 C:/xamppnew/htdocs/SSP2-Assignment/Application/TyperDis/vendor/laravel/framework/src/Illuminate/Foundation/Console/Kernel.php(198): Symfony/Component/Console/Application->run()
#43 C:/xamppnew/htdocs/SSP2-Assignment/Application/TyperDis/vendor/laravel/framework/src/Illuminate/Foundation/Application.php(1242): Illuminate/Foundation/Console/Kernel->handle()
#44 C:/xamppnew/htdocs/SSP2-Assignment/Application/TyperDis/artisan(16): Illuminate/Foundation/Application->handleCommand()
#45 {main}

[previous exception] [object] (PDOException(code: HY000): SQLSTATE[HY000]: General error: 1005 Can't create table `mydatabase`.`account` (errno: 150 \"Foreign key constraint is incorrectly formed\") at C:/xamppnew/htdocs/SSP2-Assignment/Application/TyperDis/vendor/laravel/framework/src/Illuminate/Database/Connection.php:601)
[stacktrace]
#0 C:/xamppnew/htdocs/SSP2-Assignment/Application/TyperDis/vendor/laravel/framework/src/Illuminate/Database/Connection.php(601): PDOStatement->execute()
#1 C:/xamppnew/htdocs/SSP2-Assignment/Application/TyperDis/vendor/laravel/framework/src/Illuminate/Database/Connection.php(846): Illuminate/Database/Connection->{closure:Illuminate/Database/Connection::statement():590}()
#2 C:/xamppnew/htdocs/SSP2-Assignment/Application/TyperDis/vendor/laravel/framework/src/Illuminate/Database/Connection.php(813): Illuminate/Database/Connection->runQueryCallback()
#3 C:/xamppnew/htdocs/SSP2-Assignment/Application/TyperDis/vendor/laravel/framework/src/Illuminate/Database/Connection.php(590): Illuminate/Database/Connection->run()
#4 C:/xamppnew/htdocs/SSP2-Assignment/Application/TyperDis/vendor/laravel/framework/src/Illuminate/Database/Schema/Blueprint.php(122): Illuminate/Database/Connection->statement()
#5 C:/xamppnew/htdocs/SSP2-Assignment/Application/TyperDis/vendor/laravel/framework/src/Illuminate/Database/Schema/Builder.php(702): Illuminate/Database/Schema/Blueprint->build()
#6 C:/xamppnew/htdocs/SSP2-Assignment/Application/TyperDis/vendor/laravel/framework/src/Illuminate/Database/Schema/Builder.php(520): Illuminate/Database/Schema/Builder->build()
#7 C:/xamppnew/htdocs/SSP2-Assignment/Application/TyperDis/vendor/laravel/framework/src/Illuminate/Support/Facades/Facade.php(364): Illuminate/Database/Schema/Builder->create()
#8 C:/xamppnew/htdocs/SSP2-Assignment/Application/TyperDis/database/migrations/2026_09_10_012944_create_account_table.php(14): Illuminate/Support/Facades/Facade::__callStatic()
#9 C:/xamppnew/htdocs/SSP2-Assignment/Application/TyperDis/vendor/laravel/framework/src/Illuminate/Database/Migrations/Migrator.php(517): Illuminate/Database/Migrations/Migration@anonymous->up()
#10 C:/xamppnew/htdocs/SSP2-Assignment/Application/TyperDis/vendor/laravel/framework/src/Illuminate/Database/Migrations/Migrator.php(442): Illuminate/Database/Migrations/Migrator->runMethod()
#11 C:/xamppnew/htdocs/SSP2-Assignment/Application/TyperDis/vendor/laravel/framework/src/Illuminate/Database/Migrations/Migrator.php(451): Illuminate/Database/Migrations/Migrator->{closure:Illuminate/Database/Migrations/Migrator::runMigration():438}()
#12 C:/xamppnew/htdocs/SSP2-Assignment/Application/TyperDis/vendor/laravel/framework/src/Illuminate/Database/Migrations/Migrator.php(253): Illuminate/Database/Migrations/Migrator->runMigration()
#13 C:/xamppnew/htdocs/SSP2-Assignment/Application/TyperDis/vendor/laravel/framework/src/Illuminate/Console/View/Components/Task.php(43): Illuminate/Database/Migrations/Migrator->{closure:Illuminate/Database/Migrations/Migrator::runUp():253}()
#14 C:/xamppnew/htdocs/SSP2-Assignment/Application/TyperDis/vendor/laravel/framework/src/Illuminate/Database/Migrations/Migrator.php(853): Illuminate/Console/View/Components/Task->render()
#15 C:/xamppnew/htdocs/SSP2-Assignment/Application/TyperDis/vendor/laravel/framework/src/Illuminate/Database/Migrations/Migrator.php(253): Illuminate/Database/Migrations/Migrator->write()
#16 C:/xamppnew/htdocs/SSP2-Assignment/Application/TyperDis/vendor/laravel/framework/src/Illuminate/Database/Migrations/Migrator.php(211): Illuminate/Database/Migrations/Migrator->runUp()
#17 C:/xamppnew/htdocs/SSP2-Assignment/Application/TyperDis/vendor/laravel/framework/src/Illuminate/Database/Migrations/Migrator.php(138): Illuminate/Database/Migrations/Migrator->runPending()
#18 C:/xamppnew/htdocs/SSP2-Assignment/Application/TyperDis/vendor/laravel/framework/src/Illuminate/Database/Console/Migrations/MigrateCommand.php(118): Illuminate/Database/Migrations/Migrator->run()
#19 C:/xamppnew/htdocs/SSP2-Assignment/Application/TyperDis/vendor/laravel/framework/src/Illuminate/Database/Migrations/Migrator.php(672): Illuminate/Database/Console/Migrations/MigrateCommand->{closure:Illuminate/Database/Console/Migrations/MigrateCommand::runMigrations():111}()
#20 C:/xamppnew/htdocs/SSP2-Assignment/Application/TyperDis/vendor/laravel/framework/src/Illuminate/Database/Console/Migrations/MigrateCommand.php(111): Illuminate/Database/Migrations/Migrator->usingConnection()
#21 C:/xamppnew/htdocs/SSP2-Assignment/Application/TyperDis/vendor/laravel/framework/src/Illuminate/Database/Console/Migrations/MigrateCommand.php(90): Illuminate/Database/Console/Migrations/MigrateCommand->runMigrations()
#22 C:/xamppnew/htdocs/SSP2-Assignment/Application/TyperDis/vendor/laravel/framework/src/Illuminate/Container/BoundMethod.php(36): Illuminate/Database/Console/Migrations/MigrateCommand->handle()
#23 C:/xamppnew/htdocs/SSP2-Assignment/Application/TyperDis/vendor/laravel/framework/src/Illuminate/Container/Util.php(43): Illuminate/Container/BoundMethod::{closure:Illuminate/Container/BoundMethod::call():35}()
#24 C:/xamppnew/htdocs/SSP2-Assignment/Application/TyperDis/vendor/laravel/framework/src/Illuminate/Container/BoundMethod.php(96): Illuminate/Container/Util::unwrapIfClosure()
#25 C:/xamppnew/htdocs/SSP2-Assignment/Application/TyperDis/vendor/laravel/framework/src/Illuminate/Container/BoundMethod.php(35): Illuminate/Container/BoundMethod::callBoundMethod()
#26 C:/xamppnew/htdocs/SSP2-Assignment/Application/TyperDis/vendor/laravel/framework/src/Illuminate/Container/Container.php(803): Illuminate/Container/BoundMethod::call()
#27 C:/xamppnew/htdocs/SSP2-Assignment/Application/TyperDis/vendor/laravel/framework/src/Illuminate/Console/Command.php(292): Illuminate/Container/Container->call()
#28 C:/xamppnew/htdocs/SSP2-Assignment/Application/TyperDis/vendor/symfony/console/Command/Command.php(285): Illuminate/Console/Command->execute()
#29 C:/xamppnew/htdocs/SSP2-Assignment/Application/TyperDis/vendor/laravel/framework/src/Illuminate/Console/Command.php(261): Symfony/Component/Console/Command/Command->run()
#30 C:/xamppnew/htdocs/SSP2-Assignment/Application/TyperDis/vendor/laravel/framework/src/Illuminate/Console/Concerns/CallsCommands.php(68): Illuminate/Console/Command->run()
#31 C:/xamppnew/htdocs/SSP2-Assignment/Application/TyperDis/vendor/laravel/framework/src/Illuminate/Console/Concerns/CallsCommands.php(29): Illuminate/Console/Command->runCommand()
#32 C:/xamppnew/htdocs/SSP2-Assignment/Application/TyperDis/vendor/laravel/framework/src/Illuminate/Database/Console/Migrations/FreshCommand.php(96): Illuminate/Console/Command->call()
#33 C:/xamppnew/htdocs/SSP2-Assignment/Application/TyperDis/vendor/laravel/framework/src/Illuminate/Container/BoundMethod.php(36): Illuminate/Database/Console/Migrations/FreshCommand->handle()
#34 C:/xamppnew/htdocs/SSP2-Assignment/Application/TyperDis/vendor/laravel/framework/src/Illuminate/Container/Util.php(43): Illuminate/Container/BoundMethod::{closure:Illuminate/Container/BoundMethod::call():35}()
#35 C:/xamppnew/htdocs/SSP2-Assignment/Application/TyperDis/vendor/laravel/framework/src/Illuminate/Container/BoundMethod.php(96): Illuminate/Container/Util::unwrapIfClosure()
#36 C:/xamppnew/htdocs/SSP2-Assignment/Application/TyperDis/vendor/laravel/framework/src/Illuminate/Container/BoundMethod.php(35): Illuminate/Container/BoundMethod::callBoundMethod()
#37 C:/xamppnew/htdocs/SSP2-Assignment/Application/TyperDis/vendor/laravel/framework/src/Illuminate/Container/Container.php(803): Illuminate/Container/BoundMethod::call()
#38 C:/xamppnew/htdocs/SSP2-Assignment/Application/TyperDis/vendor/laravel/framework/src/Illuminate/Console/Command.php(292): Illuminate/Container/Container->call()
#39 C:/xamppnew/htdocs/SSP2-Assignment/Application/TyperDis/vendor/symfony/console/Command/Command.php(285): Illuminate/Console/Command->execute()
#40 C:/xamppnew/htdocs/SSP2-Assignment/Application/TyperDis/vendor/laravel/framework/src/Illuminate/Console/Command.php(261): Symfony/Component/Console/Command/Command->run()
#41 C:/xamppnew/htdocs/SSP2-Assignment/Application/TyperDis/vendor/symfony/console/Application.php(1144): Illuminate/Console/Command->run()
#42 C:/xamppnew/htdocs/SSP2-Assignment/Application/TyperDis/vendor/symfony/console/Application.php(379): Symfony/Component/Console/Application->doRunCommand()
#43 C:/xamppnew/htdocs/SSP2-Assignment/Application/TyperDis/vendor/symfony/console/Application.php(218): Symfony/Component/Console/Application->doRun()
#44 C:/xamppnew/htdocs/SSP2-Assignment/Application/TyperDis/vendor/laravel/framework/src/Illuminate/Foundation/Console/Kernel.php(198): Symfony/Component/Console/Application->run()
#45 C:/xamppnew/htdocs/SSP2-Assignment/Application/TyperDis/vendor/laravel/framework/src/Illuminate/Foundation/Application.php(1242): Illuminate/Foundation/Console/Kernel->handle()
#46 C:/xamppnew/htdocs/SSP2-Assignment/Application/TyperDis/artisan(16): Illuminate/Foundation/Application->handleCommand()
#47 {main}
"} 
[2026-09-11 05:58:25] local.ERROR: Method Illuminate\Database\Schema\Blueprint::name does not exist. {"exception":"[object] (BadMethodCallException(code: 0): Method Illuminate\\Database\\Schema\\Blueprint::name does not exist. at C:/xamppnew/htdocs/SSP2-Assignment/Application/TyperDis/vendor/laravel/framework/src/Illuminate/Macroable/Traits/Macroable.php:117)
[stacktrace]
#0 C:/xamppnew/htdocs/SSP2-Assignment/Application/TyperDis/database/migrations/2026_09_11_050733_document.php(17): Illuminate/Database/Schema/Blueprint->__call()
#1 C:/xamppnew/htdocs/SSP2-Assignment/Application/TyperDis/vendor/laravel/framework/src/Illuminate/Database/Schema/Builder.php(523): Illuminate/Database/Migrations/Migration@anonymous->{closure:Illuminate/Database/Migrations/Migration@anonymous()
#2 C:/xamppnew/htdocs/SSP2-Assignment/Application/TyperDis/vendor/laravel/framework/src/Illuminate/Support/helpers.php(393): Illuminate/Database/Schema/Builder->{closure:Illuminate/Database/Schema/Builder::create():520}()
#3 C:/xamppnew/htdocs/SSP2-Assignment/Application/TyperDis/vendor/laravel/framework/src/Illuminate/Database/Schema/Builder.php(520): tap()
#4 C:/xamppnew/htdocs/SSP2-Assignment/Application/TyperDis/vendor/laravel/framework/src/Illuminate/Support/Facades/Facade.php(364): Illuminate/Database/Schema/Builder->create()
#5 C:/xamppnew/htdocs/SSP2-Assignment/Application/TyperDis/database/migrations/2026_09_11_050733_document.php(15): Illuminate/Support/Facades/Facade::__callStatic()
#6 C:/xamppnew/htdocs/SSP2-Assignment/Application/TyperDis/vendor/laravel/framework/src/Illuminate/Database/Migrations/Migrator.php(517): Illuminate/Database/Migrations/Migration@anonymous->up()
#7 C:/xamppnew/htdocs/SSP2-Assignment/Application/TyperDis/vendor/laravel/framework/src/Illuminate/Database/Migrations/Migrator.php(442): Illuminate/Database/Migrations/Migrator->runMethod()
#8 C:/xamppnew/htdocs/SSP2-Assignment/Application/TyperDis/vendor/laravel/framework/src/Illuminate/Database/Migrations/Migrator.php(451): Illuminate/Database/Migrations/Migrator->{closure:Illuminate/Database/Migrations/Migrator::runMigration():438}()
#9 C:/xamppnew/htdocs/SSP2-Assignment/Application/TyperDis/vendor/laravel/framework/src/Illuminate/Database/Migrations/Migrator.php(253): Illuminate/Database/Migrations/Migrator->runMigration()
#10 C:/xamppnew/htdocs/SSP2-Assignment/Application/TyperDis/vendor/laravel/framework/src/Illuminate/Console/View/Components/Task.php(43): Illuminate/Database/Migrations/Migrator->{closure:Illuminate/Database/Migrations/Migrator::runUp():253}()
#11 C:/xamppnew/htdocs/SSP2-Assignment/Application/TyperDis/vendor/laravel/framework/src/Illuminate/Database/Migrations/Migrator.php(853): Illuminate/Console/View/Components/Task->render()
#12 C:/xamppnew/htdocs/SSP2-Assignment/Application/TyperDis/vendor/laravel/framework/src/Illuminate/Database/Migrations/Migrator.php(253): Illuminate/Database/Migrations/Migrator->write()
#13 C:/xamppnew/htdocs/SSP2-Assignment/Application/TyperDis/vendor/laravel/framework/src/Illuminate/Database/Migrations/Migrator.php(211): Illuminate/Database/Migrations/Migrator->runUp()
#14 C:/xamppnew/htdocs/SSP2-Assignment/Application/TyperDis/vendor/laravel/framework/src/Illuminate/Database/Migrations/Migrator.php(138): Illuminate/Database/Migrations/Migrator->runPending()
#15 C:/xamppnew/htdocs/SSP2-Assignment/Application/TyperDis/vendor/laravel/framework/src/Illuminate/Database/Console/Migrations/MigrateCommand.php(118): Illuminate/Database/Migrations/Migrator->run()
#16 C:/xamppnew/htdocs/SSP2-Assignment/Application/TyperDis/vendor/laravel/framework/src/Illuminate/Database/Migrations/Migrator.php(672): Illuminate/Database/Console/Migrations/MigrateCommand->{closure:Illuminate/Database/Console/Migrations/MigrateCommand::runMigrations():111}()
#17 C:/xamppnew/htdocs/SSP2-Assignment/Application/TyperDis/vendor/laravel/framework/src/Illuminate/Database/Console/Migrations/MigrateCommand.php(111): Illuminate/Database/Migrations/Migrator->usingConnection()
#18 C:/xamppnew/htdocs/SSP2-Assignment/Application/TyperDis/vendor/laravel/framework/src/Illuminate/Database/Console/Migrations/MigrateCommand.php(90): Illuminate/Database/Console/Migrations/MigrateCommand->runMigrations()
#19 C:/xamppnew/htdocs/SSP2-Assignment/Application/TyperDis/vendor/laravel/framework/src/Illuminate/Container/BoundMethod.php(36): Illuminate/Database/Console/Migrations/MigrateCommand->handle()
#20 C:/xamppnew/htdocs/SSP2-Assignment/Application/TyperDis/vendor/laravel/framework/src/Illuminate/Container/Util.php(43): Illuminate/Container/BoundMethod::{closure:Illuminate/Container/BoundMethod::call():35}()
#21 C:/xamppnew/htdocs/SSP2-Assignment/Application/TyperDis/vendor/laravel/framework/src/Illuminate/Container/BoundMethod.php(96): Illuminate/Container/Util::unwrapIfClosure()
#22 C:/xamppnew/htdocs/SSP2-Assignment/Application/TyperDis/vendor/laravel/framework/src/Illuminate/Container/BoundMethod.php(35): Illuminate/Container/BoundMethod::callBoundMethod()
#23 C:/xamppnew/htdocs/SSP2-Assignment/Application/TyperDis/vendor/laravel/framework/src/Illuminate/Container/Container.php(803): Illuminate/Container/BoundMethod::call()
#24 C:/xamppnew/htdocs/SSP2-Assignment/Application/TyperDis/vendor/laravel/framework/src/Illuminate/Console/Command.php(292): Illuminate/Container/Container->call()
#25 C:/xamppnew/htdocs/SSP2-Assignment/Application/TyperDis/vendor/symfony/console/Command/Command.php(285): Illuminate/Console/Command->execute()
#26 C:/xamppnew/htdocs/SSP2-Assignment/Application/TyperDis/vendor/laravel/framework/src/Illuminate/Console/Command.php(261): Symfony/Component/Console/Command/Command->run()
#27 C:/xamppnew/htdocs/SSP2-Assignment/Application/TyperDis/vendor/laravel/framework/src/Illuminate/Console/Concerns/CallsCommands.php(68): Illuminate/Console/Command->run()
#28 C:/xamppnew/htdocs/SSP2-Assignment/Application/TyperDis/vendor/laravel/framework/src/Illuminate/Console/Concerns/CallsCommands.php(29): Illuminate/Console/Command->runCommand()
#29 C:/xamppnew/htdocs/SSP2-Assignment/Application/TyperDis/vendor/laravel/framework/src/Illuminate/Database/Console/Migrations/FreshCommand.php(96): Illuminate/Console/Command->call()
#30 C:/xamppnew/htdocs/SSP2-Assignment/Application/TyperDis/vendor/laravel/framework/src/Illuminate/Container/BoundMethod.php(36): Illuminate/Database/Console/Migrations/FreshCommand->handle()
#31 C:/xamppnew/htdocs/SSP2-Assignment/Application/TyperDis/vendor/laravel/framework/src/Illuminate/Container/Util.php(43): Illuminate/Container/BoundMethod::{closure:Illuminate/Container/BoundMethod::call():35}()
#32 C:/xamppnew/htdocs/SSP2-Assignment/Application/TyperDis/vendor/laravel/framework/src/Illuminate/Container/BoundMethod.php(96): Illuminate/Container/Util::unwrapIfClosure()
#33 C:/xamppnew/htdocs/SSP2-Assignment/Application/TyperDis/vendor/laravel/framework/src/Illuminate/Container/BoundMethod.php(35): Illuminate/Container/BoundMethod::callBoundMethod()
#34 C:/xamppnew/htdocs/SSP2-Assignment/Application/TyperDis/vendor/laravel/framework/src/Illuminate/Container/Container.php(803): Illuminate/Container/BoundMethod::call()
#35 C:/xamppnew/htdocs/SSP2-Assignment/Application/TyperDis/vendor/laravel/framework/src/Illuminate/Console/Command.php(292): Illuminate/Container/Container->call()
#36 C:/xamppnew/htdocs/SSP2-Assignment/Application/TyperDis/vendor/symfony/console/Command/Command.php(285): Illuminate/Console/Command->execute()
#37 C:/xamppnew/htdocs/SSP2-Assignment/Application/TyperDis/vendor/laravel/framework/src/Illuminate/Console/Command.php(261): Symfony/Component/Console/Command/Command->run()
#38 C:/xamppnew/htdocs/SSP2-Assignment/Application/TyperDis/vendor/symfony/console/Application.php(1144): Illuminate/Console/Command->run()
#39 C:/xamppnew/htdocs/SSP2-Assignment/Application/TyperDis/vendor/symfony/console/Application.php(379): Symfony/Component/Console/Application->doRunCommand()
#40 C:/xamppnew/htdocs/SSP2-Assignment/Application/TyperDis/vendor/symfony/console/Application.php(218): Symfony/Component/Console/Application->doRun()
#41 C:/xamppnew/htdocs/SSP2-Assignment/Application/TyperDis/vendor/laravel/framework/src/Illuminate/Foundation/Console/Kernel.php(198): Symfony/Component/Console/Application->run()
#42 C:/xamppnew/htdocs/SSP2-Assignment/Application/TyperDis/vendor/laravel/framework/src/Illuminate/Foundation/Application.php(1242): Illuminate/Foundation/Console/Kernel->handle()
#43 C:/xamppnew/htdocs/SSP2-Assignment/Application/TyperDis/artisan(16): Illuminate/Foundation/Application->handleCommand()
#44 {main}
"} 
[2026-09-11 06:01:08] local.ERROR: Method Illuminate\Database\Schema\Blueprint::name does not exist. {"exception":"[object] (BadMethodCallException(code: 0): Method Illuminate\\Database\\Schema\\Blueprint::name does not exist. at C:/xamppnew/htdocs/SSP2-Assignment/Application/TyperDis/vendor/laravel/framework/src/Illuminate/Macroable/Traits/Macroable.php:117)
[stacktrace]
#0 C:/xamppnew/htdocs/SSP2-Assignment/Application/TyperDis/database/migrations/2026_09_11_050733_document.php(17): Illuminate/Database/Schema/Blueprint->__call()
#1 C:/xamppnew/htdocs/SSP2-Assignment/Application/TyperDis/vendor/laravel/framework/src/Illuminate/Database/Schema/Builder.php(523): Illuminate/Database/Migrations/Migration@anonymous->{closure:Illuminate/Database/Migrations/Migration@anonymous()
#2 C:/xamppnew/htdocs/SSP2-Assignment/Application/TyperDis/vendor/laravel/framework/src/Illuminate/Support/helpers.php(393): Illuminate/Database/Schema/Builder->{closure:Illuminate/Database/Schema/Builder::create():520}()
#3 C:/xamppnew/htdocs/SSP2-Assignment/Application/TyperDis/vendor/laravel/framework/src/Illuminate/Database/Schema/Builder.php(520): tap()
#4 C:/xamppnew/htdocs/SSP2-Assignment/Application/TyperDis/vendor/laravel/framework/src/Illuminate/Support/Facades/Facade.php(364): Illuminate/Database/Schema/Builder->create()
#5 C:/xamppnew/htdocs/SSP2-Assignment/Application/TyperDis/database/migrations/2026_09_11_050733_document.php(15): Illuminate/Support/Facades/Facade::__callStatic()
#6 C:/xamppnew/htdocs/SSP2-Assignment/Application/TyperDis/vendor/laravel/framework/src/Illuminate/Database/Migrations/Migrator.php(517): Illuminate/Database/Migrations/Migration@anonymous->up()
#7 C:/xamppnew/htdocs/SSP2-Assignment/Application/TyperDis/vendor/laravel/framework/src/Illuminate/Database/Migrations/Migrator.php(442): Illuminate/Database/Migrations/Migrator->runMethod()
#8 C:/xamppnew/htdocs/SSP2-Assignment/Application/TyperDis/vendor/laravel/framework/src/Illuminate/Database/Migrations/Migrator.php(451): Illuminate/Database/Migrations/Migrator->{closure:Illuminate/Database/Migrations/Migrator::runMigration():438}()
#9 C:/xamppnew/htdocs/SSP2-Assignment/Application/TyperDis/vendor/laravel/framework/src/Illuminate/Database/Migrations/Migrator.php(253): Illuminate/Database/Migrations/Migrator->runMigration()
#10 C:/xamppnew/htdocs/SSP2-Assignment/Application/TyperDis/vendor/laravel/framework/src/Illuminate/Console/View/Components/Task.php(43): Illuminate/Database/Migrations/Migrator->{closure:Illuminate/Database/Migrations/Migrator::runUp():253}()
#11 C:/xamppnew/htdocs/SSP2-Assignment/Application/TyperDis/vendor/laravel/framework/src/Illuminate/Database/Migrations/Migrator.php(853): Illuminate/Console/View/Components/Task->render()
#12 C:/xamppnew/htdocs/SSP2-Assignment/Application/TyperDis/vendor/laravel/framework/src/Illuminate/Database/Migrations/Migrator.php(253): Illuminate/Database/Migrations/Migrator->write()
#13 C:/xamppnew/htdocs/SSP2-Assignment/Application/TyperDis/vendor/laravel/framework/src/Illuminate/Database/Migrations/Migrator.php(211): Illuminate/Database/Migrations/Migrator->runUp()
#14 C:/xamppnew/htdocs/SSP2-Assignment/Application/TyperDis/vendor/laravel/framework/src/Illuminate/Database/Migrations/Migrator.php(138): Illuminate/Database/Migrations/Migrator->runPending()
#15 C:/xamppnew/htdocs/SSP2-Assignment/Application/TyperDis/vendor/laravel/framework/src/Illuminate/Database/Console/Migrations/MigrateCommand.php(118): Illuminate/Database/Migrations/Migrator->run()
#16 C:/xamppnew/htdocs/SSP2-Assignment/Application/TyperDis/vendor/laravel/framework/src/Illuminate/Database/Migrations/Migrator.php(672): Illuminate/Database/Console/Migrations/MigrateCommand->{closure:Illuminate/Database/Console/Migrations/MigrateCommand::runMigrations():111}()
#17 C:/xamppnew/htdocs/SSP2-Assignment/Application/TyperDis/vendor/laravel/framework/src/Illuminate/Database/Console/Migrations/MigrateCommand.php(111): Illuminate/Database/Migrations/Migrator->usingConnection()
#18 C:/xamppnew/htdocs/SSP2-Assignment/Application/TyperDis/vendor/laravel/framework/src/Illuminate/Database/Console/Migrations/MigrateCommand.php(90): Illuminate/Database/Console/Migrations/MigrateCommand->runMigrations()
#19 C:/xamppnew/htdocs/SSP2-Assignment/Application/TyperDis/vendor/laravel/framework/src/Illuminate/Container/BoundMethod.php(36): Illuminate/Database/Console/Migrations/MigrateCommand->handle()
#20 C:/xamppnew/htdocs/SSP2-Assignment/Application/TyperDis/vendor/laravel/framework/src/Illuminate/Container/Util.php(43): Illuminate/Container/BoundMethod::{closure:Illuminate/Container/BoundMethod::call():35}()
#21 C:/xamppnew/htdocs/SSP2-Assignment/Application/TyperDis/vendor/laravel/framework/src/Illuminate/Container/BoundMethod.php(96): Illuminate/Container/Util::unwrapIfClosure()
#22 C:/xamppnew/htdocs/SSP2-Assignment/Application/TyperDis/vendor/laravel/framework/src/Illuminate/Container/BoundMethod.php(35): Illuminate/Container/BoundMethod::callBoundMethod()
#23 C:/xamppnew/htdocs/SSP2-Assignment/Application/TyperDis/vendor/laravel/framework/src/Illuminate/Container/Container.php(803): Illuminate/Container/BoundMethod::call()
#24 C:/xamppnew/htdocs/SSP2-Assignment/Application/TyperDis/vendor/laravel/framework/src/Illuminate/Console/Command.php(292): Illuminate/Container/Container->call()
#25 C:/xamppnew/htdocs/SSP2-Assignment/Application/TyperDis/vendor/symfony/console/Command/Command.php(285): Illuminate/Console/Command->execute()
#26 C:/xamppnew/htdocs/SSP2-Assignment/Application/TyperDis/vendor/laravel/framework/src/Illuminate/Console/Command.php(261): Symfony/Component/Console/Command/Command->run()
#27 C:/xamppnew/htdocs/SSP2-Assignment/Application/TyperDis/vendor/laravel/framework/src/Illuminate/Console/Concerns/CallsCommands.php(68): Illuminate/Console/Command->run()
#28 C:/xamppnew/htdocs/SSP2-Assignment/Application/TyperDis/vendor/laravel/framework/src/Illuminate/Console/Concerns/CallsCommands.php(29): Illuminate/Console/Command->runCommand()
#29 C:/xamppnew/htdocs/SSP2-Assignment/Application/TyperDis/vendor/laravel/framework/src/Illuminate/Database/Console/Migrations/FreshCommand.php(96): Illuminate/Console/Command->call()
#30 C:/xamppnew/htdocs/SSP2-Assignment/Application/TyperDis/vendor/laravel/framework/src/Illuminate/Container/BoundMethod.php(36): Illuminate/Database/Console/Migrations/FreshCommand->handle()
#31 C:/xamppnew/htdocs/SSP2-Assignment/Application/TyperDis/vendor/laravel/framework/src/Illuminate/Container/Util.php(43): Illuminate/Container/BoundMethod::{closure:Illuminate/Container/BoundMethod::call():35}()
#32 C:/xamppnew/htdocs/SSP2-Assignment/Application/TyperDis/vendor/laravel/framework/src/Illuminate/Container/BoundMethod.php(96): Illuminate/Container/Util::unwrapIfClosure()
#33 C:/xamppnew/htdocs/SSP2-Assignment/Application/TyperDis/vendor/laravel/framework/src/Illuminate/Container/BoundMethod.php(35): Illuminate/Container/BoundMethod::callBoundMethod()
#34 C:/xamppnew/htdocs/SSP2-Assignment/Application/TyperDis/vendor/laravel/framework/src/Illuminate/Container/Container.php(803): Illuminate/Container/BoundMethod::call()
#35 C:/xamppnew/htdocs/SSP2-Assignment/Application/TyperDis/vendor/laravel/framework/src/Illuminate/Console/Command.php(292): Illuminate/Container/Container->call()
#36 C:/xamppnew/htdocs/SSP2-Assignment/Application/TyperDis/vendor/symfony/console/Command/Command.php(285): Illuminate/Console/Command->execute()
#37 C:/xamppnew/htdocs/SSP2-Assignment/Application/TyperDis/vendor/laravel/framework/src/Illuminate/Console/Command.php(261): Symfony/Component/Console/Command/Command->run()
#38 C:/xamppnew/htdocs/SSP2-Assignment/Application/TyperDis/vendor/symfony/console/Application.php(1144): Illuminate/Console/Command->run()
#39 C:/xamppnew/htdocs/SSP2-Assignment/Application/TyperDis/vendor/symfony/console/Application.php(379): Symfony/Component/Console/Application->doRunCommand()
#40 C:/xamppnew/htdocs/SSP2-Assignment/Application/TyperDis/vendor/symfony/console/Application.php(218): Symfony/Component/Console/Application->doRun()
#41 C:/xamppnew/htdocs/SSP2-Assignment/Application/TyperDis/vendor/laravel/framework/src/Illuminate/Foundation/Console/Kernel.php(198): Symfony/Component/Console/Application->run()
#42 C:/xamppnew/htdocs/SSP2-Assignment/Application/TyperDis/vendor/laravel/framework/src/Illuminate/Foundation/Application.php(1242): Illuminate/Foundation/Console/Kernel->handle()
#43 C:/xamppnew/htdocs/SSP2-Assignment/Application/TyperDis/artisan(16): Illuminate/Foundation/Application->handleCommand()
#44 {main}
"} 
[2026-09-11 06:06:23] local.ERROR: Illuminate\Database\Migrations\Migration@anonymous(): Argument #1 ($table) must be of type Blueprint, Illuminate\Database\Schema\Blueprint given, called in C:\xamppnew\htdocs\SSP2-Assignment\Application\TyperDis\vendor\laravel\framework\src\Illuminate\Database\Schema\Builder.php on line 523 {"exception":"[object] (TypeError(code: 0): Illuminate\\Database\\Migrations\\Migration@anonymous(): Argument #1 ($table) must be of type Blueprint, Illuminate\\Database\\Schema\\Blueprint given, called in C:\\xamppnew\\htdocs\\SSP2-Assignment\\Application\\TyperDis\\vendor\\laravel\\framework\\src\\Illuminate\\Database\\Schema\\Builder.php on line 523 at C:/xamppnew/htdocs/SSP2-Assignment/Application/TyperDis/database/migrations/2026_09_11_050733_document.php:14)
[stacktrace]
#0 C:/xamppnew/htdocs/SSP2-Assignment/Application/TyperDis/vendor/laravel/framework/src/Illuminate/Database/Schema/Builder.php(523): Illuminate/Database/Migrations/Migration@anonymous->{closure:Illuminate/Database/Migrations/Migration@anonymous()
#1 C:/xamppnew/htdocs/SSP2-Assignment/Application/TyperDis/vendor/laravel/framework/src/Illuminate/Support/helpers.php(393): Illuminate/Database/Schema/Builder->{closure:Illuminate/Database/Schema/Builder::create():520}()
#2 C:/xamppnew/htdocs/SSP2-Assignment/Application/TyperDis/vendor/laravel/framework/src/Illuminate/Database/Schema/Builder.php(520): tap()
#3 C:/xamppnew/htdocs/SSP2-Assignment/Application/TyperDis/vendor/laravel/framework/src/Illuminate/Support/Facades/Facade.php(364): Illuminate/Database/Schema/Builder->create()
#4 C:/xamppnew/htdocs/SSP2-Assignment/Application/TyperDis/database/migrations/2026_09_11_050733_document.php(14): Illuminate/Support/Facades/Facade::__callStatic()
#5 C:/xamppnew/htdocs/SSP2-Assignment/Application/TyperDis/vendor/laravel/framework/src/Illuminate/Database/Migrations/Migrator.php(517): Illuminate/Database/Migrations/Migration@anonymous->up()
#6 C:/xamppnew/htdocs/SSP2-Assignment/Application/TyperDis/vendor/laravel/framework/src/Illuminate/Database/Migrations/Migrator.php(442): Illuminate/Database/Migrations/Migrator->runMethod()
#7 C:/xamppnew/htdocs/SSP2-Assignment/Application/TyperDis/vendor/laravel/framework/src/Illuminate/Database/Migrations/Migrator.php(451): Illuminate/Database/Migrations/Migrator->{closure:Illuminate/Database/Migrations/Migrator::runMigration():438}()
#8 C:/xamppnew/htdocs/SSP2-Assignment/Application/TyperDis/vendor/laravel/framework/src/Illuminate/Database/Migrations/Migrator.php(253): Illuminate/Database/Migrations/Migrator->runMigration()
#9 C:/xamppnew/htdocs/SSP2-Assignment/Application/TyperDis/vendor/laravel/framework/src/Illuminate/Console/View/Components/Task.php(43): Illuminate/Database/Migrations/Migrator->{closure:Illuminate/Database/Migrations/Migrator::runUp():253}()
#10 C:/xamppnew/htdocs/SSP2-Assignment/Application/TyperDis/vendor/laravel/framework/src/Illuminate/Database/Migrations/Migrator.php(853): Illuminate/Console/View/Components/Task->render()
#11 C:/xamppnew/htdocs/SSP2-Assignment/Application/TyperDis/vendor/laravel/framework/src/Illuminate/Database/Migrations/Migrator.php(253): Illuminate/Database/Migrations/Migrator->write()
#12 C:/xamppnew/htdocs/SSP2-Assignment/Application/TyperDis/vendor/laravel/framework/src/Illuminate/Database/Migrations/Migrator.php(211): Illuminate/Database/Migrations/Migrator->runUp()
#13 C:/xamppnew/htdocs/SSP2-Assignment/Application/TyperDis/vendor/laravel/framework/src/Illuminate/Database/Migrations/Migrator.php(138): Illuminate/Database/Migrations/Migrator->runPending()
#14 C:/xamppnew/htdocs/SSP2-Assignment/Application/TyperDis/vendor/laravel/framework/src/Illuminate/Database/Console/Migrations/MigrateCommand.php(118): Illuminate/Database/Migrations/Migrator->run()
#15 C:/xamppnew/htdocs/SSP2-Assignment/Application/TyperDis/vendor/laravel/framework/src/Illuminate/Database/Migrations/Migrator.php(672): Illuminate/Database/Console/Migrations/MigrateCommand->{closure:Illuminate/Database/Console/Migrations/MigrateCommand::runMigrations():111}()
#16 C:/xamppnew/htdocs/SSP2-Assignment/Application/TyperDis/vendor/laravel/framework/src/Illuminate/Database/Console/Migrations/MigrateCommand.php(111): Illuminate/Database/Migrations/Migrator->usingConnection()
#17 C:/xamppnew/htdocs/SSP2-Assignment/Application/TyperDis/vendor/laravel/framework/src/Illuminate/Database/Console/Migrations/MigrateCommand.php(90): Illuminate/Database/Console/Migrations/MigrateCommand->runMigrations()
#18 C:/xamppnew/htdocs/SSP2-Assignment/Application/TyperDis/vendor/laravel/framework/src/Illuminate/Container/BoundMethod.php(36): Illuminate/Database/Console/Migrations/MigrateCommand->handle()
#19 C:/xamppnew/htdocs/SSP2-Assignment/Application/TyperDis/vendor/laravel/framework/src/Illuminate/Container/Util.php(43): Illuminate/Container/BoundMethod::{closure:Illuminate/Container/BoundMethod::call():35}()
#20 C:/xamppnew/htdocs/SSP2-Assignment/Application/TyperDis/vendor/laravel/framework/src/Illuminate/Container/BoundMethod.php(96): Illuminate/Container/Util::unwrapIfClosure()
#21 C:/xamppnew/htdocs/SSP2-Assignment/Application/TyperDis/vendor/laravel/framework/src/Illuminate/Container/BoundMethod.php(35): Illuminate/Container/BoundMethod::callBoundMethod()
#22 C:/xamppnew/htdocs/SSP2-Assignment/Application/TyperDis/vendor/laravel/framework/src/Illuminate/Container/Container.php(803): Illuminate/Container/BoundMethod::call()
#23 C:/xamppnew/htdocs/SSP2-Assignment/Application/TyperDis/vendor/laravel/framework/src/Illuminate/Console/Command.php(292): Illuminate/Container/Container->call()
#24 C:/xamppnew/htdocs/SSP2-Assignment/Application/TyperDis/vendor/symfony/console/Command/Command.php(285): Illuminate/Console/Command->execute()
#25 C:/xamppnew/htdocs/SSP2-Assignment/Application/TyperDis/vendor/laravel/framework/src/Illuminate/Console/Command.php(261): Symfony/Component/Console/Command/Command->run()
#26 C:/xamppnew/htdocs/SSP2-Assignment/Application/TyperDis/vendor/laravel/framework/src/Illuminate/Console/Concerns/CallsCommands.php(68): Illuminate/Console/Command->run()
#27 C:/xamppnew/htdocs/SSP2-Assignment/Application/TyperDis/vendor/laravel/framework/src/Illuminate/Console/Concerns/CallsCommands.php(29): Illuminate/Console/Command->runCommand()
#28 C:/xamppnew/htdocs/SSP2-Assignment/Application/TyperDis/vendor/laravel/framework/src/Illuminate/Database/Console/Migrations/FreshCommand.php(96): Illuminate/Console/Command->call()
#29 C:/xamppnew/htdocs/SSP2-Assignment/Application/TyperDis/vendor/laravel/framework/src/Illuminate/Container/BoundMethod.php(36): Illuminate/Database/Console/Migrations/FreshCommand->handle()
#30 C:/xamppnew/htdocs/SSP2-Assignment/Application/TyperDis/vendor/laravel/framework/src/Illuminate/Container/Util.php(43): Illuminate/Container/BoundMethod::{closure:Illuminate/Container/BoundMethod::call():35}()
#31 C:/xamppnew/htdocs/SSP2-Assignment/Application/TyperDis/vendor/laravel/framework/src/Illuminate/Container/BoundMethod.php(96): Illuminate/Container/Util::unwrapIfClosure()
#32 C:/xamppnew/htdocs/SSP2-Assignment/Application/TyperDis/vendor/laravel/framework/src/Illuminate/Container/BoundMethod.php(35): Illuminate/Container/BoundMethod::callBoundMethod()
#33 C:/xamppnew/htdocs/SSP2-Assignment/Application/TyperDis/vendor/laravel/framework/src/Illuminate/Container/Container.php(803): Illuminate/Container/BoundMethod::call()
#34 C:/xamppnew/htdocs/SSP2-Assignment/Application/TyperDis/vendor/laravel/framework/src/Illuminate/Console/Command.php(292): Illuminate/Container/Container->call()
#35 C:/xamppnew/htdocs/SSP2-Assignment/Application/TyperDis/vendor/symfony/console/Command/Command.php(285): Illuminate/Console/Command->execute()
#36 C:/xamppnew/htdocs/SSP2-Assignment/Application/TyperDis/vendor/laravel/framework/src/Illuminate/Console/Command.php(261): Symfony/Component/Console/Command/Command->run()
#37 C:/xamppnew/htdocs/SSP2-Assignment/Application/TyperDis/vendor/symfony/console/Application.php(1144): Illuminate/Console/Command->run()
#38 C:/xamppnew/htdocs/SSP2-Assignment/Application/TyperDis/vendor/symfony/console/Application.php(379): Symfony/Component/Console/Application->doRunCommand()
#39 C:/xamppnew/htdocs/SSP2-Assignment/Application/TyperDis/vendor/symfony/console/Application.php(218): Symfony/Component/Console/Application->doRun()
#40 C:/xamppnew/htdocs/SSP2-Assignment/Application/TyperDis/vendor/laravel/framework/src/Illuminate/Foundation/Console/Kernel.php(198): Symfony/Component/Console/Application->run()
#41 C:/xamppnew/htdocs/SSP2-Assignment/Application/TyperDis/vendor/laravel/framework/src/Illuminate/Foundation/Application.php(1242): Illuminate/Foundation/Console/Kernel->handle()
#42 C:/xamppnew/htdocs/SSP2-Assignment/Application/TyperDis/artisan(16): Illuminate/Foundation/Application->handleCommand()
#43 {main}
"} 
[2026-09-11 06:08:43] local.ERROR: There are no commands defined in the "migration" namespace.

Did you mean this?
    migrate {"exception":"[object] (Symfony\\Component\\Console\\Exception\\NamespaceNotFoundException(code: 0): There are no commands defined in the \"migration\" namespace.

Did you mean this?
    migrate at C:/xamppnew/htdocs/SSP2-Assignment/Application/TyperDis/vendor/symfony/console/Application.php:716)
[stacktrace]
#0 C:/xamppnew/htdocs/SSP2-Assignment/Application/TyperDis/vendor/symfony/console/Application.php(769): Symfony/Component/Console/Application->findNamespace()
#1 C:/xamppnew/htdocs/SSP2-Assignment/Application/TyperDis/vendor/symfony/console/Application.php(321): Symfony/Component/Console/Application->find()
#2 C:/xamppnew/htdocs/SSP2-Assignment/Application/TyperDis/vendor/symfony/console/Application.php(218): Symfony/Component/Console/Application->doRun()
#3 C:/xamppnew/htdocs/SSP2-Assignment/Application/TyperDis/vendor/laravel/framework/src/Illuminate/Foundation/Console/Kernel.php(198): Symfony/Component/Console/Application->run()
#4 C:/xamppnew/htdocs/SSP2-Assignment/Application/TyperDis/vendor/laravel/framework/src/Illuminate/Foundation/Application.php(1242): Illuminate/Foundation/Console/Kernel->handle()
#5 C:/xamppnew/htdocs/SSP2-Assignment/Application/TyperDis/artisan(16): Illuminate/Foundation/Application->handleCommand()
#6 {main}
"} 
[2026-09-11 06:08:56] local.ERROR: Method Illuminate\Database\Schema\Blueprint::name does not exist. {"exception":"[object] (BadMethodCallException(code: 0): Method Illuminate\\Database\\Schema\\Blueprint::name does not exist. at C:/xamppnew/htdocs/SSP2-Assignment/Application/TyperDis/vendor/laravel/framework/src/Illuminate/Macroable/Traits/Macroable.php:117)
[stacktrace]
#0 C:/xamppnew/htdocs/SSP2-Assignment/Application/TyperDis/database/migrations/2026_09_11_050733_document.php(17): Illuminate/Database/Schema/Blueprint->__call()
#1 C:/xamppnew/htdocs/SSP2-Assignment/Application/TyperDis/vendor/laravel/framework/src/Illuminate/Database/Schema/Builder.php(523): Illuminate/Database/Migrations/Migration@anonymous->{closure:Illuminate/Database/Migrations/Migration@anonymous()
#2 C:/xamppnew/htdocs/SSP2-Assignment/Application/TyperDis/vendor/laravel/framework/src/Illuminate/Support/helpers.php(393): Illuminate/Database/Schema/Builder->{closure:Illuminate/Database/Schema/Builder::create():520}()
#3 C:/xamppnew/htdocs/SSP2-Assignment/Application/TyperDis/vendor/laravel/framework/src/Illuminate/Database/Schema/Builder.php(520): tap()
#4 C:/xamppnew/htdocs/SSP2-Assignment/Application/TyperDis/vendor/laravel/framework/src/Illuminate/Support/Facades/Facade.php(364): Illuminate/Database/Schema/Builder->create()
#5 C:/xamppnew/htdocs/SSP2-Assignment/Application/TyperDis/database/migrations/2026_09_11_050733_document.php(15): Illuminate/Support/Facades/Facade::__callStatic()
#6 C:/xamppnew/htdocs/SSP2-Assignment/Application/TyperDis/vendor/laravel/framework/src/Illuminate/Database/Migrations/Migrator.php(517): Illuminate/Database/Migrations/Migration@anonymous->up()
#7 C:/xamppnew/htdocs/SSP2-Assignment/Application/TyperDis/vendor/laravel/framework/src/Illuminate/Database/Migrations/Migrator.php(442): Illuminate/Database/Migrations/Migrator->runMethod()
#8 C:/xamppnew/htdocs/SSP2-Assignment/Application/TyperDis/vendor/laravel/framework/src/Illuminate/Database/Migrations/Migrator.php(451): Illuminate/Database/Migrations/Migrator->{closure:Illuminate/Database/Migrations/Migrator::runMigration():438}()
#9 C:/xamppnew/htdocs/SSP2-Assignment/Application/TyperDis/vendor/laravel/framework/src/Illuminate/Database/Migrations/Migrator.php(253): Illuminate/Database/Migrations/Migrator->runMigration()
#10 C:/xamppnew/htdocs/SSP2-Assignment/Application/TyperDis/vendor/laravel/framework/src/Illuminate/Console/View/Components/Task.php(43): Illuminate/Database/Migrations/Migrator->{closure:Illuminate/Database/Migrations/Migrator::runUp():253}()
#11 C:/xamppnew/htdocs/SSP2-Assignment/Application/TyperDis/vendor/laravel/framework/src/Illuminate/Database/Migrations/Migrator.php(853): Illuminate/Console/View/Components/Task->render()
#12 C:/xamppnew/htdocs/SSP2-Assignment/Application/TyperDis/vendor/laravel/framework/src/Illuminate/Database/Migrations/Migrator.php(253): Illuminate/Database/Migrations/Migrator->write()
#13 C:/xamppnew/htdocs/SSP2-Assignment/Application/TyperDis/vendor/laravel/framework/src/Illuminate/Database/Migrations/Migrator.php(211): Illuminate/Database/Migrations/Migrator->runUp()
#14 C:/xamppnew/htdocs/SSP2-Assignment/Application/TyperDis/vendor/laravel/framework/src/Illuminate/Database/Migrations/Migrator.php(138): Illuminate/Database/Migrations/Migrator->runPending()
#15 C:/xamppnew/htdocs/SSP2-Assignment/Application/TyperDis/vendor/laravel/framework/src/Illuminate/Database/Console/Migrations/MigrateCommand.php(118): Illuminate/Database/Migrations/Migrator->run()
#16 C:/xamppnew/htdocs/SSP2-Assignment/Application/TyperDis/vendor/laravel/framework/src/Illuminate/Database/Migrations/Migrator.php(672): Illuminate/Database/Console/Migrations/MigrateCommand->{closure:Illuminate/Database/Console/Migrations/MigrateCommand::runMigrations():111}()
#17 C:/xamppnew/htdocs/SSP2-Assignment/Application/TyperDis/vendor/laravel/framework/src/Illuminate/Database/Console/Migrations/MigrateCommand.php(111): Illuminate/Database/Migrations/Migrator->usingConnection()
#18 C:/xamppnew/htdocs/SSP2-Assignment/Application/TyperDis/vendor/laravel/framework/src/Illuminate/Database/Console/Migrations/MigrateCommand.php(90): Illuminate/Database/Console/Migrations/MigrateCommand->runMigrations()
#19 C:/xamppnew/htdocs/SSP2-Assignment/Application/TyperDis/vendor/laravel/framework/src/Illuminate/Container/BoundMethod.php(36): Illuminate/Database/Console/Migrations/MigrateCommand->handle()
#20 C:/xamppnew/htdocs/SSP2-Assignment/Application/TyperDis/vendor/laravel/framework/src/Illuminate/Container/Util.php(43): Illuminate/Container/BoundMethod::{closure:Illuminate/Container/BoundMethod::call():35}()
#21 C:/xamppnew/htdocs/SSP2-Assignment/Application/TyperDis/vendor/laravel/framework/src/Illuminate/Container/BoundMethod.php(96): Illuminate/Container/Util::unwrapIfClosure()
#22 C:/xamppnew/htdocs/SSP2-Assignment/Application/TyperDis/vendor/laravel/framework/src/Illuminate/Container/BoundMethod.php(35): Illuminate/Container/BoundMethod::callBoundMethod()
#23 C:/xamppnew/htdocs/SSP2-Assignment/Application/TyperDis/vendor/laravel/framework/src/Illuminate/Container/Container.php(803): Illuminate/Container/BoundMethod::call()
#24 C:/xamppnew/htdocs/SSP2-Assignment/Application/TyperDis/vendor/laravel/framework/src/Illuminate/Console/Command.php(292): Illuminate/Container/Container->call()
#25 C:/xamppnew/htdocs/SSP2-Assignment/Application/TyperDis/vendor/symfony/console/Command/Command.php(285): Illuminate/Console/Command->execute()
#26 C:/xamppnew/htdocs/SSP2-Assignment/Application/TyperDis/vendor/laravel/framework/src/Illuminate/Console/Command.php(261): Symfony/Component/Console/Command/Command->run()
#27 C:/xamppnew/htdocs/SSP2-Assignment/Application/TyperDis/vendor/laravel/framework/src/Illuminate/Console/Concerns/CallsCommands.php(68): Illuminate/Console/Command->run()
#28 C:/xamppnew/htdocs/SSP2-Assignment/Application/TyperDis/vendor/laravel/framework/src/Illuminate/Console/Concerns/CallsCommands.php(29): Illuminate/Console/Command->runCommand()
#29 C:/xamppnew/htdocs/SSP2-Assignment/Application/TyperDis/vendor/laravel/framework/src/Illuminate/Database/Console/Migrations/FreshCommand.php(96): Illuminate/Console/Command->call()
#30 C:/xamppnew/htdocs/SSP2-Assignment/Application/TyperDis/vendor/laravel/framework/src/Illuminate/Container/BoundMethod.php(36): Illuminate/Database/Console/Migrations/FreshCommand->handle()
#31 C:/xamppnew/htdocs/SSP2-Assignment/Application/TyperDis/vendor/laravel/framework/src/Illuminate/Container/Util.php(43): Illuminate/Container/BoundMethod::{closure:Illuminate/Container/BoundMethod::call():35}()
#32 C:/xamppnew/htdocs/SSP2-Assignment/Application/TyperDis/vendor/laravel/framework/src/Illuminate/Container/BoundMethod.php(96): Illuminate/Container/Util::unwrapIfClosure()
#33 C:/xamppnew/htdocs/SSP2-Assignment/Application/TyperDis/vendor/laravel/framework/src/Illuminate/Container/BoundMethod.php(35): Illuminate/Container/BoundMethod::callBoundMethod()
#34 C:/xamppnew/htdocs/SSP2-Assignment/Application/TyperDis/vendor/laravel/framework/src/Illuminate/Container/Container.php(803): Illuminate/Container/BoundMethod::call()
#35 C:/xamppnew/htdocs/SSP2-Assignment/Application/TyperDis/vendor/laravel/framework/src/Illuminate/Console/Command.php(292): Illuminate/Container/Container->call()
#36 C:/xamppnew/htdocs/SSP2-Assignment/Application/TyperDis/vendor/symfony/console/Command/Command.php(285): Illuminate/Console/Command->execute()
#37 C:/xamppnew/htdocs/SSP2-Assignment/Application/TyperDis/vendor/laravel/framework/src/Illuminate/Console/Command.php(261): Symfony/Component/Console/Command/Command->run()
#38 C:/xamppnew/htdocs/SSP2-Assignment/Application/TyperDis/vendor/symfony/console/Application.php(1144): Illuminate/Console/Command->run()
#39 C:/xamppnew/htdocs/SSP2-Assignment/Application/TyperDis/vendor/symfony/console/Application.php(379): Symfony/Component/Console/Application->doRunCommand()
#40 C:/xamppnew/htdocs/SSP2-Assignment/Application/TyperDis/vendor/symfony/console/Application.php(218): Symfony/Component/Console/Application->doRun()
#41 C:/xamppnew/htdocs/SSP2-Assignment/Application/TyperDis/vendor/laravel/framework/src/Illuminate/Foundation/Console/Kernel.php(198): Symfony/Component/Console/Application->run()
#42 C:/xamppnew/htdocs/SSP2-Assignment/Application/TyperDis/vendor/laravel/framework/src/Illuminate/Foundation/Application.php(1242): Illuminate/Foundation/Console/Kernel->handle()
#43 C:/xamppnew/htdocs/SSP2-Assignment/Application/TyperDis/artisan(16): Illuminate/Foundation/Application->handleCommand()
#44 {main}
"} 
[2026-09-11 06:10:59] local.ERROR: SQLSTATE[42000]: Syntax error or access violation: 1072 Key column 'account_id' doesn't exist in table (Connection: mysql, Host: 127.0.0.1, Port: 3306, Database: mydatabase, SQL: alter table `creditsAccount` add constraint `creditsaccount_account_id_foreign` foreign key (`account_id`) references `Account` (`account_id`)) {"exception":"[object] (Illuminate\\Database\\QueryException(code: 42000): SQLSTATE[42000]: Syntax error or access violation: 1072 Key column 'account_id' doesn't exist in table (Connection: mysql, Host: 127.0.0.1, Port: 3306, Database: mydatabase, SQL: alter table `creditsAccount` add constraint `creditsaccount_account_id_foreign` foreign key (`account_id`) references `Account` (`account_id`)) at C:/xamppnew/htdocs/SSP2-Assignment/Application/TyperDis/vendor/laravel/framework/src/Illuminate/Database/Connection.php:857)
[stacktrace]
#0 C:/xamppnew/htdocs/SSP2-Assignment/Application/TyperDis/vendor/laravel/framework/src/Illuminate/Database/Connection.php(813): Illuminate/Database/Connection->runQueryCallback()
#1 C:/xamppnew/htdocs/SSP2-Assignment/Application/TyperDis/vendor/laravel/framework/src/Illuminate/Database/Connection.php(590): Illuminate/Database/Connection->run()
#2 C:/xamppnew/htdocs/SSP2-Assignment/Application/TyperDis/vendor/laravel/framework/src/Illuminate/Database/Schema/Blueprint.php(122): Illuminate/Database/Connection->statement()
#3 C:/xamppnew/htdocs/SSP2-Assignment/Application/TyperDis/vendor/laravel/framework/src/Illuminate/Database/Schema/Builder.php(702): Illuminate/Database/Schema/Blueprint->build()
#4 C:/xamppnew/htdocs/SSP2-Assignment/Application/TyperDis/vendor/laravel/framework/src/Illuminate/Database/Schema/Builder.php(520): Illuminate/Database/Schema/Builder->build()
#5 C:/xamppnew/htdocs/SSP2-Assignment/Application/TyperDis/vendor/laravel/framework/src/Illuminate/Support/Facades/Facade.php(364): Illuminate/Database/Schema/Builder->create()
#6 C:/xamppnew/htdocs/SSP2-Assignment/Application/TyperDis/database/migrations/2026_09_11_050753_credits_account.php(15): Illuminate/Support/Facades/Facade::__callStatic()
#7 C:/xamppnew/htdocs/SSP2-Assignment/Application/TyperDis/vendor/laravel/framework/src/Illuminate/Database/Migrations/Migrator.php(517): Illuminate/Database/Migrations/Migration@anonymous->up()
#8 C:/xamppnew/htdocs/SSP2-Assignment/Application/TyperDis/vendor/laravel/framework/src/Illuminate/Database/Migrations/Migrator.php(442): Illuminate/Database/Migrations/Migrator->runMethod()
#9 C:/xamppnew/htdocs/SSP2-Assignment/Application/TyperDis/vendor/laravel/framework/src/Illuminate/Database/Migrations/Migrator.php(451): Illuminate/Database/Migrations/Migrator->{closure:Illuminate/Database/Migrations/Migrator::runMigration():438}()
#10 C:/xamppnew/htdocs/SSP2-Assignment/Application/TyperDis/vendor/laravel/framework/src/Illuminate/Database/Migrations/Migrator.php(253): Illuminate/Database/Migrations/Migrator->runMigration()
#11 C:/xamppnew/htdocs/SSP2-Assignment/Application/TyperDis/vendor/laravel/framework/src/Illuminate/Console/View/Components/Task.php(43): Illuminate/Database/Migrations/Migrator->{closure:Illuminate/Database/Migrations/Migrator::runUp():253}()
#12 C:/xamppnew/htdocs/SSP2-Assignment/Application/TyperDis/vendor/laravel/framework/src/Illuminate/Database/Migrations/Migrator.php(853): Illuminate/Console/View/Components/Task->render()
#13 C:/xamppnew/htdocs/SSP2-Assignment/Application/TyperDis/vendor/laravel/framework/src/Illuminate/Database/Migrations/Migrator.php(253): Illuminate/Database/Migrations/Migrator->write()
#14 C:/xamppnew/htdocs/SSP2-Assignment/Application/TyperDis/vendor/laravel/framework/src/Illuminate/Database/Migrations/Migrator.php(211): Illuminate/Database/Migrations/Migrator->runUp()
#15 C:/xamppnew/htdocs/SSP2-Assignment/Application/TyperDis/vendor/laravel/framework/src/Illuminate/Database/Migrations/Migrator.php(138): Illuminate/Database/Migrations/Migrator->runPending()
#16 C:/xamppnew/htdocs/SSP2-Assignment/Application/TyperDis/vendor/laravel/framework/src/Illuminate/Database/Console/Migrations/MigrateCommand.php(118): Illuminate/Database/Migrations/Migrator->run()
#17 C:/xamppnew/htdocs/SSP2-Assignment/Application/TyperDis/vendor/laravel/framework/src/Illuminate/Database/Migrations/Migrator.php(672): Illuminate/Database/Console/Migrations/MigrateCommand->{closure:Illuminate/Database/Console/Migrations/MigrateCommand::runMigrations():111}()
#18 C:/xamppnew/htdocs/SSP2-Assignment/Application/TyperDis/vendor/laravel/framework/src/Illuminate/Database/Console/Migrations/MigrateCommand.php(111): Illuminate/Database/Migrations/Migrator->usingConnection()
#19 C:/xamppnew/htdocs/SSP2-Assignment/Application/TyperDis/vendor/laravel/framework/src/Illuminate/Database/Console/Migrations/MigrateCommand.php(90): Illuminate/Database/Console/Migrations/MigrateCommand->runMigrations()
#20 C:/xamppnew/htdocs/SSP2-Assignment/Application/TyperDis/vendor/laravel/framework/src/Illuminate/Container/BoundMethod.php(36): Illuminate/Database/Console/Migrations/MigrateCommand->handle()
#21 C:/xamppnew/htdocs/SSP2-Assignment/Application/TyperDis/vendor/laravel/framework/src/Illuminate/Container/Util.php(43): Illuminate/Container/BoundMethod::{closure:Illuminate/Container/BoundMethod::call():35}()
#22 C:/xamppnew/htdocs/SSP2-Assignment/Application/TyperDis/vendor/laravel/framework/src/Illuminate/Container/BoundMethod.php(96): Illuminate/Container/Util::unwrapIfClosure()
#23 C:/xamppnew/htdocs/SSP2-Assignment/Application/TyperDis/vendor/laravel/framework/src/Illuminate/Container/BoundMethod.php(35): Illuminate/Container/BoundMethod::callBoundMethod()
#24 C:/xamppnew/htdocs/SSP2-Assignment/Application/TyperDis/vendor/laravel/framework/src/Illuminate/Container/Container.php(803): Illuminate/Container/BoundMethod::call()
#25 C:/xamppnew/htdocs/SSP2-Assignment/Application/TyperDis/vendor/laravel/framework/src/Illuminate/Console/Command.php(292): Illuminate/Container/Container->call()
#26 C:/xamppnew/htdocs/SSP2-Assignment/Application/TyperDis/vendor/symfony/console/Command/Command.php(285): Illuminate/Console/Command->execute()
#27 C:/xamppnew/htdocs/SSP2-Assignment/Application/TyperDis/vendor/laravel/framework/src/Illuminate/Console/Command.php(261): Symfony/Component/Console/Command/Command->run()
#28 C:/xamppnew/htdocs/SSP2-Assignment/Application/TyperDis/vendor/laravel/framework/src/Illuminate/Console/Concerns/CallsCommands.php(68): Illuminate/Console/Command->run()
#29 C:/xamppnew/htdocs/SSP2-Assignment/Application/TyperDis/vendor/laravel/framework/src/Illuminate/Console/Concerns/CallsCommands.php(29): Illuminate/Console/Command->runCommand()
#30 C:/xamppnew/htdocs/SSP2-Assignment/Application/TyperDis/vendor/laravel/framework/src/Illuminate/Database/Console/Migrations/FreshCommand.php(96): Illuminate/Console/Command->call()
#31 C:/xamppnew/htdocs/SSP2-Assignment/Application/TyperDis/vendor/laravel/framework/src/Illuminate/Container/BoundMethod.php(36): Illuminate/Database/Console/Migrations/FreshCommand->handle()
#32 C:/xamppnew/htdocs/SSP2-Assignment/Application/TyperDis/vendor/laravel/framework/src/Illuminate/Container/Util.php(43): Illuminate/Container/BoundMethod::{closure:Illuminate/Container/BoundMethod::call():35}()
#33 C:/xamppnew/htdocs/SSP2-Assignment/Application/TyperDis/vendor/laravel/framework/src/Illuminate/Container/BoundMethod.php(96): Illuminate/Container/Util::unwrapIfClosure()
#34 C:/xamppnew/htdocs/SSP2-Assignment/Application/TyperDis/vendor/laravel/framework/src/Illuminate/Container/BoundMethod.php(35): Illuminate/Container/BoundMethod::callBoundMethod()
#35 C:/xamppnew/htdocs/SSP2-Assignment/Application/TyperDis/vendor/laravel/framework/src/Illuminate/Container/Container.php(803): Illuminate/Container/BoundMethod::call()
#36 C:/xamppnew/htdocs/SSP2-Assignment/Application/TyperDis/vendor/laravel/framework/src/Illuminate/Console/Command.php(292): Illuminate/Container/Container->call()
#37 C:/xamppnew/htdocs/SSP2-Assignment/Application/TyperDis/vendor/symfony/console/Command/Command.php(285): Illuminate/Console/Command->execute()
#38 C:/xamppnew/htdocs/SSP2-Assignment/Application/TyperDis/vendor/laravel/framework/src/Illuminate/Console/Command.php(261): Symfony/Component/Console/Command/Command->run()
#39 C:/xamppnew/htdocs/SSP2-Assignment/Application/TyperDis/vendor/symfony/console/Application.php(1144): Illuminate/Console/Command->run()
#40 C:/xamppnew/htdocs/SSP2-Assignment/Application/TyperDis/vendor/symfony/console/Application.php(379): Symfony/Component/Console/Application->doRunCommand()
#41 C:/xamppnew/htdocs/SSP2-Assignment/Application/TyperDis/vendor/symfony/console/Application.php(218): Symfony/Component/Console/Application->doRun()
#42 C:/xamppnew/htdocs/SSP2-Assignment/Application/TyperDis/vendor/laravel/framework/src/Illuminate/Foundation/Console/Kernel.php(198): Symfony/Component/Console/Application->run()
#43 C:/xamppnew/htdocs/SSP2-Assignment/Application/TyperDis/vendor/laravel/framework/src/Illuminate/Foundation/Application.php(1242): Illuminate/Foundation/Console/Kernel->handle()
#44 C:/xamppnew/htdocs/SSP2-Assignment/Application/TyperDis/artisan(16): Illuminate/Foundation/Application->handleCommand()
#45 {main}

[previous exception] [object] (PDOException(code: 42000): SQLSTATE[42000]: Syntax error or access violation: 1072 Key column 'account_id' doesn't exist in table at C:/xamppnew/htdocs/SSP2-Assignment/Application/TyperDis/vendor/laravel/framework/src/Illuminate/Database/Connection.php:601)
[stacktrace]
#0 C:/xamppnew/htdocs/SSP2-Assignment/Application/TyperDis/vendor/laravel/framework/src/Illuminate/Database/Connection.php(601): PDOStatement->execute()
#1 C:/xamppnew/htdocs/SSP2-Assignment/Application/TyperDis/vendor/laravel/framework/src/Illuminate/Database/Connection.php(846): Illuminate/Database/Connection->{closure:Illuminate/Database/Connection::statement():590}()
#2 C:/xamppnew/htdocs/SSP2-Assignment/Application/TyperDis/vendor/laravel/framework/src/Illuminate/Database/Connection.php(813): Illuminate/Database/Connection->runQueryCallback()
#3 C:/xamppnew/htdocs/SSP2-Assignment/Application/TyperDis/vendor/laravel/framework/src/Illuminate/Database/Connection.php(590): Illuminate/Database/Connection->run()
#4 C:/xamppnew/htdocs/SSP2-Assignment/Application/TyperDis/vendor/laravel/framework/src/Illuminate/Database/Schema/Blueprint.php(122): Illuminate/Database/Connection->statement()
#5 C:/xamppnew/htdocs/SSP2-Assignment/Application/TyperDis/vendor/laravel/framework/src/Illuminate/Database/Schema/Builder.php(702): Illuminate/Database/Schema/Blueprint->build()
#6 C:/xamppnew/htdocs/SSP2-Assignment/Application/TyperDis/vendor/laravel/framework/src/Illuminate/Database/Schema/Builder.php(520): Illuminate/Database/Schema/Builder->build()
#7 C:/xamppnew/htdocs/SSP2-Assignment/Application/TyperDis/vendor/laravel/framework/src/Illuminate/Support/Facades/Facade.php(364): Illuminate/Database/Schema/Builder->create()
#8 C:/xamppnew/htdocs/SSP2-Assignment/Application/TyperDis/database/migrations/2026_09_11_050753_credits_account.php(15): Illuminate/Support/Facades/Facade::__callStatic()
#9 C:/xamppnew/htdocs/SSP2-Assignment/Application/TyperDis/vendor/laravel/framework/src/Illuminate/Database/Migrations/Migrator.php(517): Illuminate/Database/Migrations/Migration@anonymous->up()
#10 C:/xamppnew/htdocs/SSP2-Assignment/Application/TyperDis/vendor/laravel/framework/src/Illuminate/Database/Migrations/Migrator.php(442): Illuminate/Database/Migrations/Migrator->runMethod()
#11 C:/xamppnew/htdocs/SSP2-Assignment/Application/TyperDis/vendor/laravel/framework/src/Illuminate/Database/Migrations/Migrator.php(451): Illuminate/Database/Migrations/Migrator->{closure:Illuminate/Database/Migrations/Migrator::runMigration():438}()
#12 C:/xamppnew/htdocs/SSP2-Assignment/Application/TyperDis/vendor/laravel/framework/src/Illuminate/Database/Migrations/Migrator.php(253): Illuminate/Database/Migrations/Migrator->runMigration()
#13 C:/xamppnew/htdocs/SSP2-Assignment/Application/TyperDis/vendor/laravel/framework/src/Illuminate/Console/View/Components/Task.php(43): Illuminate/Database/Migrations/Migrator->{closure:Illuminate/Database/Migrations/Migrator::runUp():253}()
#14 C:/xamppnew/htdocs/SSP2-Assignment/Application/TyperDis/vendor/laravel/framework/src/Illuminate/Database/Migrations/Migrator.php(853): Illuminate/Console/View/Components/Task->render()
#15 C:/xamppnew/htdocs/SSP2-Assignment/Application/TyperDis/vendor/laravel/framework/src/Illuminate/Database/Migrations/Migrator.php(253): Illuminate/Database/Migrations/Migrator->write()
#16 C:/xamppnew/htdocs/SSP2-Assignment/Application/TyperDis/vendor/laravel/framework/src/Illuminate/Database/Migrations/Migrator.php(211): Illuminate/Database/Migrations/Migrator->runUp()
#17 C:/xamppnew/htdocs/SSP2-Assignment/Application/TyperDis/vendor/laravel/framework/src/Illuminate/Database/Migrations/Migrator.php(138): Illuminate/Database/Migrations/Migrator->runPending()
#18 C:/xamppnew/htdocs/SSP2-Assignment/Application/TyperDis/vendor/laravel/framework/src/Illuminate/Database/Console/Migrations/MigrateCommand.php(118): Illuminate/Database/Migrations/Migrator->run()
#19 C:/xamppnew/htdocs/SSP2-Assignment/Application/TyperDis/vendor/laravel/framework/src/Illuminate/Database/Migrations/Migrator.php(672): Illuminate/Database/Console/Migrations/MigrateCommand->{closure:Illuminate/Database/Console/Migrations/MigrateCommand::runMigrations():111}()
#20 C:/xamppnew/htdocs/SSP2-Assignment/Application/TyperDis/vendor/laravel/framework/src/Illuminate/Database/Console/Migrations/MigrateCommand.php(111): Illuminate/Database/Migrations/Migrator->usingConnection()
#21 C:/xamppnew/htdocs/SSP2-Assignment/Application/TyperDis/vendor/laravel/framework/src/Illuminate/Database/Console/Migrations/MigrateCommand.php(90): Illuminate/Database/Console/Migrations/MigrateCommand->runMigrations()
#22 C:/xamppnew/htdocs/SSP2-Assignment/Application/TyperDis/vendor/laravel/framework/src/Illuminate/Container/BoundMethod.php(36): Illuminate/Database/Console/Migrations/MigrateCommand->handle()
#23 C:/xamppnew/htdocs/SSP2-Assignment/Application/TyperDis/vendor/laravel/framework/src/Illuminate/Container/Util.php(43): Illuminate/Container/BoundMethod::{closure:Illuminate/Container/BoundMethod::call():35}()
#24 C:/xamppnew/htdocs/SSP2-Assignment/Application/TyperDis/vendor/laravel/framework/src/Illuminate/Container/BoundMethod.php(96): Illuminate/Container/Util::unwrapIfClosure()
#25 C:/xamppnew/htdocs/SSP2-Assignment/Application/TyperDis/vendor/laravel/framework/src/Illuminate/Container/BoundMethod.php(35): Illuminate/Container/BoundMethod::callBoundMethod()
#26 C:/xamppnew/htdocs/SSP2-Assignment/Application/TyperDis/vendor/laravel/framework/src/Illuminate/Container/Container.php(803): Illuminate/Container/BoundMethod::call()
#27 C:/xamppnew/htdocs/SSP2-Assignment/Application/TyperDis/vendor/laravel/framework/src/Illuminate/Console/Command.php(292): Illuminate/Container/Container->call()
#28 C:/xamppnew/htdocs/SSP2-Assignment/Application/TyperDis/vendor/symfony/console/Command/Command.php(285): Illuminate/Console/Command->execute()
#29 C:/xamppnew/htdocs/SSP2-Assignment/Application/TyperDis/vendor/laravel/framework/src/Illuminate/Console/Command.php(261): Symfony/Component/Console/Command/Command->run()
#30 C:/xamppnew/htdocs/SSP2-Assignment/Application/TyperDis/vendor/laravel/framework/src/Illuminate/Console/Concerns/CallsCommands.php(68): Illuminate/Console/Command->run()
#31 C:/xamppnew/htdocs/SSP2-Assignment/Application/TyperDis/vendor/laravel/framework/src/Illuminate/Console/Concerns/CallsCommands.php(29): Illuminate/Console/Command->runCommand()
#32 C:/xamppnew/htdocs/SSP2-Assignment/Application/TyperDis/vendor/laravel/framework/src/Illuminate/Database/Console/Migrations/FreshCommand.php(96): Illuminate/Console/Command->call()
#33 C:/xamppnew/htdocs/SSP2-Assignment/Application/TyperDis/vendor/laravel/framework/src/Illuminate/Container/BoundMethod.php(36): Illuminate/Database/Console/Migrations/FreshCommand->handle()
#34 C:/xamppnew/htdocs/SSP2-Assignment/Application/TyperDis/vendor/laravel/framework/src/Illuminate/Container/Util.php(43): Illuminate/Container/BoundMethod::{closure:Illuminate/Container/BoundMethod::call():35}()
#35 C:/xamppnew/htdocs/SSP2-Assignment/Application/TyperDis/vendor/laravel/framework/src/Illuminate/Container/BoundMethod.php(96): Illuminate/Container/Util::unwrapIfClosure()
#36 C:/xamppnew/htdocs/SSP2-Assignment/Application/TyperDis/vendor/laravel/framework/src/Illuminate/Container/BoundMethod.php(35): Illuminate/Container/BoundMethod::callBoundMethod()
#37 C:/xamppnew/htdocs/SSP2-Assignment/Application/TyperDis/vendor/laravel/framework/src/Illuminate/Container/Container.php(803): Illuminate/Container/BoundMethod::call()
#38 C:/xamppnew/htdocs/SSP2-Assignment/Application/TyperDis/vendor/laravel/framework/src/Illuminate/Console/Command.php(292): Illuminate/Container/Container->call()
#39 C:/xamppnew/htdocs/SSP2-Assignment/Application/TyperDis/vendor/symfony/console/Command/Command.php(285): Illuminate/Console/Command->execute()
#40 C:/xamppnew/htdocs/SSP2-Assignment/Application/TyperDis/vendor/laravel/framework/src/Illuminate/Console/Command.php(261): Symfony/Component/Console/Command/Command->run()
#41 C:/xamppnew/htdocs/SSP2-Assignment/Application/TyperDis/vendor/symfony/console/Application.php(1144): Illuminate/Console/Command->run()
#42 C:/xamppnew/htdocs/SSP2-Assignment/Application/TyperDis/vendor/symfony/console/Application.php(379): Symfony/Component/Console/Application->doRunCommand()
#43 C:/xamppnew/htdocs/SSP2-Assignment/Application/TyperDis/vendor/symfony/console/Application.php(218): Symfony/Component/Console/Application->doRun()
#44 C:/xamppnew/htdocs/SSP2-Assignment/Application/TyperDis/vendor/laravel/framework/src/Illuminate/Foundation/Console/Kernel.php(198): Symfony/Component/Console/Application->run()
#45 C:/xamppnew/htdocs/SSP2-Assignment/Application/TyperDis/vendor/laravel/framework/src/Illuminate/Foundation/Application.php(1242): Illuminate/Foundation/Console/Kernel->handle()
#46 C:/xamppnew/htdocs/SSP2-Assignment/Application/TyperDis/artisan(16): Illuminate/Foundation/Application->handleCommand()
#47 {main}
"} 
[2026-09-11 08:16:36] local.ERROR: SQLSTATE[42000]: Syntax error or access violation: 1072 Key column 'account_id' doesn't exist in table (Connection: mysql, Host: 127.0.0.1, Port: 3306, Database: mydatabase, SQL: alter table `creditsAccount` add constraint `creditsaccount_account_id_foreign` foreign key (`account_id`) references `Account` (`account_id`)) {"exception":"[object] (Illuminate\\Database\\QueryException(code: 42000): SQLSTATE[42000]: Syntax error or access violation: 1072 Key column 'account_id' doesn't exist in table (Connection: mysql, Host: 127.0.0.1, Port: 3306, Database: mydatabase, SQL: alter table `creditsAccount` add constraint `creditsaccount_account_id_foreign` foreign key (`account_id`) references `Account` (`account_id`)) at C:/xamppnew/htdocs/SSP2-Assignment/Application/TyperDis/vendor/laravel/framework/src/Illuminate/Database/Connection.php:857)
[stacktrace]
#0 C:/xamppnew/htdocs/SSP2-Assignment/Application/TyperDis/vendor/laravel/framework/src/Illuminate/Database/Connection.php(813): Illuminate/Database/Connection->runQueryCallback()
#1 C:/xamppnew/htdocs/SSP2-Assignment/Application/TyperDis/vendor/laravel/framework/src/Illuminate/Database/Connection.php(590): Illuminate/Database/Connection->run()
#2 C:/xamppnew/htdocs/SSP2-Assignment/Application/TyperDis/vendor/laravel/framework/src/Illuminate/Database/Schema/Blueprint.php(122): Illuminate/Database/Connection->statement()
#3 C:/xamppnew/htdocs/SSP2-Assignment/Application/TyperDis/vendor/laravel/framework/src/Illuminate/Database/Schema/Builder.php(702): Illuminate/Database/Schema/Blueprint->build()
#4 C:/xamppnew/htdocs/SSP2-Assignment/Application/TyperDis/vendor/laravel/framework/src/Illuminate/Database/Schema/Builder.php(520): Illuminate/Database/Schema/Builder->build()
#5 C:/xamppnew/htdocs/SSP2-Assignment/Application/TyperDis/vendor/laravel/framework/src/Illuminate/Support/Facades/Facade.php(364): Illuminate/Database/Schema/Builder->create()
#6 C:/xamppnew/htdocs/SSP2-Assignment/Application/TyperDis/database/migrations/2026_09_11_050753_credits_account.php(15): Illuminate/Support/Facades/Facade::__callStatic()
#7 C:/xamppnew/htdocs/SSP2-Assignment/Application/TyperDis/vendor/laravel/framework/src/Illuminate/Database/Migrations/Migrator.php(517): Illuminate/Database/Migrations/Migration@anonymous->up()
#8 C:/xamppnew/htdocs/SSP2-Assignment/Application/TyperDis/vendor/laravel/framework/src/Illuminate/Database/Migrations/Migrator.php(442): Illuminate/Database/Migrations/Migrator->runMethod()
#9 C:/xamppnew/htdocs/SSP2-Assignment/Application/TyperDis/vendor/laravel/framework/src/Illuminate/Database/Migrations/Migrator.php(451): Illuminate/Database/Migrations/Migrator->{closure:Illuminate/Database/Migrations/Migrator::runMigration():438}()
#10 C:/xamppnew/htdocs/SSP2-Assignment/Application/TyperDis/vendor/laravel/framework/src/Illuminate/Database/Migrations/Migrator.php(253): Illuminate/Database/Migrations/Migrator->runMigration()
#11 C:/xamppnew/htdocs/SSP2-Assignment/Application/TyperDis/vendor/laravel/framework/src/Illuminate/Console/View/Components/Task.php(43): Illuminate/Database/Migrations/Migrator->{closure:Illuminate/Database/Migrations/Migrator::runUp():253}()
#12 C:/xamppnew/htdocs/SSP2-Assignment/Application/TyperDis/vendor/laravel/framework/src/Illuminate/Database/Migrations/Migrator.php(853): Illuminate/Console/View/Components/Task->render()
#13 C:/xamppnew/htdocs/SSP2-Assignment/Application/TyperDis/vendor/laravel/framework/src/Illuminate/Database/Migrations/Migrator.php(253): Illuminate/Database/Migrations/Migrator->write()
#14 C:/xamppnew/htdocs/SSP2-Assignment/Application/TyperDis/vendor/laravel/framework/src/Illuminate/Database/Migrations/Migrator.php(211): Illuminate/Database/Migrations/Migrator->runUp()
#15 C:/xamppnew/htdocs/SSP2-Assignment/Application/TyperDis/vendor/laravel/framework/src/Illuminate/Database/Migrations/Migrator.php(138): Illuminate/Database/Migrations/Migrator->runPending()
#16 C:/xamppnew/htdocs/SSP2-Assignment/Application/TyperDis/vendor/laravel/framework/src/Illuminate/Database/Console/Migrations/MigrateCommand.php(118): Illuminate/Database/Migrations/Migrator->run()
#17 C:/xamppnew/htdocs/SSP2-Assignment/Application/TyperDis/vendor/laravel/framework/src/Illuminate/Database/Migrations/Migrator.php(672): Illuminate/Database/Console/Migrations/MigrateCommand->{closure:Illuminate/Database/Console/Migrations/MigrateCommand::runMigrations():111}()
#18 C:/xamppnew/htdocs/SSP2-Assignment/Application/TyperDis/vendor/laravel/framework/src/Illuminate/Database/Console/Migrations/MigrateCommand.php(111): Illuminate/Database/Migrations/Migrator->usingConnection()
#19 C:/xamppnew/htdocs/SSP2-Assignment/Application/TyperDis/vendor/laravel/framework/src/Illuminate/Database/Console/Migrations/MigrateCommand.php(90): Illuminate/Database/Console/Migrations/MigrateCommand->runMigrations()
#20 C:/xamppnew/htdocs/SSP2-Assignment/Application/TyperDis/vendor/laravel/framework/src/Illuminate/Container/BoundMethod.php(36): Illuminate/Database/Console/Migrations/MigrateCommand->handle()
#21 C:/xamppnew/htdocs/SSP2-Assignment/Application/TyperDis/vendor/laravel/framework/src/Illuminate/Container/Util.php(43): Illuminate/Container/BoundMethod::{closure:Illuminate/Container/BoundMethod::call():35}()
#22 C:/xamppnew/htdocs/SSP2-Assignment/Application/TyperDis/vendor/laravel/framework/src/Illuminate/Container/BoundMethod.php(96): Illuminate/Container/Util::unwrapIfClosure()
#23 C:/xamppnew/htdocs/SSP2-Assignment/Application/TyperDis/vendor/laravel/framework/src/Illuminate/Container/BoundMethod.php(35): Illuminate/Container/BoundMethod::callBoundMethod()
#24 C:/xamppnew/htdocs/SSP2-Assignment/Application/TyperDis/vendor/laravel/framework/src/Illuminate/Container/Container.php(803): Illuminate/Container/BoundMethod::call()
#25 C:/xamppnew/htdocs/SSP2-Assignment/Application/TyperDis/vendor/laravel/framework/src/Illuminate/Console/Command.php(292): Illuminate/Container/Container->call()
#26 C:/xamppnew/htdocs/SSP2-Assignment/Application/TyperDis/vendor/symfony/console/Command/Command.php(285): Illuminate/Console/Command->execute()
#27 C:/xamppnew/htdocs/SSP2-Assignment/Application/TyperDis/vendor/laravel/framework/src/Illuminate/Console/Command.php(261): Symfony/Component/Console/Command/Command->run()
#28 C:/xamppnew/htdocs/SSP2-Assignment/Application/TyperDis/vendor/laravel/framework/src/Illuminate/Console/Concerns/CallsCommands.php(68): Illuminate/Console/Command->run()
#29 C:/xamppnew/htdocs/SSP2-Assignment/Application/TyperDis/vendor/laravel/framework/src/Illuminate/Console/Concerns/CallsCommands.php(29): Illuminate/Console/Command->runCommand()
#30 C:/xamppnew/htdocs/SSP2-Assignment/Application/TyperDis/vendor/laravel/framework/src/Illuminate/Database/Console/Migrations/FreshCommand.php(96): Illuminate/Console/Command->call()
#31 C:/xamppnew/htdocs/SSP2-Assignment/Application/TyperDis/vendor/laravel/framework/src/Illuminate/Container/BoundMethod.php(36): Illuminate/Database/Console/Migrations/FreshCommand->handle()
#32 C:/xamppnew/htdocs/SSP2-Assignment/Application/TyperDis/vendor/laravel/framework/src/Illuminate/Container/Util.php(43): Illuminate/Container/BoundMethod::{closure:Illuminate/Container/BoundMethod::call():35}()
#33 C:/xamppnew/htdocs/SSP2-Assignment/Application/TyperDis/vendor/laravel/framework/src/Illuminate/Container/BoundMethod.php(96): Illuminate/Container/Util::unwrapIfClosure()
#34 C:/xamppnew/htdocs/SSP2-Assignment/Application/TyperDis/vendor/laravel/framework/src/Illuminate/Container/BoundMethod.php(35): Illuminate/Container/BoundMethod::callBoundMethod()
#35 C:/xamppnew/htdocs/SSP2-Assignment/Application/TyperDis/vendor/laravel/framework/src/Illuminate/Container/Container.php(803): Illuminate/Container/BoundMethod::call()
#36 C:/xamppnew/htdocs/SSP2-Assignment/Application/TyperDis/vendor/laravel/framework/src/Illuminate/Console/Command.php(292): Illuminate/Container/Container->call()
#37 C:/xamppnew/htdocs/SSP2-Assignment/Application/TyperDis/vendor/symfony/console/Command/Command.php(285): Illuminate/Console/Command->execute()
#38 C:/xamppnew/htdocs/SSP2-Assignment/Application/TyperDis/vendor/laravel/framework/src/Illuminate/Console/Command.php(261): Symfony/Component/Console/Command/Command->run()
#39 C:/xamppnew/htdocs/SSP2-Assignment/Application/TyperDis/vendor/symfony/console/Application.php(1144): Illuminate/Console/Command->run()
#40 C:/xamppnew/htdocs/SSP2-Assignment/Application/TyperDis/vendor/symfony/console/Application.php(379): Symfony/Component/Console/Application->doRunCommand()
#41 C:/xamppnew/htdocs/SSP2-Assignment/Application/TyperDis/vendor/symfony/console/Application.php(218): Symfony/Component/Console/Application->doRun()
#42 C:/xamppnew/htdocs/SSP2-Assignment/Application/TyperDis/vendor/laravel/framework/src/Illuminate/Foundation/Console/Kernel.php(198): Symfony/Component/Console/Application->run()
#43 C:/xamppnew/htdocs/SSP2-Assignment/Application/TyperDis/vendor/laravel/framework/src/Illuminate/Foundation/Application.php(1242): Illuminate/Foundation/Console/Kernel->handle()
#44 C:/xamppnew/htdocs/SSP2-Assignment/Application/TyperDis/artisan(16): Illuminate/Foundation/Application->handleCommand()
#45 {main}

[previous exception] [object] (PDOException(code: 42000): SQLSTATE[42000]: Syntax error or access violation: 1072 Key column 'account_id' doesn't exist in table at C:/xamppnew/htdocs/SSP2-Assignment/Application/TyperDis/vendor/laravel/framework/src/Illuminate/Database/Connection.php:601)
[stacktrace]
#0 C:/xamppnew/htdocs/SSP2-Assignment/Application/TyperDis/vendor/laravel/framework/src/Illuminate/Database/Connection.php(601): PDOStatement->execute()
#1 C:/xamppnew/htdocs/SSP2-Assignment/Application/TyperDis/vendor/laravel/framework/src/Illuminate/Database/Connection.php(846): Illuminate/Database/Connection->{closure:Illuminate/Database/Connection::statement():590}()
#2 C:/xamppnew/htdocs/SSP2-Assignment/Application/TyperDis/vendor/laravel/framework/src/Illuminate/Database/Connection.php(813): Illuminate/Database/Connection->runQueryCallback()
#3 C:/xamppnew/htdocs/SSP2-Assignment/Application/TyperDis/vendor/laravel/framework/src/Illuminate/Database/Connection.php(590): Illuminate/Database/Connection->run()
#4 C:/xamppnew/htdocs/SSP2-Assignment/Application/TyperDis/vendor/laravel/framework/src/Illuminate/Database/Schema/Blueprint.php(122): Illuminate/Database/Connection->statement()
#5 C:/xamppnew/htdocs/SSP2-Assignment/Application/TyperDis/vendor/laravel/framework/src/Illuminate/Database/Schema/Builder.php(702): Illuminate/Database/Schema/Blueprint->build()
#6 C:/xamppnew/htdocs/SSP2-Assignment/Application/TyperDis/vendor/laravel/framework/src/Illuminate/Database/Schema/Builder.php(520): Illuminate/Database/Schema/Builder->build()
#7 C:/xamppnew/htdocs/SSP2-Assignment/Application/TyperDis/vendor/laravel/framework/src/Illuminate/Support/Facades/Facade.php(364): Illuminate/Database/Schema/Builder->create()
#8 C:/xamppnew/htdocs/SSP2-Assignment/Application/TyperDis/database/migrations/2026_09_11_050753_credits_account.php(15): Illuminate/Support/Facades/Facade::__callStatic()
#9 C:/xamppnew/htdocs/SSP2-Assignment/Application/TyperDis/vendor/laravel/framework/src/Illuminate/Database/Migrations/Migrator.php(517): Illuminate/Database/Migrations/Migration@anonymous->up()
#10 C:/xamppnew/htdocs/SSP2-Assignment/Application/TyperDis/vendor/laravel/framework/src/Illuminate/Database/Migrations/Migrator.php(442): Illuminate/Database/Migrations/Migrator->runMethod()
#11 C:/xamppnew/htdocs/SSP2-Assignment/Application/TyperDis/vendor/laravel/framework/src/Illuminate/Database/Migrations/Migrator.php(451): Illuminate/Database/Migrations/Migrator->{closure:Illuminate/Database/Migrations/Migrator::runMigration():438}()
#12 C:/xamppnew/htdocs/SSP2-Assignment/Application/TyperDis/vendor/laravel/framework/src/Illuminate/Database/Migrations/Migrator.php(253): Illuminate/Database/Migrations/Migrator->runMigration()
#13 C:/xamppnew/htdocs/SSP2-Assignment/Application/TyperDis/vendor/laravel/framework/src/Illuminate/Console/View/Components/Task.php(43): Illuminate/Database/Migrations/Migrator->{closure:Illuminate/Database/Migrations/Migrator::runUp():253}()
#14 C:/xamppnew/htdocs/SSP2-Assignment/Application/TyperDis/vendor/laravel/framework/src/Illuminate/Database/Migrations/Migrator.php(853): Illuminate/Console/View/Components/Task->render()
#15 C:/xamppnew/htdocs/SSP2-Assignment/Application/TyperDis/vendor/laravel/framework/src/Illuminate/Database/Migrations/Migrator.php(253): Illuminate/Database/Migrations/Migrator->write()
#16 C:/xamppnew/htdocs/SSP2-Assignment/Application/TyperDis/vendor/laravel/framework/src/Illuminate/Database/Migrations/Migrator.php(211): Illuminate/Database/Migrations/Migrator->runUp()
#17 C:/xamppnew/htdocs/SSP2-Assignment/Application/TyperDis/vendor/laravel/framework/src/Illuminate/Database/Migrations/Migrator.php(138): Illuminate/Database/Migrations/Migrator->runPending()
#18 C:/xamppnew/htdocs/SSP2-Assignment/Application/TyperDis/vendor/laravel/framework/src/Illuminate/Database/Console/Migrations/MigrateCommand.php(118): Illuminate/Database/Migrations/Migrator->run()
#19 C:/xamppnew/htdocs/SSP2-Assignment/Application/TyperDis/vendor/laravel/framework/src/Illuminate/Database/Migrations/Migrator.php(672): Illuminate/Database/Console/Migrations/MigrateCommand->{closure:Illuminate/Database/Console/Migrations/MigrateCommand::runMigrations():111}()
#20 C:/xamppnew/htdocs/SSP2-Assignment/Application/TyperDis/vendor/laravel/framework/src/Illuminate/Database/Console/Migrations/MigrateCommand.php(111): Illuminate/Database/Migrations/Migrator->usingConnection()
#21 C:/xamppnew/htdocs/SSP2-Assignment/Application/TyperDis/vendor/laravel/framework/src/Illuminate/Database/Console/Migrations/MigrateCommand.php(90): Illuminate/Database/Console/Migrations/MigrateCommand->runMigrations()
#22 C:/xamppnew/htdocs/SSP2-Assignment/Application/TyperDis/vendor/laravel/framework/src/Illuminate/Container/BoundMethod.php(36): Illuminate/Database/Console/Migrations/MigrateCommand->handle()
#23 C:/xamppnew/htdocs/SSP2-Assignment/Application/TyperDis/vendor/laravel/framework/src/Illuminate/Container/Util.php(43): Illuminate/Container/BoundMethod::{closure:Illuminate/Container/BoundMethod::call():35}()
#24 C:/xamppnew/htdocs/SSP2-Assignment/Application/TyperDis/vendor/laravel/framework/src/Illuminate/Container/BoundMethod.php(96): Illuminate/Container/Util::unwrapIfClosure()
#25 C:/xamppnew/htdocs/SSP2-Assignment/Application/TyperDis/vendor/laravel/framework/src/Illuminate/Container/BoundMethod.php(35): Illuminate/Container/BoundMethod::callBoundMethod()
#26 C:/xamppnew/htdocs/SSP2-Assignment/Application/TyperDis/vendor/laravel/framework/src/Illuminate/Container/Container.php(803): Illuminate/Container/BoundMethod::call()
#27 C:/xamppnew/htdocs/SSP2-Assignment/Application/TyperDis/vendor/laravel/framework/src/Illuminate/Console/Command.php(292): Illuminate/Container/Container->call()
#28 C:/xamppnew/htdocs/SSP2-Assignment/Application/TyperDis/vendor/symfony/console/Command/Command.php(285): Illuminate/Console/Command->execute()
#29 C:/xamppnew/htdocs/SSP2-Assignment/Application/TyperDis/vendor/laravel/framework/src/Illuminate/Console/Command.php(261): Symfony/Component/Console/Command/Command->run()
#30 C:/xamppnew/htdocs/SSP2-Assignment/Application/TyperDis/vendor/laravel/framework/src/Illuminate/Console/Concerns/CallsCommands.php(68): Illuminate/Console/Command->run()
#31 C:/xamppnew/htdocs/SSP2-Assignment/Application/TyperDis/vendor/laravel/framework/src/Illuminate/Console/Concerns/CallsCommands.php(29): Illuminate/Console/Command->runCommand()
#32 C:/xamppnew/htdocs/SSP2-Assignment/Application/TyperDis/vendor/laravel/framework/src/Illuminate/Database/Console/Migrations/FreshCommand.php(96): Illuminate/Console/Command->call()
#33 C:/xamppnew/htdocs/SSP2-Assignment/Application/TyperDis/vendor/laravel/framework/src/Illuminate/Container/BoundMethod.php(36): Illuminate/Database/Console/Migrations/FreshCommand->handle()
#34 C:/xamppnew/htdocs/SSP2-Assignment/Application/TyperDis/vendor/laravel/framework/src/Illuminate/Container/Util.php(43): Illuminate/Container/BoundMethod::{closure:Illuminate/Container/BoundMethod::call():35}()
#35 C:/xamppnew/htdocs/SSP2-Assignment/Application/TyperDis/vendor/laravel/framework/src/Illuminate/Container/BoundMethod.php(96): Illuminate/Container/Util::unwrapIfClosure()
#36 C:/xamppnew/htdocs/SSP2-Assignment/Application/TyperDis/vendor/laravel/framework/src/Illuminate/Container/BoundMethod.php(35): Illuminate/Container/BoundMethod::callBoundMethod()
#37 C:/xamppnew/htdocs/SSP2-Assignment/Application/TyperDis/vendor/laravel/framework/src/Illuminate/Container/Container.php(803): Illuminate/Container/BoundMethod::call()
#38 C:/xamppnew/htdocs/SSP2-Assignment/Application/TyperDis/vendor/laravel/framework/src/Illuminate/Console/Command.php(292): Illuminate/Container/Container->call()
#39 C:/xamppnew/htdocs/SSP2-Assignment/Application/TyperDis/vendor/symfony/console/Command/Command.php(285): Illuminate/Console/Command->execute()
#40 C:/xamppnew/htdocs/SSP2-Assignment/Application/TyperDis/vendor/laravel/framework/src/Illuminate/Console/Command.php(261): Symfony/Component/Console/Command/Command->run()
#41 C:/xamppnew/htdocs/SSP2-Assignment/Application/TyperDis/vendor/symfony/console/Application.php(1144): Illuminate/Console/Command->run()
#42 C:/xamppnew/htdocs/SSP2-Assignment/Application/TyperDis/vendor/symfony/console/Application.php(379): Symfony/Component/Console/Application->doRunCommand()
#43 C:/xamppnew/htdocs/SSP2-Assignment/Application/TyperDis/vendor/symfony/console/Application.php(218): Symfony/Component/Console/Application->doRun()
#44 C:/xamppnew/htdocs/SSP2-Assignment/Application/TyperDis/vendor/laravel/framework/src/Illuminate/Foundation/Console/Kernel.php(198): Symfony/Component/Console/Application->run()
#45 C:/xamppnew/htdocs/SSP2-Assignment/Application/TyperDis/vendor/laravel/framework/src/Illuminate/Foundation/Application.php(1242): Illuminate/Foundation/Console/Kernel->handle()
#46 C:/xamppnew/htdocs/SSP2-Assignment/Application/TyperDis/artisan(16): Illuminate/Foundation/Application->handleCommand()
#47 {main}
"} 
[2026-09-11 09:11:19] local.ERROR: SQLSTATE[42000]: Syntax error or access violation: 1072 Key column 'account_id' doesn't exist in table (Connection: mysql, Host: 127.0.0.1, Port: 3306, Database: mydatabase, SQL: alter table `creditsAccount` add constraint `creditsaccount_account_id_foreign` foreign key (`account_id`) references `Account` (`account_id`)) {"exception":"[object] (Illuminate\\Database\\QueryException(code: 42000): SQLSTATE[42000]: Syntax error or access violation: 1072 Key column 'account_id' doesn't exist in table (Connection: mysql, Host: 127.0.0.1, Port: 3306, Database: mydatabase, SQL: alter table `creditsAccount` add constraint `creditsaccount_account_id_foreign` foreign key (`account_id`) references `Account` (`account_id`)) at C:/xamppnew/htdocs/SSP2-Assignment/Application/TyperDis/vendor/laravel/framework/src/Illuminate/Database/Connection.php:857)
[stacktrace]
#0 C:/xamppnew/htdocs/SSP2-Assignment/Application/TyperDis/vendor/laravel/framework/src/Illuminate/Database/Connection.php(813): Illuminate/Database/Connection->runQueryCallback()
#1 C:/xamppnew/htdocs/SSP2-Assignment/Application/TyperDis/vendor/laravel/framework/src/Illuminate/Database/Connection.php(590): Illuminate/Database/Connection->run()
#2 C:/xamppnew/htdocs/SSP2-Assignment/Application/TyperDis/vendor/laravel/framework/src/Illuminate/Database/Schema/Blueprint.php(122): Illuminate/Database/Connection->statement()
#3 C:/xamppnew/htdocs/SSP2-Assignment/Application/TyperDis/vendor/laravel/framework/src/Illuminate/Database/Schema/Builder.php(702): Illuminate/Database/Schema/Blueprint->build()
#4 C:/xamppnew/htdocs/SSP2-Assignment/Application/TyperDis/vendor/laravel/framework/src/Illuminate/Database/Schema/Builder.php(520): Illuminate/Database/Schema/Builder->build()
#5 C:/xamppnew/htdocs/SSP2-Assignment/Application/TyperDis/vendor/laravel/framework/src/Illuminate/Support/Facades/Facade.php(364): Illuminate/Database/Schema/Builder->create()
#6 C:/xamppnew/htdocs/SSP2-Assignment/Application/TyperDis/database/migrations/2026_09_11_050753_credits_account.php(15): Illuminate/Support/Facades/Facade::__callStatic()
#7 C:/xamppnew/htdocs/SSP2-Assignment/Application/TyperDis/vendor/laravel/framework/src/Illuminate/Database/Migrations/Migrator.php(517): Illuminate/Database/Migrations/Migration@anonymous->up()
#8 C:/xamppnew/htdocs/SSP2-Assignment/Application/TyperDis/vendor/laravel/framework/src/Illuminate/Database/Migrations/Migrator.php(442): Illuminate/Database/Migrations/Migrator->runMethod()
#9 C:/xamppnew/htdocs/SSP2-Assignment/Application/TyperDis/vendor/laravel/framework/src/Illuminate/Database/Migrations/Migrator.php(451): Illuminate/Database/Migrations/Migrator->{closure:Illuminate/Database/Migrations/Migrator::runMigration():438}()
#10 C:/xamppnew/htdocs/SSP2-Assignment/Application/TyperDis/vendor/laravel/framework/src/Illuminate/Database/Migrations/Migrator.php(253): Illuminate/Database/Migrations/Migrator->runMigration()
#11 C:/xamppnew/htdocs/SSP2-Assignment/Application/TyperDis/vendor/laravel/framework/src/Illuminate/Console/View/Components/Task.php(43): Illuminate/Database/Migrations/Migrator->{closure:Illuminate/Database/Migrations/Migrator::runUp():253}()
#12 C:/xamppnew/htdocs/SSP2-Assignment/Application/TyperDis/vendor/laravel/framework/src/Illuminate/Database/Migrations/Migrator.php(853): Illuminate/Console/View/Components/Task->render()
#13 C:/xamppnew/htdocs/SSP2-Assignment/Application/TyperDis/vendor/laravel/framework/src/Illuminate/Database/Migrations/Migrator.php(253): Illuminate/Database/Migrations/Migrator->write()
#14 C:/xamppnew/htdocs/SSP2-Assignment/Application/TyperDis/vendor/laravel/framework/src/Illuminate/Database/Migrations/Migrator.php(211): Illuminate/Database/Migrations/Migrator->runUp()
#15 C:/xamppnew/htdocs/SSP2-Assignment/Application/TyperDis/vendor/laravel/framework/src/Illuminate/Database/Migrations/Migrator.php(138): Illuminate/Database/Migrations/Migrator->runPending()
#16 C:/xamppnew/htdocs/SSP2-Assignment/Application/TyperDis/vendor/laravel/framework/src/Illuminate/Database/Console/Migrations/MigrateCommand.php(118): Illuminate/Database/Migrations/Migrator->run()
#17 C:/xamppnew/htdocs/SSP2-Assignment/Application/TyperDis/vendor/laravel/framework/src/Illuminate/Database/Migrations/Migrator.php(672): Illuminate/Database/Console/Migrations/MigrateCommand->{closure:Illuminate/Database/Console/Migrations/MigrateCommand::runMigrations():111}()
#18 C:/xamppnew/htdocs/SSP2-Assignment/Application/TyperDis/vendor/laravel/framework/src/Illuminate/Database/Console/Migrations/MigrateCommand.php(111): Illuminate/Database/Migrations/Migrator->usingConnection()
#19 C:/xamppnew/htdocs/SSP2-Assignment/Application/TyperDis/vendor/laravel/framework/src/Illuminate/Database/Console/Migrations/MigrateCommand.php(90): Illuminate/Database/Console/Migrations/MigrateCommand->runMigrations()
#20 C:/xamppnew/htdocs/SSP2-Assignment/Application/TyperDis/vendor/laravel/framework/src/Illuminate/Container/BoundMethod.php(36): Illuminate/Database/Console/Migrations/MigrateCommand->handle()
#21 C:/xamppnew/htdocs/SSP2-Assignment/Application/TyperDis/vendor/laravel/framework/src/Illuminate/Container/Util.php(43): Illuminate/Container/BoundMethod::{closure:Illuminate/Container/BoundMethod::call():35}()
#22 C:/xamppnew/htdocs/SSP2-Assignment/Application/TyperDis/vendor/laravel/framework/src/Illuminate/Container/BoundMethod.php(96): Illuminate/Container/Util::unwrapIfClosure()
#23 C:/xamppnew/htdocs/SSP2-Assignment/Application/TyperDis/vendor/laravel/framework/src/Illuminate/Container/BoundMethod.php(35): Illuminate/Container/BoundMethod::callBoundMethod()
#24 C:/xamppnew/htdocs/SSP2-Assignment/Application/TyperDis/vendor/laravel/framework/src/Illuminate/Container/Container.php(803): Illuminate/Container/BoundMethod::call()
#25 C:/xamppnew/htdocs/SSP2-Assignment/Application/TyperDis/vendor/laravel/framework/src/Illuminate/Console/Command.php(292): Illuminate/Container/Container->call()
#26 C:/xamppnew/htdocs/SSP2-Assignment/Application/TyperDis/vendor/symfony/console/Command/Command.php(285): Illuminate/Console/Command->execute()
#27 C:/xamppnew/htdocs/SSP2-Assignment/Application/TyperDis/vendor/laravel/framework/src/Illuminate/Console/Command.php(261): Symfony/Component/Console/Command/Command->run()
#28 C:/xamppnew/htdocs/SSP2-Assignment/Application/TyperDis/vendor/laravel/framework/src/Illuminate/Console/Concerns/CallsCommands.php(68): Illuminate/Console/Command->run()
#29 C:/xamppnew/htdocs/SSP2-Assignment/Application/TyperDis/vendor/laravel/framework/src/Illuminate/Console/Concerns/CallsCommands.php(29): Illuminate/Console/Command->runCommand()
#30 C:/xamppnew/htdocs/SSP2-Assignment/Application/TyperDis/vendor/laravel/framework/src/Illuminate/Database/Console/Migrations/FreshCommand.php(96): Illuminate/Console/Command->call()
#31 C:/xamppnew/htdocs/SSP2-Assignment/Application/TyperDis/vendor/laravel/framework/src/Illuminate/Container/BoundMethod.php(36): Illuminate/Database/Console/Migrations/FreshCommand->handle()
#32 C:/xamppnew/htdocs/SSP2-Assignment/Application/TyperDis/vendor/laravel/framework/src/Illuminate/Container/Util.php(43): Illuminate/Container/BoundMethod::{closure:Illuminate/Container/BoundMethod::call():35}()
#33 C:/xamppnew/htdocs/SSP2-Assignment/Application/TyperDis/vendor/laravel/framework/src/Illuminate/Container/BoundMethod.php(96): Illuminate/Container/Util::unwrapIfClosure()
#34 C:/xamppnew/htdocs/SSP2-Assignment/Application/TyperDis/vendor/laravel/framework/src/Illuminate/Container/BoundMethod.php(35): Illuminate/Container/BoundMethod::callBoundMethod()
#35 C:/xamppnew/htdocs/SSP2-Assignment/Application/TyperDis/vendor/laravel/framework/src/Illuminate/Container/Container.php(803): Illuminate/Container/BoundMethod::call()
#36 C:/xamppnew/htdocs/SSP2-Assignment/Application/TyperDis/vendor/laravel/framework/src/Illuminate/Console/Command.php(292): Illuminate/Container/Container->call()
#37 C:/xamppnew/htdocs/SSP2-Assignment/Application/TyperDis/vendor/symfony/console/Command/Command.php(285): Illuminate/Console/Command->execute()
#38 C:/xamppnew/htdocs/SSP2-Assignment/Application/TyperDis/vendor/laravel/framework/src/Illuminate/Console/Command.php(261): Symfony/Component/Console/Command/Command->run()
#39 C:/xamppnew/htdocs/SSP2-Assignment/Application/TyperDis/vendor/symfony/console/Application.php(1144): Illuminate/Console/Command->run()
#40 C:/xamppnew/htdocs/SSP2-Assignment/Application/TyperDis/vendor/symfony/console/Application.php(379): Symfony/Component/Console/Application->doRunCommand()
#41 C:/xamppnew/htdocs/SSP2-Assignment/Application/TyperDis/vendor/symfony/console/Application.php(218): Symfony/Component/Console/Application->doRun()
#42 C:/xamppnew/htdocs/SSP2-Assignment/Application/TyperDis/vendor/laravel/framework/src/Illuminate/Foundation/Console/Kernel.php(198): Symfony/Component/Console/Application->run()
#43 C:/xamppnew/htdocs/SSP2-Assignment/Application/TyperDis/vendor/laravel/framework/src/Illuminate/Foundation/Application.php(1242): Illuminate/Foundation/Console/Kernel->handle()
#44 C:/xamppnew/htdocs/SSP2-Assignment/Application/TyperDis/artisan(16): Illuminate/Foundation/Application->handleCommand()
#45 {main}

[previous exception] [object] (PDOException(code: 42000): SQLSTATE[42000]: Syntax error or access violation: 1072 Key column 'account_id' doesn't exist in table at C:/xamppnew/htdocs/SSP2-Assignment/Application/TyperDis/vendor/laravel/framework/src/Illuminate/Database/Connection.php:601)
[stacktrace]
#0 C:/xamppnew/htdocs/SSP2-Assignment/Application/TyperDis/vendor/laravel/framework/src/Illuminate/Database/Connection.php(601): PDOStatement->execute()
#1 C:/xamppnew/htdocs/SSP2-Assignment/Application/TyperDis/vendor/laravel/framework/src/Illuminate/Database/Connection.php(846): Illuminate/Database/Connection->{closure:Illuminate/Database/Connection::statement():590}()
#2 C:/xamppnew/htdocs/SSP2-Assignment/Application/TyperDis/vendor/laravel/framework/src/Illuminate/Database/Connection.php(813): Illuminate/Database/Connection->runQueryCallback()
#3 C:/xamppnew/htdocs/SSP2-Assignment/Application/TyperDis/vendor/laravel/framework/src/Illuminate/Database/Connection.php(590): Illuminate/Database/Connection->run()
#4 C:/xamppnew/htdocs/SSP2-Assignment/Application/TyperDis/vendor/laravel/framework/src/Illuminate/Database/Schema/Blueprint.php(122): Illuminate/Database/Connection->statement()
#5 C:/xamppnew/htdocs/SSP2-Assignment/Application/TyperDis/vendor/laravel/framework/src/Illuminate/Database/Schema/Builder.php(702): Illuminate/Database/Schema/Blueprint->build()
#6 C:/xamppnew/htdocs/SSP2-Assignment/Application/TyperDis/vendor/laravel/framework/src/Illuminate/Database/Schema/Builder.php(520): Illuminate/Database/Schema/Builder->build()
#7 C:/xamppnew/htdocs/SSP2-Assignment/Application/TyperDis/vendor/laravel/framework/src/Illuminate/Support/Facades/Facade.php(364): Illuminate/Database/Schema/Builder->create()
#8 C:/xamppnew/htdocs/SSP2-Assignment/Application/TyperDis/database/migrations/2026_09_11_050753_credits_account.php(15): Illuminate/Support/Facades/Facade::__callStatic()
#9 C:/xamppnew/htdocs/SSP2-Assignment/Application/TyperDis/vendor/laravel/framework/src/Illuminate/Database/Migrations/Migrator.php(517): Illuminate/Database/Migrations/Migration@anonymous->up()
#10 C:/xamppnew/htdocs/SSP2-Assignment/Application/TyperDis/vendor/laravel/framework/src/Illuminate/Database/Migrations/Migrator.php(442): Illuminate/Database/Migrations/Migrator->runMethod()
#11 C:/xamppnew/htdocs/SSP2-Assignment/Application/TyperDis/vendor/laravel/framework/src/Illuminate/Database/Migrations/Migrator.php(451): Illuminate/Database/Migrations/Migrator->{closure:Illuminate/Database/Migrations/Migrator::runMigration():438}()
#12 C:/xamppnew/htdocs/SSP2-Assignment/Application/TyperDis/vendor/laravel/framework/src/Illuminate/Database/Migrations/Migrator.php(253): Illuminate/Database/Migrations/Migrator->runMigration()
#13 C:/xamppnew/htdocs/SSP2-Assignment/Application/TyperDis/vendor/laravel/framework/src/Illuminate/Console/View/Components/Task.php(43): Illuminate/Database/Migrations/Migrator->{closure:Illuminate/Database/Migrations/Migrator::runUp():253}()
#14 C:/xamppnew/htdocs/SSP2-Assignment/Application/TyperDis/vendor/laravel/framework/src/Illuminate/Database/Migrations/Migrator.php(853): Illuminate/Console/View/Components/Task->render()
#15 C:/xamppnew/htdocs/SSP2-Assignment/Application/TyperDis/vendor/laravel/framework/src/Illuminate/Database/Migrations/Migrator.php(253): Illuminate/Database/Migrations/Migrator->write()
#16 C:/xamppnew/htdocs/SSP2-Assignment/Application/TyperDis/vendor/laravel/framework/src/Illuminate/Database/Migrations/Migrator.php(211): Illuminate/Database/Migrations/Migrator->runUp()
#17 C:/xamppnew/htdocs/SSP2-Assignment/Application/TyperDis/vendor/laravel/framework/src/Illuminate/Database/Migrations/Migrator.php(138): Illuminate/Database/Migrations/Migrator->runPending()
#18 C:/xamppnew/htdocs/SSP2-Assignment/Application/TyperDis/vendor/laravel/framework/src/Illuminate/Database/Console/Migrations/MigrateCommand.php(118): Illuminate/Database/Migrations/Migrator->run()
#19 C:/xamppnew/htdocs/SSP2-Assignment/Application/TyperDis/vendor/laravel/framework/src/Illuminate/Database/Migrations/Migrator.php(672): Illuminate/Database/Console/Migrations/MigrateCommand->{closure:Illuminate/Database/Console/Migrations/MigrateCommand::runMigrations():111}()
#20 C:/xamppnew/htdocs/SSP2-Assignment/Application/TyperDis/vendor/laravel/framework/src/Illuminate/Database/Console/Migrations/MigrateCommand.php(111): Illuminate/Database/Migrations/Migrator->usingConnection()
#21 C:/xamppnew/htdocs/SSP2-Assignment/Application/TyperDis/vendor/laravel/framework/src/Illuminate/Database/Console/Migrations/MigrateCommand.php(90): Illuminate/Database/Console/Migrations/MigrateCommand->runMigrations()
#22 C:/xamppnew/htdocs/SSP2-Assignment/Application/TyperDis/vendor/laravel/framework/src/Illuminate/Container/BoundMethod.php(36): Illuminate/Database/Console/Migrations/MigrateCommand->handle()
#23 C:/xamppnew/htdocs/SSP2-Assignment/Application/TyperDis/vendor/laravel/framework/src/Illuminate/Container/Util.php(43): Illuminate/Container/BoundMethod::{closure:Illuminate/Container/BoundMethod::call():35}()
#24 C:/xamppnew/htdocs/SSP2-Assignment/Application/TyperDis/vendor/laravel/framework/src/Illuminate/Container/BoundMethod.php(96): Illuminate/Container/Util::unwrapIfClosure()
#25 C:/xamppnew/htdocs/SSP2-Assignment/Application/TyperDis/vendor/laravel/framework/src/Illuminate/Container/BoundMethod.php(35): Illuminate/Container/BoundMethod::callBoundMethod()
#26 C:/xamppnew/htdocs/SSP2-Assignment/Application/TyperDis/vendor/laravel/framework/src/Illuminate/Container/Container.php(803): Illuminate/Container/BoundMethod::call()
#27 C:/xamppnew/htdocs/SSP2-Assignment/Application/TyperDis/vendor/laravel/framework/src/Illuminate/Console/Command.php(292): Illuminate/Container/Container->call()
#28 C:/xamppnew/htdocs/SSP2-Assignment/Application/TyperDis/vendor/symfony/console/Command/Command.php(285): Illuminate/Console/Command->execute()
#29 C:/xamppnew/htdocs/SSP2-Assignment/Application/TyperDis/vendor/laravel/framework/src/Illuminate/Console/Command.php(261): Symfony/Component/Console/Command/Command->run()
#30 C:/xamppnew/htdocs/SSP2-Assignment/Application/TyperDis/vendor/laravel/framework/src/Illuminate/Console/Concerns/CallsCommands.php(68): Illuminate/Console/Command->run()
#31 C:/xamppnew/htdocs/SSP2-Assignment/Application/TyperDis/vendor/laravel/framework/src/Illuminate/Console/Concerns/CallsCommands.php(29): Illuminate/Console/Command->runCommand()
#32 C:/xamppnew/htdocs/SSP2-Assignment/Application/TyperDis/vendor/laravel/framework/src/Illuminate/Database/Console/Migrations/FreshCommand.php(96): Illuminate/Console/Command->call()
#33 C:/xamppnew/htdocs/SSP2-Assignment/Application/TyperDis/vendor/laravel/framework/src/Illuminate/Container/BoundMethod.php(36): Illuminate/Database/Console/Migrations/FreshCommand->handle()
#34 C:/xamppnew/htdocs/SSP2-Assignment/Application/TyperDis/vendor/laravel/framework/src/Illuminate/Container/Util.php(43): Illuminate/Container/BoundMethod::{closure:Illuminate/Container/BoundMethod::call():35}()
#35 C:/xamppnew/htdocs/SSP2-Assignment/Application/TyperDis/vendor/laravel/framework/src/Illuminate/Container/BoundMethod.php(96): Illuminate/Container/Util::unwrapIfClosure()
#36 C:/xamppnew/htdocs/SSP2-Assignment/Application/TyperDis/vendor/laravel/framework/src/Illuminate/Container/BoundMethod.php(35): Illuminate/Container/BoundMethod::callBoundMethod()
#37 C:/xamppnew/htdocs/SSP2-Assignment/Application/TyperDis/vendor/laravel/framework/src/Illuminate/Container/Container.php(803): Illuminate/Container/BoundMethod::call()
#38 C:/xamppnew/htdocs/SSP2-Assignment/Application/TyperDis/vendor/laravel/framework/src/Illuminate/Console/Command.php(292): Illuminate/Container/Container->call()
#39 C:/xamppnew/htdocs/SSP2-Assignment/Application/TyperDis/vendor/symfony/console/Command/Command.php(285): Illuminate/Console/Command->execute()
#40 C:/xamppnew/htdocs/SSP2-Assignment/Application/TyperDis/vendor/laravel/framework/src/Illuminate/Console/Command.php(261): Symfony/Component/Console/Command/Command->run()
#41 C:/xamppnew/htdocs/SSP2-Assignment/Application/TyperDis/vendor/symfony/console/Application.php(1144): Illuminate/Console/Command->run()
#42 C:/xamppnew/htdocs/SSP2-Assignment/Application/TyperDis/vendor/symfony/console/Application.php(379): Symfony/Component/Console/Application->doRunCommand()
#43 C:/xamppnew/htdocs/SSP2-Assignment/Application/TyperDis/vendor/symfony/console/Application.php(218): Symfony/Component/Console/Application->doRun()
#44 C:/xamppnew/htdocs/SSP2-Assignment/Application/TyperDis/vendor/laravel/framework/src/Illuminate/Foundation/Console/Kernel.php(198): Symfony/Component/Console/Application->run()
#45 C:/xamppnew/htdocs/SSP2-Assignment/Application/TyperDis/vendor/laravel/framework/src/Illuminate/Foundation/Application.php(1242): Illuminate/Foundation/Console/Kernel->handle()
#46 C:/xamppnew/htdocs/SSP2-Assignment/Application/TyperDis/artisan(16): Illuminate/Foundation/Application->handleCommand()
#47 {main}
"} 
[2026-09-11 09:35:19] local.ERROR: include(C:\xamppnew\htdocs\SSP2-Assignment\Application\TyperDis\vendor\composer/../../app/Http/Controllers/Controller.php): Failed to open stream: No such file or directory {"exception":"[object] (ErrorException(code: 0): include(C:\\xamppnew\\htdocs\\SSP2-Assignment\\Application\\TyperDis\\vendor\\composer/../../app/Http/Controllers/Controller.php): Failed to open stream: No such file or directory at C:/xamppnew/htdocs/SSP2-Assignment/Application/TyperDis/vendor/composer/ClassLoader.php:576)
[stacktrace]
#0 C:/xamppnew/htdocs/SSP2-Assignment/Application/TyperDis/vendor/laravel/framework/src/Illuminate/Foundation/Bootstrap/HandleExceptions.php(263): Illuminate/Foundation/Bootstrap/HandleExceptions->handleError()
#1 C:/xamppnew/htdocs/SSP2-Assignment/Application/TyperDis/vendor/composer/ClassLoader.php(576): Illuminate/Foundation/Bootstrap/HandleExceptions->{closure:Illuminate/Foundation/Bootstrap/HandleExceptions::forwardsTo():262}()
#2 C:/xamppnew/htdocs/SSP2-Assignment/Application/TyperDis/vendor/composer/ClassLoader.php(576): include('...')
#3 C:/xamppnew/htdocs/SSP2-Assignment/Application/TyperDis/vendor/composer/ClassLoader.php(427): {closure:Composer/Autoload/ClassLoader::initializeIncludeClosure():575}()
#4 C:/xamppnew/htdocs/SSP2-Assignment/Application/TyperDis/app/Http/Controllers/AccountController.php(8): Composer/Autoload/ClassLoader->loadClass()
#5 C:/xamppnew/htdocs/SSP2-Assignment/Application/TyperDis/vendor/composer/ClassLoader.php(576): include('...')
#6 C:/xamppnew/htdocs/SSP2-Assignment/Application/TyperDis/vendor/composer/ClassLoader.php(427): {closure:Composer/Autoload/ClassLoader::initializeIncludeClosure():575}()
#7 [internal function]: Composer/Autoload/ClassLoader->loadClass()
#8 C:/xamppnew/htdocs/SSP2-Assignment/Application/TyperDis/vendor/laravel/framework/src/Illuminate/Routing/Route.php(1182): ReflectionClass->__construct()
#9 C:/xamppnew/htdocs/SSP2-Assignment/Application/TyperDis/vendor/laravel/framework/src/Illuminate/Routing/Route.php(1132): Illuminate/Routing/Route->attributeProvidedControllerMiddleware()
#10 C:/xamppnew/htdocs/SSP2-Assignment/Application/TyperDis/vendor/laravel/framework/src/Illuminate/Routing/Route.php(1069): Illuminate/Routing/Route->controllerMiddleware()
#11 C:/xamppnew/htdocs/SSP2-Assignment/Application/TyperDis/vendor/laravel/framework/src/Illuminate/Routing/Router.php(834): Illuminate/Routing/Route->gatherMiddleware()
#12 C:/xamppnew/htdocs/SSP2-Assignment/Application/TyperDis/vendor/laravel/framework/src/Illuminate/Foundation/Console/RouteListCommand.php(240): Illuminate/Routing/Router->gatherRouteMiddleware()
#13 C:/xamppnew/htdocs/SSP2-Assignment/Application/TyperDis/vendor/laravel/framework/src/Illuminate/Foundation/Console/RouteListCommand.php(159): Illuminate/Foundation/Console/RouteListCommand->getMiddleware()
#14 C:/xamppnew/htdocs/SSP2-Assignment/Application/TyperDis/vendor/laravel/framework/src/Illuminate/Foundation/Console/RouteListCommand.php(128): Illuminate/Foundation/Console/RouteListCommand->getRouteInformation()
#15 [internal function]: Illuminate/Foundation/Console/RouteListCommand->{closure:Illuminate/Foundation/Console/RouteListCommand::getRoutes():128}()
#16 C:/xamppnew/htdocs/SSP2-Assignment/Application/TyperDis/vendor/laravel/framework/src/Illuminate/Collections/Arr.php(858): array_map()
#17 C:/xamppnew/htdocs/SSP2-Assignment/Application/TyperDis/vendor/laravel/framework/src/Illuminate/Collections/Collection.php(831): Illuminate/Support/Arr::map()
#18 C:/xamppnew/htdocs/SSP2-Assignment/Application/TyperDis/vendor/laravel/framework/src/Illuminate/Foundation/Console/RouteListCommand.php(128): Illuminate/Support/Collection->map()
#19 C:/xamppnew/htdocs/SSP2-Assignment/Application/TyperDis/vendor/laravel/framework/src/Illuminate/Foundation/Console/RouteListCommand.php(113): Illuminate/Foundation/Console/RouteListCommand->getRoutes()
#20 C:/xamppnew/htdocs/SSP2-Assignment/Application/TyperDis/vendor/laravel/framework/src/Illuminate/Container/BoundMethod.php(36): Illuminate/Foundation/Console/RouteListCommand->handle()
#21 C:/xamppnew/htdocs/SSP2-Assignment/Application/TyperDis/vendor/laravel/framework/src/Illuminate/Container/Util.php(43): Illuminate/Container/BoundMethod::{closure:Illuminate/Container/BoundMethod::call():35}()
#22 C:/xamppnew/htdocs/SSP2-Assignment/Application/TyperDis/vendor/laravel/framework/src/Illuminate/Container/BoundMethod.php(96): Illuminate/Container/Util::unwrapIfClosure()
#23 C:/xamppnew/htdocs/SSP2-Assignment/Application/TyperDis/vendor/laravel/framework/src/Illuminate/Container/BoundMethod.php(35): Illuminate/Container/BoundMethod::callBoundMethod()
#24 C:/xamppnew/htdocs/SSP2-Assignment/Application/TyperDis/vendor/laravel/framework/src/Illuminate/Container/Container.php(803): Illuminate/Container/BoundMethod::call()
#25 C:/xamppnew/htdocs/SSP2-Assignment/Application/TyperDis/vendor/laravel/framework/src/Illuminate/Console/Command.php(292): Illuminate/Container/Container->call()
#26 C:/xamppnew/htdocs/SSP2-Assignment/Application/TyperDis/vendor/symfony/console/Command/Command.php(285): Illuminate/Console/Command->execute()
#27 C:/xamppnew/htdocs/SSP2-Assignment/Application/TyperDis/vendor/laravel/framework/src/Illuminate/Console/Command.php(261): Symfony/Component/Console/Command/Command->run()
#28 C:/xamppnew/htdocs/SSP2-Assignment/Application/TyperDis/vendor/symfony/console/Application.php(1144): Illuminate/Console/Command->run()
#29 C:/xamppnew/htdocs/SSP2-Assignment/Application/TyperDis/vendor/symfony/console/Application.php(379): Symfony/Component/Console/Application->doRunCommand()
#30 C:/xamppnew/htdocs/SSP2-Assignment/Application/TyperDis/vendor/symfony/console/Application.php(218): Symfony/Component/Console/Application->doRun()
#31 C:/xamppnew/htdocs/SSP2-Assignment/Application/TyperDis/vendor/laravel/framework/src/Illuminate/Foundation/Console/Kernel.php(198): Symfony/Component/Console/Application->run()
#32 C:/xamppnew/htdocs/SSP2-Assignment/Application/TyperDis/vendor/laravel/framework/src/Illuminate/Foundation/Application.php(1242): Illuminate/Foundation/Console/Kernel->handle()
#33 C:/xamppnew/htdocs/SSP2-Assignment/Application/TyperDis/artisan(16): Illuminate/Foundation/Application->handleCommand()
#34 {main}
"} 
[2026-09-11 10:44:44] local.ERROR: Command "make:api" is not defined.

Did you mean one of these?
    install:api
    make:cache-table
    make:cast
    make:channel
    make:class
    make:command
    make:component
    make:config
    make:controller
    make:enum
    make:event
    make:exception
    make:factory
    make:interface
    make:job
    make:job-middleware
    make:listener
    make:mail
    make:middleware
    make:migration
    make:model
    make:notification
    make:notifications-table
    make:observer
    make:policy
    make:provider
    make:queue-batches-table
    make:queue-failed-table
    make:queue-table
    make:request
    make:resource
    make:rule
    make:scope
    make:seeder
    make:session-table
    make:test
    make:trait
    make:view {"exception":"[object] (Symfony\\Component\\Console\\Exception\\CommandNotFoundException(code: 0): Command \"make:api\" is not defined.

Did you mean one of these?
    install:api
    make:cache-table
    make:cast
    make:channel
    make:class
    make:command
    make:component
    make:config
    make:controller
    make:enum
    make:event
    make:exception
    make:factory
    make:interface
    make:job
    make:job-middleware
    make:listener
    make:mail
    make:middleware
    make:migration
    make:model
    make:notification
    make:notifications-table
    make:observer
    make:policy
    make:provider
    make:queue-batches-table
    make:queue-failed-table
    make:queue-table
    make:request
    make:resource
    make:rule
    make:scope
    make:seeder
    make:session-table
    make:test
    make:trait
    make:view at C:/xamppnew/htdocs/SSP2-Assignment/Application/TyperDis/vendor/symfony/console/Application.php:785)
[stacktrace]
#0 C:/xamppnew/htdocs/SSP2-Assignment/Application/TyperDis/vendor/symfony/console/Application.php(321): Symfony/Component/Console/Application->find()
#1 C:/xamppnew/htdocs/SSP2-Assignment/Application/TyperDis/vendor/symfony/console/Application.php(218): Symfony/Component/Console/Application->doRun()
#2 C:/xamppnew/htdocs/SSP2-Assignment/Application/TyperDis/vendor/laravel/framework/src/Illuminate/Foundation/Console/Kernel.php(198): Symfony/Component/Console/Application->run()
#3 C:/xamppnew/htdocs/SSP2-Assignment/Application/TyperDis/vendor/laravel/framework/src/Illuminate/Foundation/Application.php(1242): Illuminate/Foundation/Console/Kernel->handle()
#4 C:/xamppnew/htdocs/SSP2-Assignment/Application/TyperDis/artisan(16): Illuminate/Foundation/Application->handleCommand()
#5 {main}
"} 
